Datetime,Predicted_Energy
2016-07-30 00:00:00,4406.295316536394
2016-07-30 01:00:00,4437.049635186471
2016-07-30 02:00:00,4529.82305233458
2016-07-30 03:00:00,4561.0424694804115
2016-07-30 04:00:00,4579.459053494945
2016-07-30 05:00:00,4589.915747942502
2016-07-30 06:00:00,4653.139033239609
2016-07-30 07:00:00,4652.329398406227
2016-07-30 08:00:00,4683.24150879546
2016-07-30 09:00:00,4724.098746711527
2016-07-30 10:00:00,4709.253066888054
2016-07-30 11:00:00,4680.140346117065
2016-07-30 12:00:00,4662.069194979743
2016-07-30 13:00:00,4659.783335367046
2016-07-30 14:00:00,4655.628173672633
2016-07-30 15:00:00,4647.070413308162
2016-07-30 16:00:00,4659.785221137419
2016-07-30 17:00:00,4682.634904566919
2016-07-30 18:00:00,4676.34381023454
2016-07-30 19:00:00,4656.574864067553
2016-07-30 20:00:00,4669.489355753947
2016-07-30 21:00:00,4737.478388689343
2016-07-30 22:00:00,4737.594754209815
2016-07-30 23:00:00,4540.25954640654
2016-07-31 00:00:00,4418.749801599906
2016-07-31 01:00:00,4441.894962697632
2016-07-31 02:00:00,4533.406463879287
2016-07-31 03:00:00,4564.625881025118
2016-07-31 04:00:00,4586.910746405581
2016-07-31 05:00:00,4593.727013784359
2016-07-31 06:00:00,4658.784115074228
2016-07-31 07:00:00,4657.559125519733
2016-07-31 08:00:00,4685.764160672123
2016-07-31 09:00:00,4728.028310643882
2016-07-31 10:00:00,4694.445590882959
2016-07-31 11:00:00,4661.969166096541
2016-07-31 12:00:00,4668.021581737961
2016-07-31 13:00:00,4670.475955914431
2016-07-31 14:00:00,4660.12940240654
2016-07-31 15:00:00,4651.569633635649
2016-07-31 16:00:00,4664.999661739138
2016-07-31 17:00:00,4694.661782925751
2016-07-31 18:00:00,4696.232415922288
2016-07-31 19:00:00,4674.145943268812
2016-07-31 20:00:00,4692.542593083457
2016-07-31 21:00:00,4761.462278752578
2016-07-31 22:00:00,4751.138245867864
2016-07-31 23:00:00,4539.299993810517
2016-08-01 00:00:00,4466.967898215395
2016-08-01 01:00:00,4510.743869483817
2016-08-01 02:00:00,4620.97826748062
2016-08-01 03:00:00,4656.596016509863
2016-08-01 04:00:00,4674.248149265563
2016-08-01 05:00:00,4712.187434319299
2016-08-01 06:00:00,4854.852205329163
2016-08-01 07:00:00,4935.243233656585
2016-08-01 08:00:00,4794.260894814517
2016-08-01 09:00:00,4720.251449117399
2016-08-01 10:00:00,4722.7904750871
2016-08-01 11:00:00,4705.225582741593
2016-08-01 12:00:00,4690.922400310044
2016-08-01 13:00:00,4687.96915288373
2016-08-01 14:00:00,4687.342769762398
2016-08-01 15:00:00,4666.144462823533
2016-08-01 16:00:00,4675.450004120004
2016-08-01 17:00:00,4690.521470958401
2016-08-01 18:00:00,4685.4909143827135
2016-08-01 19:00:00,4665.813295143231
2016-08-01 20:00:00,4690.444557194334
2016-08-01 21:00:00,4765.291528290777
2016-08-01 22:00:00,4727.31956408356
2016-08-01 23:00:00,4501.072411833218
2016-08-02 00:00:00,4416.142699362152
2016-08-02 01:00:00,4460.300828755128
2016-08-02 02:00:00,4570.018309411582
2016-08-02 03:00:00,4602.985879759192
2016-08-02 04:00:00,4620.771051010198
2016-08-02 05:00:00,4651.115337315549
2016-08-02 06:00:00,4792.719524896935
2016-08-02 07:00:00,4870.544362650061
2016-08-02 08:00:00,4728.901253457759
2016-08-02 09:00:00,4686.99842455302
2016-08-02 10:00:00,4691.974125996183
2016-08-02 11:00:00,4690.555985989155
2016-08-02 12:00:00,4676.6802143553305
2016-08-02 13:00:00,4671.937515033689
2016-08-02 14:00:00,4674.629036297265
2016-08-02 15:00:00,4653.610088626936
2016-08-02 16:00:00,4662.543198535522
2016-08-02 17:00:00,4678.853443130618
2016-08-02 18:00:00,4677.6576496906455
2016-08-02 19:00:00,4658.382659882178
2016-08-02 20:00:00,4682.591453749261
2016-08-02 21:00:00,4762.18787781242
2016-08-02 22:00:00,4729.420462736243
2016-08-02 23:00:00,4503.1733104859
2016-08-03 00:00:00,4424.072540287303
2016-08-03 01:00:00,4468.042549135873
2016-08-03 02:00:00,4571.32435989173
2016-08-03 03:00:00,4602.430217567715
2016-08-03 04:00:00,4620.2153888187195
2016-08-03 05:00:00,4646.358527338372
2016-08-03 06:00:00,4788.0162823917435
2016-08-03 07:00:00,4865.84112014487
2016-08-03 08:00:00,4723.425913784655
2016-08-03 09:00:00,4681.852990867124
2016-08-03 10:00:00,4686.828692310288
2016-08-03 11:00:00,4684.073982813165
2016-08-03 12:00:00,4670.19821117934
2016-08-03 13:00:00,4665.4555118577
2016-08-03 14:00:00,4668.147033121275
2016-08-03 15:00:00,4647.128085450946
2016-08-03 16:00:00,4656.061195359532
2016-08-03 17:00:00,4672.275944185178
2016-08-03 18:00:00,4672.599415876193
2016-08-03 19:00:00,4653.324426067727
2016-08-03 20:00:00,4678.44793153369
2016-08-03 21:00:00,4758.0443555968495
2016-08-03 22:00:00,4725.276940520673
2016-08-03 23:00:00,4503.401911621451
2016-08-04 00:00:00,4418.787750432326
2016-08-04 01:00:00,4462.5881986481145
2016-08-04 02:00:00,4565.8700094039705
2016-08-04 03:00:00,4596.975867079956
2016-08-04 04:00:00,4614.761038330962
2016-08-04 05:00:00,4640.904176850614
2016-08-04 06:00:00,4782.561931903985
2016-08-04 07:00:00,4860.386769657112
2016-08-04 08:00:00,4717.971563296897
2016-08-04 09:00:00,4676.977716955927
2016-08-04 10:00:00,4681.95341839909
2016-08-04 11:00:00,4679.198708901967
2016-08-04 12:00:00,4665.322937268143
2016-08-04 13:00:00,4660.580237946502
2016-08-04 14:00:00,4663.271759210077
2016-08-04 15:00:00,4642.2320968549675
2016-08-04 16:00:00,4651.165206763553
2016-08-04 17:00:00,4667.379955589199
2016-08-04 18:00:00,4667.197212469935
2016-08-04 19:00:00,4648.002637297912
2016-08-04 20:00:00,4673.144270074461
2016-08-04 21:00:00,4762.274367901669
2016-08-04 22:00:00,4711.275257038447
2016-08-04 23:00:00,4501.540980175542
2016-08-05 00:00:00,4418.5452166358955
2016-08-05 01:00:00,4456.185478350748
2016-08-05 02:00:00,4556.143829799583
2016-08-05 03:00:00,4587.249687475566
2016-08-05 04:00:00,4605.480520634727
2016-08-05 05:00:00,4631.9156702870605
2016-08-05 06:00:00,4772.306489767009
2016-08-05 07:00:00,4845.595060478136
2016-08-05 08:00:00,4707.991623219265
2016-08-05 09:00:00,4675.489987281708
2016-08-05 10:00:00,4679.845725430449
2016-08-05 11:00:00,4687.506699009103
2016-08-05 12:00:00,4671.959697470118
2016-08-05 13:00:00,4667.317263556369
2016-08-05 14:00:00,4671.676536449393
2016-08-05 15:00:00,4650.6368740942835
2016-08-05 16:00:00,4657.447099031729
2016-08-05 17:00:00,4673.848602990112
2016-08-05 18:00:00,4667.913398996263
2016-08-05 19:00:00,4645.896884148076
2016-08-05 20:00:00,4664.494649034267
2016-08-05 21:00:00,4754.634178890778
2016-08-05 22:00:00,4711.409721590842
2016-08-05 23:00:00,4527.05964588734
2016-08-06 00:00:00,4410.024950708334
2016-08-06 01:00:00,4438.1045919549715
2016-08-06 02:00:00,4530.87800910308
2016-08-06 03:00:00,4562.097426248912
2016-08-06 04:00:00,4580.514010263446
2016-08-06 05:00:00,4590.970704711002
2016-08-06 06:00:00,4654.193990008109
2016-08-06 07:00:00,4660.529326645377
2016-08-06 08:00:00,4680.474044307547
2016-08-06 09:00:00,4721.331282223615
2016-08-06 10:00:00,4706.485602400142
2016-08-06 11:00:00,4679.485871487005
2016-08-06 12:00:00,4661.414720349683
2016-08-06 13:00:00,4659.128860736986
2016-08-06 14:00:00,4654.973699042574
2016-08-06 15:00:00,4646.383296442969
2016-08-06 16:00:00,4659.098104272227
2016-08-06 17:00:00,4681.947787701727
2016-08-06 18:00:00,4675.150478559068
2016-08-06 19:00:00,4653.34392670471
2016-08-06 20:00:00,4671.9416915909005
2016-08-06 21:00:00,4762.081221447411
2016-08-06 22:00:00,4713.024814277602
2016-08-06 23:00:00,4534.012725384874
2016-08-07 00:00:00,4422.835998665733
2016-08-07 01:00:00,4443.306482360019
2016-08-07 02:00:00,4534.817983541674
2016-08-07 03:00:00,4566.037400687505
2016-08-07 04:00:00,4588.3222660679685
2016-08-07 05:00:00,4594.837931847763
2016-08-07 06:00:00,4659.895033137632
2016-08-07 07:00:00,4667.847294594627
2016-08-07 08:00:00,4683.170739531206
2016-08-07 09:00:00,4725.434889502966
2016-08-07 10:00:00,4691.852169742043
2016-08-07 11:00:00,4661.488734813476
2016-08-07 12:00:00,4667.5411504548965
2016-08-07 13:00:00,4669.9955246313675
2016-08-07 14:00:00,4659.648971123475
2016-08-07 15:00:00,4651.056560117452
2016-08-07 16:00:00,4664.4865882209415
2016-08-07 17:00:00,4694.148709407555
2016-08-07 18:00:00,4695.213127593811
2016-08-07 19:00:00,4671.089049252963
2016-08-07 20:00:00,4695.168972267406
2016-08-07 21:00:00,4786.23915485764
2016-08-07 22:00:00,4726.7423492826465
2016-08-07 23:00:00,4533.227216135847
2016-08-08 00:00:00,4468.262305963088
2016-08-08 01:00:00,4512.038277231511
2016-08-08 02:00:00,4622.272675228313
2016-08-08 03:00:00,4657.890424257557
2016-08-08 04:00:00,4675.5425570132575
2016-08-08 05:00:00,4713.1812404680095
2016-08-08 06:00:00,4855.846011477874
2016-08-08 07:00:00,4938.2693193461355
2016-08-08 08:00:00,4792.019353707846
2016-08-08 09:00:00,4718.009908010727
2016-08-08 10:00:00,4720.548933980428
2016-08-08 11:00:00,4705.097031492774
2016-08-08 12:00:00,4690.793849061225
2016-08-08 13:00:00,4687.840601634911
2016-08-08 14:00:00,4687.214218513578
2016-08-08 15:00:00,4666.015911574714
2016-08-08 16:00:00,4675.321452871184
2016-08-08 17:00:00,4690.392919709581
2016-08-08 18:00:00,4684.856148323614
2016-08-08 19:00:00,4665.178529084132
2016-08-08 20:00:00,4689.809791135235
2016-08-08 21:00:00,4781.317258902474
2016-08-08 22:00:00,4710.016575948858
2016-08-08 23:00:00,4493.3011206642
2016-08-09 00:00:00,4417.185949734721
2016-08-09 01:00:00,4461.344079127698
2016-08-09 02:00:00,4571.061559784152
2016-08-09 03:00:00,4604.029130131762
2016-08-09 04:00:00,4621.814301382768
2016-08-09 05:00:00,4651.857986089136
2016-08-09 06:00:00,4793.462173670521
2016-08-09 07:00:00,4873.319290964488
2016-08-09 08:00:00,4729.133417631711
2016-08-09 09:00:00,4687.230588726973
2016-08-09 10:00:00,4692.206290170136
2016-08-09 11:00:00,4690.788150163107
2016-08-09 12:00:00,4676.912378529283
2016-08-09 13:00:00,4672.169679207643
2016-08-09 14:00:00,4674.861200471218
2016-08-09 15:00:00,4653.842252800889
2016-08-09 16:00:00,4662.775362709474
2016-08-09 17:00:00,4679.085607304571
2016-08-09 18:00:00,4677.383599054318
2016-08-09 19:00:00,4658.108609245851
2016-08-09 20:00:00,4682.317403112934
2016-08-09 21:00:00,4774.7325964248275
2016-08-09 22:00:00,4713.314784487688
2016-08-09 23:00:00,4496.599329203029
2016-08-10 00:00:00,4430.704066354771
2016-08-10 01:00:00,4474.67407520334
2016-08-10 02:00:00,4577.955885959197
2016-08-10 03:00:00,4609.061743635183
2016-08-10 04:00:00,4626.846914886188
2016-08-10 05:00:00,4652.689451806857
2016-08-10 06:00:00,4794.347206860228
2016-08-10 07:00:00,4874.204324154195
2016-08-10 08:00:00,4718.716965090584
2016-08-10 09:00:00,4677.144042173054
2016-08-10 10:00:00,4682.1197436162165
2016-08-10 11:00:00,4679.365034119094
2016-08-10 12:00:00,4665.48926248527
2016-08-10 13:00:00,4660.746563163629
2016-08-10 14:00:00,4663.438084427205
2016-08-10 15:00:00,4642.419136756876
2016-08-10 16:00:00,4651.352246665461
2016-08-10 17:00:00,4667.566995491106
2016-08-10 18:00:00,4667.384252371843
2016-08-10 19:00:00,4650.588127520787
2016-08-10 20:00:00,4675.71163298675
2016-08-10 21:00:00,4768.126826298644
2016-08-10 22:00:00,4706.709014361504
2016-08-10 23:00:00,4494.365682427967
2016-08-11 00:00:00,4425.623073032457
2016-08-11 01:00:00,4469.423521248245
2016-08-11 02:00:00,4572.705332004103
2016-08-11 03:00:00,4603.811189680087
2016-08-11 04:00:00,4621.596360931093
2016-08-11 05:00:00,4647.438897851762
2016-08-11 06:00:00,4789.096652905133
2016-08-11 07:00:00,4868.953770199099
2016-08-11 08:00:00,4713.46641113549
2016-08-11 09:00:00,4672.472564794519
2016-08-11 10:00:00,4677.448266237681
2016-08-11 11:00:00,4674.693556740559
2016-08-11 12:00:00,4660.817785106735
2016-08-11 13:00:00,4656.075085785094
2016-08-11 14:00:00,4658.766607048669
2016-08-11 15:00:00,4637.72694469356
2016-08-11 16:00:00,4646.6600546021455
2016-08-11 17:00:00,4662.8748034277905
2016-08-11 18:00:00,4662.692060308527
2016-08-11 19:00:00,4645.976350093914
2016-08-11 20:00:00,4671.117982870464
2016-08-11 21:00:00,4757.088208828171
2016-08-11 22:00:00,4693.066150564621
2016-08-11 23:00:00,4498.659573976659
2016-08-12 00:00:00,4424.694058857471
2016-08-12 01:00:00,4462.334320572323
2016-08-12 02:00:00,4562.292672021158
2016-08-12 03:00:00,4593.398529697141
2016-08-12 04:00:00,4611.6293628563035
2016-08-12 05:00:00,4637.7639109096535
2016-08-12 06:00:00,4778.154730389602
2016-08-12 07:00:00,4853.475580641569
2016-08-12 08:00:00,4703.428557331029
2016-08-12 09:00:00,4670.926921393471
2016-08-12 10:00:00,4675.282659542213
2016-08-12 11:00:00,4682.943633120866
2016-08-12 12:00:00,4667.396631581882
2016-08-12 13:00:00,4662.754197668132
2016-08-12 14:00:00,4667.113470561157
2016-08-12 15:00:00,4646.073808206047
2016-08-12 16:00:00,4652.884033143493
2016-08-12 17:00:00,4669.285537101876
2016-08-12 18:00:00,4663.350333108027
2016-08-12 19:00:00,4643.812683217251
2016-08-12 20:00:00,4662.410448103441
2016-08-12 21:00:00,4746.1050106057655
2016-08-12 22:00:00,4699.193041142635
2016-08-12 23:00:00,4530.170665714075
2016-08-13 00:00:00,4414.527414120736
2016-08-13 01:00:00,4442.607055367373
2016-08-13 02:00:00,4535.380472515482
2016-08-13 03:00:00,4566.599889661313
2016-08-13 04:00:00,4585.016473675849
2016-08-13 05:00:00,4595.172566524422
2016-08-13 06:00:00,4658.395851821527
2016-08-13 07:00:00,4668.779107938258
2016-08-13 08:00:00,4668.545974342038
2016-08-13 09:00:00,4714.502310078842
2016-08-13 10:00:00,4699.656630255369
2016-08-13 11:00:00,4672.6568993422325
2016-08-13 12:00:00,4654.5857482049105
2016-08-13 13:00:00,4652.299888592213
2016-08-13 14:00:00,4648.144726897801
2016-08-13 15:00:00,4639.554324298197
2016-08-13 16:00:00,4652.269132127454
2016-08-13 17:00:00,4675.118815556954
2016-08-13 18:00:00,4668.321506414295
2016-08-13 19:00:00,4648.993819517347
2016-08-13 20:00:00,4680.348138015485
2016-08-13 21:00:00,4754.3148103707545
2016-08-13 22:00:00,4685.953288133542
2016-08-13 23:00:00,4535.615504207853
2016-08-14 00:00:00,4427.39436570591
2016-08-14 01:00:00,4447.864849400195
2016-08-14 02:00:00,4539.376350581851
2016-08-14 03:00:00,4570.595767727683
2016-08-14 04:00:00,4592.880633108145
2016-08-14 05:00:00,4599.396298887939
2016-08-14 06:00:00,4664.453400177808
2016-08-14 07:00:00,4674.421301573426
2016-08-14 08:00:00,4671.481092740363
2016-08-14 09:00:00,4718.84434053286
2016-08-14 10:00:00,4685.261620771937
2016-08-14 11:00:00,4654.89818584337
2016-08-14 12:00:00,4660.95060148479
2016-08-14 13:00:00,4663.404975661261
2016-08-14 14:00:00,4653.058422153369
2016-08-14 15:00:00,4644.466011147346
2016-08-14 16:00:00,4657.896039250835
2016-08-14 17:00:00,4687.558160437447
2016-08-14 18:00:00,4688.622578623705
2016-08-14 19:00:00,4666.977365240267
2016-08-14 20:00:00,4703.813841866658
2016-08-14 21:00:00,4778.711166955651
2016-08-14 22:00:00,4699.909246313253
2016-08-14 23:00:00,4535.068418133492
2016-08-15 00:00:00,4473.441822352327
2016-08-15 01:00:00,4517.21779362075
2016-08-15 02:00:00,4627.452191617552
2016-08-15 03:00:00,4663.069940646796
2016-08-15 04:00:00,4680.722073402496
2016-08-15 05:00:00,4718.360756857248
2016-08-15 06:00:00,4861.025527867112
2016-08-15 07:00:00,4953.934112032516
2016-08-15 08:00:00,4775.01912287315
2016-08-15 09:00:00,4706.775579243075
2016-08-15 10:00:00,4709.314605212776
2016-08-15 11:00:00,4693.862702725121
2016-08-15 12:00:00,4679.559520293573
2016-08-15 13:00:00,4676.606272867259
2016-08-15 14:00:00,4675.979889745927
2016-08-15 15:00:00,4654.781582807062
2016-08-15 16:00:00,4664.087124103533
2016-08-15 17:00:00,4679.158590941929
2016-08-15 18:00:00,4673.621819555962
2016-08-15 19:00:00,4656.423065273891
2016-08-15 20:00:00,4709.621945549032
2016-08-15 21:00:00,4766.354240615015
2016-08-15 22:00:00,4668.608062659434
2016-08-15 23:00:00,4480.566912341814
2016-08-16 00:00:00,4421.786247555832
2016-08-16 01:00:00,4465.944376948809
2016-08-16 02:00:00,4575.661857605263
2016-08-16 03:00:00,4608.629427952873
2016-08-16 04:00:00,4626.414599203878
2016-08-16 05:00:00,4656.458283910247
2016-08-16 06:00:00,4798.062471491631
2016-08-16 07:00:00,4888.090928645325
2016-08-16 08:00:00,4716.47051500113
2016-08-16 09:00:00,4680.333588163435
2016-08-16 10:00:00,4685.309289606597
2016-08-16 11:00:00,4683.891149599569
2016-08-16 12:00:00,4670.015377965745
2016-08-16 13:00:00,4665.2726786441035
2016-08-16 14:00:00,4667.964199907679
2016-08-16 15:00:00,4646.94525223735
2016-08-16 16:00:00,4655.878362145936
2016-08-16 17:00:00,4672.188606741032
2016-08-16 18:00:00,4670.48659849078
2016-08-16 19:00:00,4653.690473639724
2016-08-16 20:00:00,4706.466885730844
2016-08-16 21:00:00,4763.847097370936
2016-08-16 22:00:00,4672.965175016049
2016-08-16 23:00:00,4487.112827155774
2016-08-17 00:00:00,4429.662658148836
2016-08-17 01:00:00,4473.632666997405
2016-08-17 02:00:00,4576.914477753263
2016-08-17 03:00:00,4608.020335429248
2016-08-17 04:00:00,4625.805506680253
2016-08-17 05:00:00,4651.6480436009215
2016-08-17 06:00:00,4793.305798654293
2016-08-17 07:00:00,4883.334255807987
2016-08-17 08:00:00,4710.941744995878
2016-08-17 09:00:00,4675.134724145391
2016-08-17 10:00:00,4680.110425588554
2016-08-17 11:00:00,4677.3557160914315
2016-08-17 12:00:00,4663.479944457607
2016-08-17 13:00:00,4658.737245135966
2016-08-17 14:00:00,4661.428766399542
2016-08-17 15:00:00,4640.409818729213
2016-08-17 16:00:00,4649.342928637798
2016-08-17 17:00:00,4665.557677463444
2016-08-17 18:00:00,4665.3749343441805
2016-08-17 19:00:00,4648.578809493124
2016-08-17 20:00:00,4702.269933183125
2016-08-17 21:00:00,4759.6501448232175
2016-08-17 22:00:00,4668.76822246833
2016-08-17 23:00:00,4487.287997959177
2016-08-18 00:00:00,4424.245303828346
2016-08-18 01:00:00,4468.045752044134
2016-08-18 02:00:00,4571.327562799992
2016-08-18 03:00:00,4602.433420475976
2016-08-18 04:00:00,4620.218591726981
2016-08-18 05:00:00,4646.061128647651
2016-08-18 06:00:00,4787.718883701022
2016-08-18 07:00:00,4877.747340854716
2016-08-18 08:00:00,4705.354830042607
2016-08-18 09:00:00,4670.12688576868
2016-08-18 10:00:00,4675.102587211843
2016-08-18 11:00:00,4672.34787771472
2016-08-18 12:00:00,4658.472106080896
2016-08-18 13:00:00,4653.729406759256
2016-08-18 14:00:00,4656.420928022831
2016-08-18 15:00:00,4635.381265667721
2016-08-18 16:00:00,4644.314375576307
2016-08-18 17:00:00,4660.529124401952
2016-08-18 18:00:00,4660.3463812826885
2016-08-18 19:00:00,4643.630671068076
2016-08-18 20:00:00,4700.617008237717
2016-08-18 21:00:00,4757.997219877809
2016-08-18 22:00:00,4659.987984512591
2016-08-18 23:00:00,4488.6279708780685
2016-08-19 00:00:00,4423.308562877471
2016-08-19 01:00:00,4460.948824592323
2016-08-19 02:00:00,4560.907176041158
2016-08-19 03:00:00,4592.01303371714
2016-08-19 04:00:00,4610.2438668763025
2016-08-19 05:00:00,4636.3784149296525
2016-08-19 06:00:00,4776.769234409601
2016-08-19 07:00:00,4873.266677785426
2016-08-19 08:00:00,4691.453772296807
2016-08-19 09:00:00,4664.338978740019
2016-08-19 10:00:00,4668.694716888761
2016-08-19 11:00:00,4679.98076646935
2016-08-19 12:00:00,4664.433764930365
2016-08-19 13:00:00,4659.791331016617
2016-08-19 14:00:00,4664.15060390964
2016-08-19 15:00:00,4643.110941554532
2016-08-19 16:00:00,4649.921166491977
2016-08-19 17:00:00,4666.3226704503595
2016-08-19 18:00:00,4660.387466456511
2016-08-19 19:00:00,4640.849816565735
2016-08-19 20:00:00,4699.063890501083
2016-08-19 21:00:00,4753.1951860472045
2016-08-19 22:00:00,4649.800489979478
2016-08-19 23:00:00,4518.564989144217
2016-08-20 00:00:00,4414.690628065843
2016-08-20 01:00:00,4442.770269312481
2016-08-20 02:00:00,4535.54368646059
2016-08-20 03:00:00,4566.763103606421
2016-08-20 04:00:00,4585.179687620956
2016-08-20 05:00:00,4595.33578046953
2016-08-20 06:00:00,4658.559065766635
2016-08-20 07:00:00,4676.322445494599
2016-08-20 08:00:00,4665.944284361451
2016-08-20 09:00:00,4713.081683348814
2016-08-20 10:00:00,4698.236003525341
2016-08-20 11:00:00,4671.090526299119
2016-08-20 12:00:00,4653.019375161797
2016-08-20 13:00:00,4650.7335155491
2016-08-20 14:00:00,4646.5783538546875
2016-08-20 15:00:00,4637.987951255082
2016-08-20 16:00:00,4650.702759084341
2016-08-20 17:00:00,4673.552442513841
2016-08-20 18:00:00,4666.755133371182
2016-08-20 19:00:00,4647.427446474234
2016-08-20 20:00:00,4705.641520409582
2016-08-20 21:00:00,4759.772815955704
2016-08-20 22:00:00,4650.546170018103
2016-08-20 23:00:00,4524.648655993618
2016-08-21 00:00:00,4429.012719732789
2016-08-21 01:00:00,4449.483203427075
2016-08-21 02:00:00,4540.994704608729
2016-08-21 03:00:00,4572.214121754565
2016-08-21 04:00:00,4594.498987135024
2016-08-21 05:00:00,4601.014652914818
2016-08-21 06:00:00,4666.071754204688
2016-08-21 07:00:00,4683.419779211539
2016-08-21 08:00:00,4670.053749725448
2016-08-21 09:00:00,4718.598060768503
2016-08-21 10:00:00,4685.01534100758
2016-08-21 11:00:00,4654.506159765929
2016-08-21 12:00:00,4660.558575407349
2016-08-21 13:00:00,4663.012949583819
2016-08-21 14:00:00,4652.666396075928
2016-08-21 15:00:00,4644.073985069904
2016-08-21 16:00:00,4657.504013173393
2016-08-21 17:00:00,4687.166134360006
2016-08-21 18:00:00,4689.0569574789615
2016-08-21 19:00:00,4672.731459510557
2016-08-21 20:00:00,4739.69702628791
2016-08-21 21:00:00,4794.758974567756
2016-08-21 22:00:00,4648.505195610996
2016-08-21 23:00:00,4524.568617896874
2016-08-22 00:00:00,4474.4215566371
2016-08-22 01:00:00,4518.197527905523
2016-08-22 02:00:00,4628.431925902325
2016-08-22 03:00:00,4664.049674931568
2016-08-22 04:00:00,4681.701807687269
2016-08-22 05:00:00,4719.216785215905
2016-08-22 06:00:00,4861.881556225769
2016-08-22 07:00:00,4972.482616565551
2016-08-22 08:00:00,4758.734265045659
2016-08-22 09:00:00,4690.111661729311
2016-08-22 10:00:00,4692.6506876990115
2016-08-22 11:00:00,4683.908266552318
2016-08-22 12:00:00,4669.60508412077
2016-08-22 13:00:00,4666.651836694455
2016-08-22 14:00:00,4666.025453573123
2016-08-22 15:00:00,4644.8271466342585
2016-08-22 16:00:00,4654.132687930729
2016-08-22 17:00:00,4669.204154769126
2016-08-22 18:00:00,4666.400051837121
2016-08-22 19:00:00,4652.0841635343695
2016-08-22 20:00:00,4728.102016272067
2016-08-22 21:00:00,4782.4685240697345
2016-08-22 22:00:00,4632.37943602246
2016-08-22 23:00:00,4470.617815010693
2016-08-23 00:00:00,4421.284537131585
2016-08-23 01:00:00,4465.442666524563
2016-08-23 02:00:00,4575.160147181017
2016-08-23 03:00:00,4608.127717528626
2016-08-23 04:00:00,4625.9128887796305
2016-08-23 05:00:00,4655.832867559883
2016-08-23 06:00:00,4797.437055141268
2016-08-23 07:00:00,4905.471924906756
2016-08-23 08:00:00,4708.435202169452
2016-08-23 09:00:00,4671.919215645483
2016-08-23 10:00:00,4676.894917088646
2016-08-23 11:00:00,4682.186258422578
2016-08-23 12:00:00,4668.310486788754
2016-08-23 13:00:00,4663.567787467113
2016-08-23 14:00:00,4666.259308730689
2016-08-23 15:00:00,4645.24036106036
2016-08-23 16:00:00,4654.173470968945
2016-08-23 17:00:00,4670.483715564042
2016-08-23 18:00:00,4671.514375767751
2016-08-23 19:00:00,4657.601116896016
2016-08-23 20:00:00,4730.703464513479
2016-08-23 21:00:00,4787.110423514983
2016-08-23 22:00:00,4645.440527770894
2016-08-23 23:00:00,4483.678906759127
2016-08-24 00:00:00,4431.785572052346
2016-08-24 01:00:00,4475.7555809009145
2016-08-24 02:00:00,4579.037391656771
2016-08-24 03:00:00,4610.143249332756
2016-08-24 04:00:00,4627.928420583761
2016-08-24 05:00:00,4653.647251578313
2016-08-24 06:00:00,4795.305006631685
2016-08-24 07:00:00,4903.339876397173
2016-08-24 08:00:00,4703.111885341061
2016-08-24 09:00:00,4666.925804804299
2016-08-24 10:00:00,4671.901506247463
2016-08-24 11:00:00,4675.856278091301
2016-08-24 12:00:00,4661.980506457477
2016-08-24 13:00:00,4657.237807135835
2016-08-24 14:00:00,4659.929328399411
2016-08-24 15:00:00,4638.910380729082
2016-08-24 16:00:00,4647.843490637668
2016-08-24 17:00:00,4664.058239463313
2016-08-24 18:00:00,4666.608164798012
2016-08-24 19:00:00,4650.93222102273
2016-08-24 20:00:00,4727.690102813682
2016-08-24 21:00:00,4784.097061815187
2016-08-24 22:00:00,4640.907744848821
2016-08-24 23:00:00,4483.518247188175
2016-08-25 00:00:00,4431.766420023565
2016-08-25 01:00:00,4475.46332242771
2016-08-25 02:00:00,4578.745133183567
2016-08-25 03:00:00,4609.850990859552
2016-08-25 04:00:00,4627.636162110557
2016-08-25 05:00:00,4653.354993105109
2016-08-25 06:00:00,4795.0127481584805
2016-08-25 07:00:00,4925.512974035464
2016-08-25 08:00:00,4695.9822086793
2016-08-25 09:00:00,4661.1991857834655
2016-08-25 10:00:00,4666.146805720434
2016-08-25 11:00:00,4670.101577564272
2016-08-25 12:00:00,4656.225805930448
2016-08-25 13:00:00,4651.483106608806
2016-08-25 14:00:00,4654.174627872382
2016-08-25 15:00:00,4633.134965517273
2016-08-25 16:00:00,4642.068075425858
2016-08-25 17:00:00,4658.282824251504
2016-08-25 18:00:00,4660.832749586202
2016-08-25 19:00:00,4645.237220447365
2016-08-25 20:00:00,4723.017587112396
2016-08-25 21:00:00,4779.4245461139
2016-08-25 22:00:00,4631.400307586807
2016-08-25 23:00:00,4482.504815144113
2016-08-26 00:00:00,4429.707612182701
2016-08-26 01:00:00,4467.24432808591
2016-08-26 02:00:00,4567.202679534746
2016-08-26 03:00:00,4598.30853721073
2016-08-26 04:00:00,4616.53937036989
2016-08-26 05:00:00,4642.5502124971235
2016-08-26 06:00:00,4782.941031977072
2016-08-26 07:00:00,4908.904990812054
2016-08-26 08:00:00,4684.814561208962
2016-08-26 09:00:00,4658.5237487165405
2016-08-26 10:00:00,4662.851405359087
2016-08-26 11:00:00,4677.221860278701
2016-08-26 12:00:00,4661.674858739717
2016-08-26 13:00:00,4657.032424825968
2016-08-26 14:00:00,4661.391697718991
2016-08-26 15:00:00,4640.352035363882
2016-08-26 16:00:00,4647.1622603013275
2016-08-26 17:00:00,4663.56376425971
2016-08-26 18:00:00,4659.575645461418
2016-08-26 19:00:00,4632.64974029766
2016-08-26 20:00:00,4701.5790448794105
2016-08-26 21:00:00,4755.710340425532
2016-08-26 22:00:00,4640.989055662452
2016-08-26 23:00:00,4513.496928119655
2016-08-27 00:00:00,4420.2270639029675
2016-08-27 01:00:00,4448.8611432105545
2016-08-27 02:00:00,4541.634560358663
2016-08-27 03:00:00,4572.853977504496
2016-08-27 04:00:00,4591.270561519031
2016-08-27 05:00:00,4601.824978231208
2016-08-27 06:00:00,4665.048263528313
2016-08-27 07:00:00,4697.51923364365
2016-08-27 08:00:00,4660.256500938823
2016-08-27 09:00:00,4708.217880990553
2016-08-27 10:00:00,4693.344119660886
2016-08-27 11:00:00,4668.064175006736
2016-08-27 12:00:00,4649.993023869415
2016-08-27 13:00:00,4647.707164256718
2016-08-27 14:00:00,4643.552002562305
2016-08-27 15:00:00,4634.9615999627
2016-08-27 16:00:00,4647.676407791958
2016-08-27 17:00:00,4670.526091221458
2016-08-27 18:00:00,4665.675867274355
2016-08-27 19:00:00,4638.9599251044265
2016-08-27 20:00:00,4707.889229686177
2016-08-27 21:00:00,4762.0205252322985
2016-08-27 22:00:00,4641.467290599344
2016-08-27 23:00:00,4519.313149867324
2016-08-28 00:00:00,4436.579068095012
2016-08-28 01:00:00,4457.603989850247
2016-08-28 02:00:00,4549.115491031902
2016-08-28 03:00:00,4580.334908177735
2016-08-28 04:00:00,4602.619773558197
2016-08-28 05:00:00,4609.533763201596
2016-08-28 06:00:00,4674.590864491464
2016-08-28 07:00:00,4706.646479885689
2016-08-28 08:00:00,4666.591776610861
2016-08-28 09:00:00,4715.960068718283
2016-08-28 10:00:00,4682.349267451165
2016-08-28 11:00:00,4653.705618781587
2016-08-28 12:00:00,4659.758034423007
2016-08-28 13:00:00,4662.212408599478
2016-08-28 14:00:00,4651.865855091586
2016-08-28 15:00:00,4643.273444085563
2016-08-28 16:00:00,4656.703472189052
2016-08-28 17:00:00,4686.365593375665
2016-08-28 18:00:00,4689.688423888045
2016-08-28 19:00:00,4671.6002410160945
2016-08-28 20:00:00,4744.7778879254865
2016-08-28 21:00:00,4799.839836205331
2016-08-28 22:00:00,4642.5749424596015
2016-08-28 23:00:00,4520.549807922
2016-08-29 00:00:00,4481.273040336657
2016-08-29 01:00:00,4525.782964154755
2016-08-29 02:00:00,4636.017362151558
2016-08-29 03:00:00,4671.635111180801
2016-08-29 04:00:00,4689.287243936501
2016-08-29 05:00:00,4726.802221465137
2016-08-29 06:00:00,4869.466992475001
2016-08-29 07:00:00,5002.53340892628
2016-08-29 08:00:00,4757.039901518715
2016-08-29 09:00:00,4689.241279266732
2016-08-29 10:00:00,4691.752223730238
2016-08-29 11:00:00,4683.009802583544
2016-08-29 12:00:00,4668.706620151996
2016-08-29 13:00:00,4665.753372725681
2016-08-29 14:00:00,4665.12698960435
2016-08-29 15:00:00,4643.928682665484
2016-08-29 16:00:00,4653.234223961956
2016-08-29 17:00:00,4668.305690800352
2016-08-29 18:00:00,4665.898334493679
2016-08-29 19:00:00,4649.819761287382
2016-08-29 20:00:00,4729.582794163181
2016-08-29 21:00:00,4783.949301960847
2016-08-29 22:00:00,4625.909927061175
2016-08-29 23:00:00,4470.03325619673
2016-08-30 00:00:00,4427.90017401992
2016-08-30 01:00:00,4472.792255962572
2016-08-30 02:00:00,4582.509736619027
2016-08-30 03:00:00,4615.477306966636
2016-08-30 04:00:00,4633.262478217641
2016-08-30 05:00:00,4663.1824569978935
2016-08-30 06:00:00,4804.786644579278
2016-08-30 07:00:00,4935.286870456261
2016-08-30 08:00:00,4706.756523749325
2016-08-30 09:00:00,4671.064518289722
2016-08-30 10:00:00,4676.012138226691
2016-08-30 11:00:00,4681.411483569012
2016-08-30 12:00:00,4667.535711935188
2016-08-30 13:00:00,4662.793012613547
2016-08-30 14:00:00,4665.484533877122
2016-08-30 15:00:00,4644.465586206793
2016-08-30 16:00:00,4653.398696115379
2016-08-30 17:00:00,4669.708940710475
2016-08-30 18:00:00,4671.1363475395165
2016-08-30 19:00:00,4655.460403764235
2016-08-30 20:00:00,4732.307931519799
2016-08-30 21:00:00,4788.714890521304
2016-08-30 22:00:00,4636.522157885657
2016-08-30 23:00:00,4483.006291108772
2016-08-31 00:00:00,4438.328035056642
2016-08-31 01:00:00,4483.031996454886
2016-08-31 02:00:00,4586.313807210743
2016-08-31 03:00:00,4617.419664886728
2016-08-31 04:00:00,4635.204836137734
2016-08-31 05:00:00,4660.923667132286
2016-08-31 06:00:00,4802.581422185657
2016-08-31 07:00:00,4933.08164806264
2016-08-31 08:00:00,4703.779204187792
2016-08-31 09:00:00,4668.417104715397
2016-08-31 10:00:00,4673.364724652365
2016-08-31 11:00:00,4677.427500504592
2016-08-31 12:00:00,4663.551728870768
2016-08-31 13:00:00,4658.809029549127
2016-08-31 14:00:00,4661.500550812702
2016-08-31 15:00:00,4640.481603142373
2016-08-31 16:00:00,4649.414713050959
2016-08-31 17:00:00,4665.629461876605
2016-08-31 18:00:00,4668.576133836635
2016-08-31 19:00:00,4652.900190061353
2016-08-31 20:00:00,4730.662429415799
2016-08-31 21:00:00,4787.069388417303
2016-08-31 22:00:00,4634.876655781656
2016-08-31 23:00:00,4485.732912355892
2016-09-01 00:00:00,4432.3398776394615
2016-09-01 01:00:00,4476.874278404926
2016-09-01 02:00:00,4580.370109661301
2016-09-01 03:00:00,4611.475967337285
2016-09-01 04:00:00,4628.951462512209
2016-09-01 05:00:00,4655.842248796661
2016-09-01 06:00:00,4797.500003850032
2016-09-01 07:00:00,4928.000229727015
2016-09-01 08:00:00,4698.697785852166
2016-09-01 09:00:00,4663.914762956331
2016-09-01 10:00:00,4668.8623828933
2016-09-01 11:00:00,4672.9251587455265
2016-09-01 12:00:00,4659.049387111703
2016-09-01 13:00:00,4654.306687790062
2016-09-01 14:00:00,4656.998209053637
2016-09-01 15:00:00,4635.958546698527
2016-09-01 16:00:00,4644.891656607113
2016-09-01 17:00:00,4661.106405432759
2016-09-01 18:00:00,4659.798432073263
2016-09-01 19:00:00,4657.81916493252
2016-09-01 20:00:00,4735.599531597551
2016-09-01 21:00:00,4784.75416485142
2016-09-01 22:00:00,4625.408121088445
2016-09-01 23:00:00,4478.873432733313
2016-09-02 00:00:00,4429.672686291643
2016-09-02 01:00:00,4468.04690055617
2016-09-02 02:00:00,4567.9949127485415
2016-09-02 03:00:00,4599.100770424526
2016-09-02 04:00:00,4617.021927507605
2016-09-02 05:00:00,4644.204724924737
2016-09-02 06:00:00,4784.595544404686
2016-09-02 07:00:00,4911.97902783118
2016-09-02 08:00:00,4688.116919709403
2016-09-02 09:00:00,4661.826107216982
2016-09-02 10:00:00,4666.153763859528
2016-09-02 11:00:00,4680.632222787531
2016-09-02 12:00:00,4665.085221248546
2016-09-02 13:00:00,4660.442787334798
2016-09-02 14:00:00,4664.802060227821
2016-09-02 15:00:00,4643.762397872712
2016-09-02 16:00:00,4650.572622810158
2016-09-02 17:00:00,4666.97412676854
2016-09-02 18:00:00,4659.128109276055
2016-09-02 19:00:00,4645.818466110391
2016-09-02 20:00:00,4714.496447309816
2016-09-02 21:00:00,4761.375417108302
2016-09-02 22:00:00,4636.733148652407
2016-09-02 23:00:00,4511.411820194702
2016-09-03 00:00:00,4421.293631928507
2016-09-03 01:00:00,4449.927711236094
2016-09-03 02:00:00,4542.690789127739
2016-09-03 03:00:00,4573.91020627357
2016-09-03 04:00:00,4592.017114212025
2016-09-03 05:00:00,4603.743486214101
2016-09-03 06:00:00,4666.966771511206
2016-09-03 07:00:00,4700.857266218056
2016-09-03 08:00:00,4663.7611700981115
2016-09-03 09:00:00,4711.7225501498415
2016-09-03 10:00:00,4696.8487888201735
2016-09-03 11:00:00,4671.676848174414
2016-09-03 12:00:00,4653.605697037092
2016-09-03 13:00:00,4651.319837424395
2016-09-03 14:00:00,4647.164675729982
2016-09-03 15:00:00,4638.574273130378
2016-09-03 16:00:00,4651.289080959636
2016-09-03 17:00:00,4674.138764389136
2016-09-03 18:00:00,4665.430641747839
2016-09-03 19:00:00,4652.3309615760045
2016-09-03 20:00:00,4721.105693822315
2016-09-03 21:00:00,4767.9846636208
2016-09-03 22:00:00,4637.510445295031
2016-09-03 23:00:00,4517.527103648103
2016-09-04 00:00:00,4437.712406487756
2016-09-04 01:00:00,4458.737328242991
2016-09-04 02:00:00,4550.238490168183
2016-09-04 03:00:00,4581.457907314015
2016-09-04 04:00:00,4603.433096618397
2016-09-04 05:00:00,4611.5190415516945
2016-09-04 06:00:00,4676.576142841563
2016-09-04 07:00:00,4710.0512828272995
2016-09-04 08:00:00,4670.2481114705115
2016-09-04 09:00:00,4719.616403577934
2016-09-04 10:00:00,4686.005602310815
2016-09-04 11:00:00,4657.469957649627
2016-09-04 12:00:00,4663.522373291047
2016-09-04 13:00:00,4665.976747467517
2016-09-04 14:00:00,4655.630193959626
2016-09-04 15:00:00,4647.037782953602
2016-09-04 16:00:00,4660.467811057091
2016-09-04 17:00:00,4690.129932243704
2016-09-04 18:00:00,4689.198117436559
2016-09-04 19:00:00,4684.726196562702
2016-09-04 20:00:00,4757.749271136654
2016-09-04 21:00:00,4805.558893668864
2016-09-04 22:00:00,4638.373016230318
2016-09-04 23:00:00,4518.518680777809
2016-09-05 00:00:00,4482.7764518005315
2016-09-05 01:00:00,4527.286375618629
2016-09-05 02:00:00,4637.510434358968
2016-09-05 03:00:00,4673.128183388211
2016-09-05 04:00:00,4690.4706400678315
2016-09-05 05:00:00,4728.549131844145
2016-09-05 06:00:00,4871.147639766965
2016-09-05 07:00:00,5006.268826829437
2016-09-05 08:00:00,4761.026851339912
2016-09-05 09:00:00,4693.22822908793
2016-09-05 10:00:00,4695.739173551437
2016-09-05 11:00:00,4687.104756413131
2016-09-05 12:00:00,4672.801573981583
2016-09-05 13:00:00,4669.848326555269
2016-09-05 14:00:00,4669.221943433937
2016-09-05 15:00:00,4648.0236364950715
2016-09-05 16:00:00,4657.329177791542
2016-09-05 17:00:00,4672.400644629939
2016-09-05 18:00:00,4665.73864300374
2016-09-05 19:00:00,4663.276331795538
2016-09-05 20:00:00,4745.926361464637
2016-09-05 21:00:00,4788.744311052109
2016-09-05 22:00:00,4619.383130916556
2016-09-05 23:00:00,4468.121002914999
2016-09-06 00:00:00,4430.87171366141
2016-09-06 01:00:00,4475.313390987524
2016-09-06 02:00:00,4585.020532387515
2016-09-06 03:00:00,4617.988102735125
2016-09-06 04:00:00,4635.463597910049
2016-09-06 05:00:00,4665.94709093798
2016-09-06 06:00:00,4807.48501543232
2016-09-06 07:00:00,4940.040011920497
2016-09-06 08:00:00,4711.509665213561
2016-09-06 09:00:00,4675.817659753959
2016-09-06 10:00:00,4680.765279690927
2016-09-06 11:00:00,4686.210912055737
2016-09-06 12:00:00,4672.11470869035
2016-09-06 13:00:00,4667.372009368709
2016-09-06 14:00:00,4670.063530632285
2016-09-06 15:00:00,4649.044582961956
2016-09-06 16:00:00,4657.977692870541
2016-09-06 17:00:00,4674.287937465638
2016-09-06 18:00:00,4671.460698975154
2016-09-06 19:00:00,4669.401017197966
2016-09-06 20:00:00,4749.135541746831
2016-09-06 21:00:00,4793.993942538142
2016-09-06 22:00:00,4634.342559252869
2016-09-06 23:00:00,4483.080431251311
2016-09-07 00:00:00,4438.7481242544145
2016-09-07 01:00:00,4483.00168103612
2016-09-07 02:00:00,4586.273152535514
2016-09-07 03:00:00,4617.379010211499
2016-09-07 04:00:00,4634.854505386424
2016-09-07 05:00:00,4661.136850628654
2016-09-07 06:00:00,4802.728342594982
2016-09-07 07:00:00,4935.283339083158
2016-09-07 08:00:00,4705.980895208309
2016-09-07 09:00:00,4670.618795735914
2016-09-07 10:00:00,4675.5664156728835
2016-09-07 11:00:00,4679.6754785476
2016-09-07 12:00:00,4665.579275182213
2016-09-07 13:00:00,4660.836575860571
2016-09-07 14:00:00,4663.528097124146
2016-09-07 15:00:00,4642.509149453818
2016-09-07 16:00:00,4651.442259362403
2016-09-07 17:00:00,4667.657008188049
2016-09-07 18:00:00,4666.349034828554
2016-09-07 19:00:00,4664.289353051367
2016-09-07 20:00:00,4744.938589199112
2016-09-07 21:00:00,4789.796989990423
2016-09-07 22:00:00,4630.14560670515
2016-09-07 23:00:00,4483.2556020547145
2016-09-08 00:00:00,4434.450175193395
2016-09-08 01:00:00,4478.534171342322
2016-09-08 02:00:00,4581.805642841715
2016-09-08 03:00:00,4612.911500517699
2016-09-08 04:00:00,4630.386995692624
2016-09-08 05:00:00,4656.6693409348545
2016-09-08 06:00:00,4798.260832901182
2016-09-08 07:00:00,4930.815829389358
2016-09-08 08:00:00,4701.5133855145095
2016-09-08 09:00:00,4665.665336238193
2016-09-08 10:00:00,4670.612956175161
2016-09-08 11:00:00,4674.722019049878
2016-09-08 12:00:00,4660.6258156844915
2016-09-08 13:00:00,4655.88311636285
2016-09-08 14:00:00,4658.574637626425
2016-09-08 15:00:00,4637.534975271316
2016-09-08 16:00:00,4646.468085179901
2016-09-08 17:00:00,4662.682834005547
2016-09-08 18:00:00,4661.374860646052
2016-09-08 19:00:00,4657.456231058944
2016-09-08 20:00:00,4747.571018685688
2016-09-08 21:00:00,4783.405295962847
2016-09-08 22:00:00,4625.349856746969
2016-09-08 23:00:00,4479.572783766138
2016-09-09 00:00:00,4436.196390716368
2016-09-09 01:00:00,4474.1202003643575
2016-09-09 02:00:00,4574.068212556729
2016-09-09 03:00:00,4605.174070232713
2016-09-09 04:00:00,4623.095227315792
2016-09-09 05:00:00,4649.669583690704
2016-09-09 06:00:00,4789.994140083609
2016-09-09 07:00:00,4918.012869529784
2016-09-09 08:00:00,4694.150761408007
2016-09-09 09:00:00,4657.88897064464
2016-09-09 10:00:00,4662.216627287186
2016-09-09 11:00:00,4675.714676480149
2016-09-09 12:00:00,4660.082435078031
2016-09-09 13:00:00,4655.440001164282
2016-09-09 14:00:00,4659.799274057306
2016-09-09 15:00:00,4638.759611702197
2016-09-09 16:00:00,4645.569836639642
2016-09-09 17:00:00,4661.971340598025
2016-09-09 18:00:00,4665.247974601985
2016-09-09 19:00:00,4649.998968989957
2016-09-09 20:00:00,4731.262694533421
2016-09-09 21:00:00,4764.783421477276
2016-09-09 22:00:00,4628.738126352739
2016-09-09 23:00:00,4504.174413269335
2016-09-10 00:00:00,4427.394328401547
2016-09-10 01:00:00,4456.638632147078
2016-09-10 02:00:00,4549.401710038723
2016-09-10 03:00:00,4580.621127184557
2016-09-10 04:00:00,4598.72803512301
2016-09-10 05:00:00,4610.898702594915
2016-09-10 06:00:00,4673.824016957272
2016-09-10 07:00:00,4707.638142283502
2016-09-10 08:00:00,4670.542046163558
2016-09-10 09:00:00,4708.532447944342
2016-09-10 10:00:00,4693.658686614674
2016-09-10 11:00:00,4667.506336233874
2016-09-10 12:00:00,4649.349945233419
2016-09-10 13:00:00,4647.064085620722
2016-09-10 14:00:00,4642.9089239263085
2016-09-10 15:00:00,4634.318521326704
2016-09-10 16:00:00,4647.033329155962
2016-09-10 17:00:00,4669.883012585462
2016-09-10 18:00:00,4672.297541440612
2016-09-10 19:00:00,4657.258498822412
2016-09-10 20:00:00,4738.522224365876
2016-09-10 21:00:00,4772.042951309731
2016-09-10 22:00:00,4630.16570631532
2016-09-10 23:00:00,4510.939980042693
2016-09-11 00:00:00,4442.47509398502
2016-09-11 01:00:00,4464.110240178199
2016-09-11 02:00:00,4555.61140210339
2016-09-11 03:00:00,4586.830819249223
2016-09-11 04:00:00,4608.806008553605
2016-09-11 05:00:00,4617.336248956733
2016-09-11 06:00:00,4682.095379311852
2016-09-11 07:00:00,4715.494149916969
2016-09-11 08:00:00,4675.690978560182
2016-09-11 09:00:00,4715.088292396657
2016-09-11 10:00:00,4681.477491129539
2016-09-11 11:00:00,4652.065699628229
2016-09-11 12:00:00,4659.511358035313
2016-09-11 13:00:00,4661.965732211784
2016-09-11 14:00:00,4651.6191787038915
2016-09-11 15:00:00,4643.026767697868
2016-09-11 16:00:00,4656.456795801358
2016-09-11 17:00:00,4686.118916987971
2016-09-11 18:00:00,4696.309753677271
2016-09-11 19:00:00,4689.8984703570495
2016-09-11 20:00:00,4777.019996880386
2016-09-11 21:00:00,4808.403892582799
2016-09-11 22:00:00,4629.920365008816
2016-09-11 23:00:00,4512.914438180496
2016-09-12 00:00:00,4488.934109063792
2016-09-12 01:00:00,4532.9936282653525
2016-09-12 02:00:00,4643.217687005691
2016-09-12 03:00:00,4678.835436034934
2016-09-12 04:00:00,4696.177892714554
2016-09-12 05:00:00,4734.256384490868
2016-09-12 06:00:00,4876.854892413688
2016-09-12 07:00:00,5011.97607947616
2016-09-12 08:00:00,4766.734103986635
2016-09-12 09:00:00,4684.8411860413
2016-09-12 10:00:00,4687.352130504806
2016-09-12 11:00:00,4678.76400038899
2016-09-12 12:00:00,4664.240386225879
2016-09-12 13:00:00,4661.287138799565
2016-09-12 14:00:00,4660.660755678233
2016-09-12 15:00:00,4639.462448739368
2016-09-12 16:00:00,4648.767990035839
2016-09-12 17:00:00,4663.839456874235
2016-09-12 18:00:00,4669.741570500444
2016-09-12 19:00:00,4666.2259869452055
2016-09-12 20:00:00,4761.907530347076
2016-09-12 21:00:00,4787.305209940461
2016-09-12 22:00:00,4605.955470705127
2016-09-12 23:00:00,4453.197219302542
2016-09-13 00:00:00,4433.141650306103
2016-09-13 01:00:00,4477.583327632217
2016-09-13 02:00:00,4587.2904690322075
2016-09-13 03:00:00,4620.258039379818
2016-09-13 04:00:00,4637.733534554743
2016-09-13 05:00:00,4668.217027582673
2016-09-13 06:00:00,4809.7549520770135
2016-09-13 07:00:00,4942.309948565189
2016-09-13 08:00:00,4713.779601858254
2016-09-13 09:00:00,4668.116618127705
2016-09-13 10:00:00,4673.064238064673
2016-09-13 11:00:00,4678.509870429483
2016-09-13 12:00:00,4664.413667064096
2016-09-13 13:00:00,4659.670967742456
2016-09-13 14:00:00,4662.362489006031
2016-09-13 15:00:00,4641.343541335702
2016-09-13 16:00:00,4650.276651244288
2016-09-13 17:00:00,4666.586895839384
2016-09-13 18:00:00,4674.882308845346
2016-09-13 19:00:00,4671.769354721124
2016-09-13 20:00:00,4764.5353930027595
2016-09-13 21:00:00,4791.973523799983
2016-09-13 22:00:00,4620.540455773289
2016-09-13 23:00:00,4467.782204370705
2016-09-14 00:00:00,4442.805421401122
2016-09-14 01:00:00,4487.058978182828
2016-09-14 02:00:00,4590.330449682221
2016-09-14 03:00:00,4621.436307358206
2016-09-14 04:00:00,4638.911802533131
2016-09-14 05:00:00,4665.194147775362
2016-09-14 06:00:00,4806.785639741689
2016-09-14 07:00:00,4939.340636229866
2016-09-14 08:00:00,4710.038192355017
2016-09-14 09:00:00,4663.530850507472
2016-09-14 10:00:00,4668.47847044444
2016-09-14 11:00:00,4672.587533319157
2016-09-14 12:00:00,4658.49132995377
2016-09-14 13:00:00,4653.748630632129
2016-09-14 14:00:00,4656.440151895704
2016-09-14 15:00:00,4635.421204225376
2016-09-14 16:00:00,4644.3543141339605
2016-09-14 17:00:00,4660.5690629596065
2016-09-14 18:00:00,4670.383741096557
2016-09-14 19:00:00,4667.270786972335
2016-09-14 20:00:00,4760.951536852852
2016-09-14 21:00:00,4783.2304636957715
2016-09-14 22:00:00,4617.661138140242
2016-09-14 23:00:00,4469.275010088779
2016-09-15 00:00:00,4440.992949179483
2016-09-15 01:00:00,4484.725973482003
2016-09-15 02:00:00,4587.997444981396
2016-09-15 03:00:00,4619.1033026573805
2016-09-15 04:00:00,4636.578797832305
2016-09-15 05:00:00,4662.861143074536
2016-09-15 06:00:00,4804.452635040863
2016-09-15 07:00:00,4937.00763152904
2016-09-15 08:00:00,4707.705187654191
2016-09-15 09:00:00,4661.7769223832065
2016-09-15 10:00:00,4667.418497829018
2016-09-15 11:00:00,4671.527560703735
2016-09-15 12:00:00,4657.431357338348
2016-09-15 13:00:00,4652.6886580167065
2016-09-15 14:00:00,4655.3801792802815
2016-09-15 15:00:00,4634.340516925173
2016-09-15 16:00:00,4643.273626833758
2016-09-15 17:00:00,4659.488375659404
2016-09-15 18:00:00,4669.303053796354
2016-09-15 19:00:00,4666.270514308576
2016-09-15 20:00:00,4760.605144541505
2016-09-15 21:00:00,4769.425589178026
2016-09-15 22:00:00,4605.452207691891
2016-09-15 23:00:00,4470.99904686003
2016-09-16 00:00:00,4441.195310410352
2016-09-16 01:00:00,4476.450339684747
2016-09-16 02:00:00,4576.398351877117
2016-09-16 03:00:00,4607.504209553103
2016-09-16 04:00:00,4625.425366636181
2016-09-16 05:00:00,4651.999723011093
2016-09-16 06:00:00,4792.324279403998
2016-09-16 07:00:00,4920.343008850174
2016-09-16 08:00:00,4696.480900728397
2016-09-16 09:00:00,4659.044845860825
2016-09-16 10:00:00,4664.066458012215
2016-09-16 11:00:00,4677.5645072051775
2016-09-16 12:00:00,4661.93226580306
2016-09-16 13:00:00,4657.28983188931
2016-09-16 14:00:00,4661.649104782335
2016-09-16 15:00:00,4640.609442427225
2016-09-16 16:00:00,4647.419667364671
2016-09-16 17:00:00,4663.821171323054
2016-09-16 18:00:00,4667.097805327014
2016-09-16 19:00:00,4652.7348898143155
2016-09-16 20:00:00,4738.218457963964
2016-09-16 21:00:00,4748.23021917523
2016-09-16 22:00:00,4618.048666521857
2016-09-16 23:00:00,4503.131828405516
2016-09-17 00:00:00,4432.232197379461
2016-09-17 01:00:00,4458.807720751396
2016-09-17 02:00:00,4551.570798643041
2016-09-17 03:00:00,4582.790215788874
2016-09-17 04:00:00,4600.897123727328
2016-09-17 05:00:00,4613.067791199234
2016-09-17 06:00:00,4675.993105561591
2016-09-17 07:00:00,4709.80723088782
2016-09-17 08:00:00,4672.7111347678765
2016-09-17 09:00:00,4709.527272444457
2016-09-17 10:00:00,4695.347466623632
2016-09-17 11:00:00,4669.195116242832
2016-09-17 12:00:00,4651.038725242377
2016-09-17 13:00:00,4648.75286562968
2016-09-17 14:00:00,4644.597703935267
2016-09-17 15:00:00,4636.007301335662
2016-09-17 16:00:00,4648.722109164921
2016-09-17 17:00:00,4671.571792594421
2016-09-17 18:00:00,4673.98632144957
2016-09-17 19:00:00,4659.8333689307
2016-09-17 20:00:00,4753.480847175443
2016-09-17 21:00:00,4748.965424427332
2016-09-17 22:00:00,4620.380087426588
2016-09-17 23:00:00,4510.801236121024
2016-09-18 00:00:00,4444.179179566072
2016-09-18 01:00:00,4466.1840637588875
2016-09-18 02:00:00,4557.685225684079
2016-09-18 03:00:00,4588.9046428299125
2016-09-18 04:00:00,4610.879832134296
2016-09-18 05:00:00,4618.243576342185
2016-09-18 06:00:00,4683.002706697305
2016-09-18 07:00:00,4717.29098476152
2016-09-18 08:00:00,4677.487813404733
2016-09-18 09:00:00,4715.710863137005
2016-09-18 10:00:00,4682.79401737873
2016-09-18 11:00:00,4653.38222587742
2016-09-18 12:00:00,4660.827884284504
2016-09-18 13:00:00,4663.282258460974
2016-09-18 14:00:00,4652.935704953083
2016-09-18 15:00:00,4644.343293947059
2016-09-18 16:00:00,4657.773322050548
2016-09-18 17:00:00,4687.435443237161
2016-09-18 18:00:00,4697.626279926461
2016-09-18 19:00:00,4692.10108670557
2016-09-18 20:00:00,4791.606365930185
2016-09-18 21:00:00,4780.868146114858
2016-09-18 22:00:00,4615.676526534542
2016-09-18 23:00:00,4512.9430596898255
2016-09-19 00:00:00,4494.663395874715
2016-09-19 01:00:00,4538.3719432298685
2016-09-19 02:00:00,4648.596001970208
2016-09-19 03:00:00,4684.213750999451
2016-09-19 04:00:00,4701.556207679071
2016-09-19 05:00:00,4738.468203260149
2016-09-19 06:00:00,4881.066711182968
2016-09-19 07:00:00,5017.077405704538
2016-09-19 08:00:00,4771.835430215014
2016-09-19 09:00:00,4688.248048474578
2016-09-19 10:00:00,4691.452948446928
2016-09-19 11:00:00,4682.8648183311125
2016-09-19 12:00:00,4668.341204168001
2016-09-19 13:00:00,4665.387956741687
2016-09-19 14:00:00,4664.761573620355
2016-09-19 15:00:00,4643.56326668149
2016-09-19 16:00:00,4652.86880797796
2016-09-19 17:00:00,4667.9402748163575
2016-09-19 18:00:00,4673.842388442566
2016-09-19 19:00:00,4670.326804887328
2016-09-19 20:00:00,4774.808011426118
2016-09-19 21:00:00,4767.060820899425
2016-09-19 22:00:00,4599.002989657758
2016-09-19 23:00:00,4457.568650404144
2016-09-20 00:00:00,4440.665680461342
2016-09-20 01:00:00,4484.75638594105
2016-09-20 02:00:00,4594.463527341042
2016-09-20 03:00:00,4627.431097688652
2016-09-20 04:00:00,4644.9065928635755
2016-09-20 05:00:00,4674.223589696269
2016-09-20 06:00:00,4815.76151419061
2016-09-20 07:00:00,4949.206018137885
2016-09-20 08:00:00,4720.675671430949
2016-09-20 09:00:00,4669.188152168925
2016-09-20 10:00:00,4674.829727614737
2016-09-20 11:00:00,4680.275359979547
2016-09-20 12:00:00,4666.17915661416
2016-09-20 13:00:00,4661.436457292519
2016-09-20 14:00:00,4664.127978556095
2016-09-20 15:00:00,4643.109030885766
2016-09-20 16:00:00,4652.04214079435
2016-09-20 17:00:00,4668.352385389448
2016-09-20 18:00:00,4680.343251234893
2016-09-20 19:00:00,4677.230297110671
2016-09-20 20:00:00,4778.795998529227
2016-09-20 21:00:00,4773.089259206372
2016-09-20 22:00:00,4614.948099173346
2016-09-20 23:00:00,4473.513759919732
2016-09-21 00:00:00,4448.585926819572
2016-09-21 01:00:00,4492.488511754872
2016-09-21 02:00:00,4595.7599832542655
2016-09-21 03:00:00,4626.865840930251
2016-09-21 04:00:00,4644.341336105175
2016-09-21 05:00:00,4669.45718515217
2016-09-21 06:00:00,4811.048677118496
2016-09-21 07:00:00,4944.493181065771
2016-09-21 08:00:00,4715.190737190923
2016-09-21 09:00:00,4664.033123916106
2016-09-21 10:00:00,4669.674699361918
2016-09-21 11:00:00,4673.783762236634
2016-09-21 12:00:00,4659.687558871247
2016-09-21 13:00:00,4654.944859549607
2016-09-21 14:00:00,4657.636380813182
2016-09-21 15:00:00,4636.617433142853
2016-09-21 16:00:00,4645.550543051439
2016-09-21 17:00:00,4659.223333292032
2016-09-21 18:00:00,4672.733464268467
2016-09-21 19:00:00,4679.786543479979
2016-09-21 20:00:00,4778.655060907654
2016-09-21 21:00:00,4759.152739991537
2016-09-21 22:00:00,4609.845523358185
2016-09-21 23:00:00,4474.536689180888
2016-09-22 00:00:00,4443.368370244894
2016-09-22 01:00:00,4487.101394547414
2016-09-22 02:00:00,4590.372866046808
2016-09-22 03:00:00,4621.478723722793
2016-09-22 04:00:00,4638.9542188977175
2016-09-22 05:00:00,4664.070067944711
2016-09-22 06:00:00,4805.661559911038
2016-09-22 07:00:00,4939.106063858313
2016-09-22 08:00:00,4709.803619983465
2016-09-22 09:00:00,4659.225083285209
2016-09-22 10:00:00,4664.86665873102
2016-09-22 11:00:00,4668.975721605737
2016-09-22 12:00:00,4654.87951824035
2016-09-22 13:00:00,4650.136818918709
2016-09-22 14:00:00,4652.828340182284
2016-09-22 15:00:00,4631.788677827175
2016-09-22 16:00:00,4640.72178773576
2016-09-22 17:00:00,4654.394577976354
2016-09-22 18:00:00,4667.9047089527885
2016-09-22 19:00:00,4675.038202800743
2016-09-22 20:00:00,4773.924847539005
2016-09-22 21:00:00,4754.422526622887
2016-09-22 22:00:00,4606.71125405893
2016-09-22 23:00:00,4474.0114749522645
2016-09-23 00:00:00,4443.570731475765
2016-09-23 01:00:00,4478.825760750158
2016-09-23 02:00:00,4578.77377294253
2016-09-23 03:00:00,4609.879630618514
2016-09-23 04:00:00,4627.800787701593
2016-09-23 05:00:00,4653.208647881268
2016-09-23 06:00:00,4793.533204274173
2016-09-23 07:00:00,4922.441441179448
2016-09-23 08:00:00,4698.57933305767
2016-09-23 09:00:00,4656.493006762827
2016-09-23 10:00:00,4661.514618914217
2016-09-23 11:00:00,4675.01266810718
2016-09-23 12:00:00,4659.380426705062
2016-09-23 13:00:00,4654.7379927913125
2016-09-23 14:00:00,4659.097265684337
2016-09-23 15:00:00,4638.057603329227
2016-09-23 16:00:00,4644.867828266673
2016-09-23 17:00:00,4658.727373640004
2016-09-23 18:00:00,4665.699460483448
2016-09-23 19:00:00,4661.502578306483
2016-09-23 20:00:00,4751.538160961464
2016-09-23 21:00:00,4733.227156620091
2016-09-23 22:00:00,4619.307712888896
2016-09-23 23:00:00,4506.144256497751
2016-09-24 00:00:00,4434.521496281657
2016-09-24 01:00:00,4461.097019653592
2016-09-24 02:00:00,4553.860097545237
2016-09-24 03:00:00,4585.079514691071
2016-09-24 04:00:00,4603.186422629524
2016-09-24 05:00:00,4614.1905939061935
2016-09-24 06:00:00,4677.115908268549
2016-09-24 07:00:00,4711.819541053877
2016-09-24 08:00:00,4674.723444933934
2016-09-24 09:00:00,4706.889311183242
2016-09-24 10:00:00,4692.709505362418
2016-09-24 11:00:00,4666.557154981619
2016-09-24 12:00:00,4648.4007639811625
2016-09-24 13:00:00,4646.114904368465
2016-09-24 14:00:00,4641.959742674053
2016-09-24 15:00:00,4633.369340074449
2016-09-24 16:00:00,4646.084147903706
2016-09-24 17:00:00,4666.391872748155
2016-09-24 18:00:00,4672.501854442788
2016-09-24 19:00:00,4667.846812633748
2016-09-24 20:00:00,4763.749643622924
2016-09-24 21:00:00,4731.702876760848
2016-09-24 22:00:00,4622.626070363241
2016-09-24 23:00:00,4514.800600782872
2016-09-25 00:00:00,4446.243153761694
2016-09-25 01:00:00,4468.24803795451
2016-09-25 02:00:00,4559.749199879701
2016-09-25 03:00:00,4590.968617025535
2016-09-25 04:00:00,4612.943806329918
2016-09-25 05:00:00,4620.307550537807
2016-09-25 06:00:00,4685.066680892927
2016-09-25 07:00:00,4719.354958957142
2016-09-25 08:00:00,4679.551787600355
2016-09-25 09:00:00,4713.124565905355
2016-09-25 10:00:00,4680.20772014708
2016-09-25 11:00:00,4650.79592864577
2016-09-25 12:00:00,4658.241587052854
2016-09-25 13:00:00,4660.695961229325
2016-09-25 14:00:00,4650.349407721433
2016-09-25 15:00:00,4641.7569967154095
2016-09-25 16:00:00,4655.187024818899
2016-09-25 17:00:00,4682.30718742046
2016-09-25 18:00:00,4696.193476949244
2016-09-25 19:00:00,4700.166194438183
2016-09-25 20:00:00,4801.926826407232
2016-09-25 21:00:00,4763.657262477938
2016-09-25 22:00:00,4617.974173500759
2016-09-25 23:00:00,4516.994088381238
2016-09-26 00:00:00,4497.6247974724065
2016-09-26 01:00:00,4541.333344827561
2016-09-26 02:00:00,4651.557403567899
2016-09-26 03:00:00,4687.175152597143
2016-09-26 04:00:00,4704.517609276763
2016-09-26 05:00:00,4741.42960485784
2016-09-26 06:00:00,4884.028112780659
2016-09-26 07:00:00,5020.0388073022295
2016-09-26 08:00:00,4779.337295326753
2016-09-26 09:00:00,4686.81776361764
2016-09-26 10:00:00,4690.022663589989
2016-09-26 11:00:00,4681.434533474174
2016-09-26 12:00:00,4666.910919311063
2016-09-26 13:00:00,4663.957671884748
2016-09-26 14:00:00,4663.3312887634165
2016-09-26 15:00:00,4642.132981824551
2016-09-26 16:00:00,4651.438523121022
2016-09-26 17:00:00,4663.968031374367
2016-09-26 18:00:00,4673.565597840059
2016-09-26 19:00:00,4679.547924994651
2016-09-26 20:00:00,4784.765291945167
2016-09-26 21:00:00,4743.81784588622
2016-09-26 22:00:00,4594.360724270249
2016-09-26 23:00:00,4454.679766741831
2016-09-27 00:00:00,4440.360579063043
2016-09-27 01:00:00,4484.451284542751
2016-09-27 02:00:00,4594.158425942743
2016-09-27 03:00:00,4627.125996290351
2016-09-27 04:00:00,4644.601491465276
2016-09-27 05:00:00,4673.91848829797
2016-09-27 06:00:00,4815.45641279231
2016-09-27 07:00:00,4948.900916739585
2016-09-27 08:00:00,4724.911033546697
2016-09-27 09:00:00,4669.141635743266
2016-09-27 10:00:00,4674.783211189078
2016-09-27 11:00:00,4680.2288435538885
2016-09-27 12:00:00,4666.132640188502
2016-09-27 13:00:00,4661.38994086686
2016-09-27 14:00:00,4664.081462130436
2016-09-27 15:00:00,4643.062514460107
2016-09-27 16:00:00,4651.995624368693
2016-09-27 17:00:00,4665.763910378737
2016-09-27 18:00:00,4677.754776224183
2016-09-27 19:00:00,4684.139732809791
2016-09-27 20:00:00,4787.960786972781
2016-09-27 21:00:00,4749.292556269976
2016-09-27 22:00:00,4611.70861126109
2016-09-27 23:00:00,4472.027653732672
2016-09-28 00:00:00,4448.236989656047
2016-09-28 01:00:00,4492.139574591347
2016-09-28 02:00:00,4595.411046090741
2016-09-28 03:00:00,4626.516903766726
2016-09-28 04:00:00,4643.99239894165
2016-09-28 05:00:00,4669.1082479886445
2016-09-28 06:00:00,4810.699739954971
2016-09-28 07:00:00,4944.144243902247
2016-09-28 08:00:00,4719.382263541445
2016-09-28 09:00:00,4663.942771725223
2016-09-28 10:00:00,4669.584347171034
2016-09-28 11:00:00,4673.693410045751
2016-09-28 12:00:00,4659.597206680364
2016-09-28 13:00:00,4654.854507358723
2016-09-28 14:00:00,4657.546028622299
2016-09-28 15:00:00,4636.52708095197
2016-09-28 16:00:00,4645.460190860555
2016-09-28 17:00:00,4659.132981101149
2016-09-28 18:00:00,4672.643112077583
2016-09-28 19:00:00,4679.028068663191
2016-09-28 20:00:00,4783.763834425062
2016-09-28 21:00:00,4745.095603722257
2016-09-28 22:00:00,4607.511658713371
2016-09-28 23:00:00,4472.202824536074
2016-09-29 00:00:00,4444.584771668717
2016-09-29 01:00:00,4488.317795971237
2016-09-29 02:00:00,4591.58926747063
2016-09-29 03:00:00,4622.695125146614
2016-09-29 04:00:00,4640.170620321539
2016-09-29 05:00:00,4663.643430092972
2016-09-29 06:00:00,4805.234922059299
2016-09-29 07:00:00,4941.936346379094
2016-09-29 08:00:00,4717.174366018293
2016-09-29 09:00:00,4660.526625543901
2016-09-29 10:00:00,4666.168200989713
2016-09-29 11:00:00,4670.277263864429
2016-09-29 12:00:00,4656.181060499042
2016-09-29 13:00:00,4651.438361177401
2016-09-29 14:00:00,4654.129882440977
2016-09-29 15:00:00,4633.090220085867
2016-09-29 16:00:00,4642.023329994452
2016-09-29 17:00:00,4655.696120235047
2016-09-29 18:00:00,4669.206251211481
2016-09-29 19:00:00,4675.671622433533
2016-09-29 20:00:00,4780.425515505989
2016-09-29 21:00:00,4729.206309518361
2016-09-29 22:00:00,4606.518778282664
2016-09-29 23:00:00,4476.699725736695
2016-09-30 00:00:00,4445.116293886552
2016-09-30 01:00:00,4480.371323160946
2016-09-30 02:00:00,4580.319335353318
2016-09-30 03:00:00,4611.425193029303
2016-09-30 04:00:00,4629.346350112381
2016-09-30 05:00:00,4653.111171016494
2016-09-30 06:00:00,4793.4357274094
2016-09-30 07:00:00,4925.600884687194
2016-09-30 08:00:00,4706.279240079463
2016-09-30 09:00:00,4658.123710008485
2016-09-30 10:00:00,4663.145322159875
2016-09-30 11:00:00,4676.643371352839
2016-09-30 12:00:00,4661.011129950721
2016-09-30 13:00:00,4656.368696036971
2016-09-30 14:00:00,4660.727968929995
2016-09-30 15:00:00,4639.688306574886
2016-09-30 16:00:00,4646.498531512331
2016-09-30 17:00:00,4660.358076885663
2016-09-30 18:00:00,4667.330163729106
2016-09-30 19:00:00,4662.465158926238
2016-09-30 20:00:00,4758.367989915414
2016-09-30 21:00:00,4708.34010050253
2016-09-30 22:00:00,4619.444398099597
2016-09-30 23:00:00,4509.1616682691465
2016-10-01 00:00:00,4443.9180737038405
2016-10-01 01:00:00,4468.834709795336
2016-10-01 02:00:00,4561.597787686981
2016-10-01 03:00:00,4592.817204832816
2016-10-01 04:00:00,4610.92411277127
2016-10-01 05:00:00,4622.279187578751
2016-10-01 06:00:00,4685.204501941105
2016-10-01 07:00:00,4721.3361298003565
2016-10-01 08:00:00,4688.78049719446
2016-10-01 09:00:00,4702.187592852114
2016-10-01 10:00:00,4688.00778703129
2016-10-01 11:00:00,4661.85543665049
2016-10-01 12:00:00,4643.699045650035
2016-10-01 13:00:00,4641.413186037338
2016-10-01 14:00:00,4637.258024342925
2016-10-01 15:00:00,4628.6676217433205
2016-10-01 16:00:00,4641.382429572578
2016-10-01 17:00:00,4672.064676705109
2016-10-01 18:00:00,4683.462558361468
2016-10-01 19:00:00,4678.807516552429
2016-10-01 20:00:00,4771.499498288536
2016-10-01 21:00:00,4704.172893894121
2016-10-01 22:00:00,4620.281143377439
2016-10-01 23:00:00,4518.316715965136
2016-10-02 00:00:00,4454.832936931752
2016-10-02 01:00:00,4476.410625189135
2016-10-02 02:00:00,4567.911787114326
2016-10-02 03:00:00,4599.13120426016
2016-10-02 04:00:00,4621.1063935645425
2016-10-02 05:00:00,4628.821041303245
2016-10-02 06:00:00,4693.580171658363
2016-10-02 07:00:00,4724.822559723972
2016-10-02 08:00:00,4699.104647200648
2016-10-02 09:00:00,4708.188155511642
2016-10-02 10:00:00,4675.271309753368
2016-10-02 11:00:00,4645.859518252058
2016-10-02 12:00:00,4653.305176659142
2016-10-02 13:00:00,4655.759550835613
2016-10-02 14:00:00,4645.41299732772
2016-10-02 15:00:00,4636.820586321697
2016-10-02 16:00:00,4650.2506144251865
2016-10-02 17:00:00,4687.74529931483
2016-10-02 18:00:00,4705.849750395555
2016-10-02 19:00:00,4709.8224678844945
2016-10-02 20:00:00,4808.372250600475
2016-10-02 21:00:00,4734.822849138843
2016-10-02 22:00:00,4614.324816042589
2016-10-02 23:00:00,4519.205773091133
2016-10-03 00:00:00,4507.574167077943
2016-10-03 01:00:00,4549.623827152656
2016-10-03 02:00:00,4659.847885892995
2016-10-03 03:00:00,4695.465634922239
2016-10-03 04:00:00,4712.808091601858
2016-10-03 05:00:00,4748.077047907374
2016-10-03 06:00:00,4890.675555830194
2016-10-03 07:00:00,5024.046543218605
2016-10-03 08:00:00,4794.856470737918
2016-10-03 09:00:00,4679.8299238333275
2016-10-03 10:00:00,4683.034823805678
2016-10-03 11:00:00,4674.446693689862
2016-10-03 12:00:00,4659.92307952675
2016-10-03 13:00:00,4656.969832100436
2016-10-03 14:00:00,4656.343448979104
2016-10-03 15:00:00,4635.145142040239
2016-10-03 16:00:00,4644.45068333671
2016-10-03 17:00:00,4668.880355060545
2016-10-03 18:00:00,4683.765821487963
2016-10-03 19:00:00,4689.748148642556
2016-10-03 20:00:00,4791.7546663400035
2016-10-03 21:00:00,4720.957530014702
2016-10-03 22:00:00,4593.5539665194765
2016-10-03 23:00:00,4459.734051159124
2016-10-04 00:00:00,4449.228226618876
2016-10-04 01:00:00,4491.660044818144
2016-10-04 02:00:00,4601.367186218136
2016-10-04 03:00:00,4634.334756565744
2016-10-04 04:00:00,4651.810251740669
2016-10-04 05:00:00,4679.484209297801
2016-10-04 06:00:00,4821.022133792141
2016-10-04 07:00:00,4951.826930606257
2016-10-04 08:00:00,4739.348486908159
2016-10-04 09:00:00,4663.335662985257
2016-10-04 10:00:00,4668.977238431068
2016-10-04 11:00:00,4674.422870795879
2016-10-04 12:00:00,4660.326667430492
2016-10-04 13:00:00,4655.583968108851
2016-10-04 14:00:00,4658.275489372426
2016-10-04 15:00:00,4637.256541702098
2016-10-04 16:00:00,4646.189651610683
2016-10-04 17:00:00,4670.33245990881
2016-10-04 18:00:00,4687.611225715981
2016-10-04 19:00:00,4693.996182301589
2016-10-04 20:00:00,4794.606387211511
2016-10-04 21:00:00,4726.088466242351
2016-10-04 22:00:00,4612.640892693387
2016-10-04 23:00:00,4478.8209773330345
2016-10-05 00:00:00,4456.854292266962
2016-10-05 01:00:00,4499.097989921822
2016-10-05 02:00:00,4602.369461421216
2016-10-05 03:00:00,4633.475319097201
2016-10-05 04:00:00,4650.950814272124
2016-10-05 05:00:00,4674.4236240435575
2016-10-05 06:00:00,4816.015116009885
2016-10-05 07:00:00,4946.819912823999
2016-10-05 08:00:00,4733.5693719579895
2016-10-05 09:00:00,4657.886454022295
2016-10-05 10:00:00,4663.528029468107
2016-10-05 11:00:00,4667.637092342823
2016-10-05 12:00:00,4653.540888977436
2016-10-05 13:00:00,4648.798189655795
2016-10-05 14:00:00,4651.48971091937
2016-10-05 15:00:00,4630.470763249042
2016-10-05 16:00:00,4639.403873157627
2016-10-05 17:00:00,4663.451185686303
2016-10-05 18:00:00,4682.249216624464
2016-10-05 19:00:00,4688.634173210072
2016-10-05 20:00:00,4790.159089718874
2016-10-05 21:00:00,4721.641168749715
2016-10-05 22:00:00,4608.193595200751
2016-10-05 23:00:00,4478.745803191519
2016-10-06 00:00:00,4452.11237015153
2016-10-06 01:00:00,4494.18650717361
2016-10-06 02:00:00,4597.457978673005
2016-10-06 03:00:00,4628.563836348989
2016-10-06 04:00:00,4646.039331523913
2016-10-06 05:00:00,4669.512141295346
2016-10-06 06:00:00,4811.103633261672
2016-10-06 07:00:00,4941.908430075788
2016-10-06 08:00:00,4728.657889209777
2016-10-06 09:00:00,4653.554047850643
2016-10-06 10:00:00,4659.195623296455
2016-10-06 11:00:00,4663.304686171171
2016-10-06 12:00:00,4649.208482805784
2016-10-06 13:00:00,4644.465783484143
2016-10-06 14:00:00,4647.157304747718
2016-10-06 15:00:00,4626.117642392609
2016-10-06 16:00:00,4635.050752301194
2016-10-06 17:00:00,4659.09806482987
2016-10-06 18:00:00,4677.896095768031
2016-10-06 19:00:00,4684.361466990083
2016-10-06 20:00:00,4785.904510809471
2016-10-06 21:00:00,4717.386589840311
2016-10-06 22:00:00,4605.534960360741
2016-10-06 23:00:00,4478.696223422141
2016-10-07 00:00:00,4452.693329630305
2016-10-07 01:00:00,4486.289471624259
2016-10-07 02:00:00,4586.237483816631
2016-10-07 03:00:00,4617.343341492615
2016-10-07 04:00:00,4635.264498575692
2016-10-07 05:00:00,4659.029319479807
2016-10-07 06:00:00,4799.353875872712
2016-10-07 07:00:00,4921.500863047281
2016-10-07 08:00:00,4721.780469286662
2016-10-07 09:00:00,4651.067031715338
2016-10-07 10:00:00,4656.0886438667285
2016-10-07 11:00:00,4669.586693059691
2016-10-07 12:00:00,4653.954451657573
2016-10-07 13:00:00,4649.312017743824
2016-10-07 14:00:00,4653.671290636848
2016-10-07 15:00:00,4632.631628281739
2016-10-07 16:00:00,4639.441853219184
2016-10-07 17:00:00,4663.675920880598
2016-10-07 18:00:00,4675.935907685767
2016-10-07 19:00:00,4675.076190683992
2016-10-07 20:00:00,4762.432273218222
2016-10-07 21:00:00,4695.105668823807
2016-10-07 22:00:00,4619.119185023039
2016-10-07 23:00:00,4511.816770799958
2016-10-08 00:00:00,4445.091092744891
2016-10-08 01:00:00,4470.0077288363855
2016-10-08 02:00:00,4562.770806728031
2016-10-08 03:00:00,4593.990223873866
2016-10-08 04:00:00,4612.097131812319
2016-10-08 05:00:00,4623.4522066198
2016-10-08 06:00:00,4686.377520982154
2016-10-08 07:00:00,4713.561475993205
2016-10-08 08:00:00,4700.284013042923
2016-10-08 09:00:00,4702.06968112373
2016-10-08 10:00:00,4687.889875302906
2016-10-08 11:00:00,4661.737524922107
2016-10-08 12:00:00,4643.581133921652
2016-10-08 13:00:00,4641.2952743089545
2016-10-08 14:00:00,4637.140112614541
2016-10-08 15:00:00,4628.549710014937
2016-10-08 16:00:00,4641.264517844194
2016-10-08 17:00:00,4671.946764976726
2016-10-08 18:00:00,4683.344646633084
2016-10-08 19:00:00,4689.498334577294
2016-10-08 20:00:00,4767.61630861107
2016-10-08 21:00:00,4700.289704216654
2016-10-08 22:00:00,4623.831827537473
2016-10-08 23:00:00,4519.786673103643
2016-10-09 00:00:00,4455.67664405314
2016-10-09 01:00:00,4477.254332310523
2016-10-09 02:00:00,4568.755494235715
2016-10-09 03:00:00,4599.974911381548
2016-10-09 04:00:00,4621.95010068593
2016-10-09 05:00:00,4629.664748424632
2016-10-09 06:00:00,4694.423878779751
2016-10-09 07:00:00,4721.1924790696885
2016-10-09 08:00:00,4705.207940882564
2016-10-09 09:00:00,4708.444313638599
2016-10-09 10:00:00,4675.527467880324
2016-10-09 11:00:00,4646.115676379013
2016-10-09 12:00:00,4653.561334786098
2016-10-09 13:00:00,4656.015708962568
2016-10-09 14:00:00,4645.669155454676
2016-10-09 15:00:00,4637.076744448653
2016-10-09 16:00:00,4650.506772552142
2016-10-09 17:00:00,4688.0014574417855
2016-10-09 18:00:00,4706.1059085225115
2016-10-09 19:00:00,4720.8873557647
2016-10-09 20:00:00,4804.863130778347
2016-10-09 21:00:00,4731.313729316716
2016-10-09 22:00:00,4618.249570057962
2016-10-09 23:00:00,4521.04980008498
2016-10-10 00:00:00,4507.938279000064
2016-10-10 01:00:00,4549.987939074777
2016-10-10 02:00:00,4660.211997815115
2016-10-10 03:00:00,4695.829746844359
2016-10-10 04:00:00,4713.172203523978
2016-10-10 05:00:00,4748.441159829495
2016-10-10 06:00:00,4891.039667752314
2016-10-10 07:00:00,5018.759621880276
2016-10-10 08:00:00,4800.776895826162
2016-10-10 09:00:00,4680.0866249938845
2016-10-10 10:00:00,4683.291524966234
2016-10-10 11:00:00,4674.703394850418
2016-10-10 12:00:00,4660.179780687307
2016-10-10 13:00:00,4657.226533260992
2016-10-10 14:00:00,4656.60015013966
2016-10-10 15:00:00,4635.401843200796
2016-10-10 16:00:00,4644.7073844972665
2016-10-10 17:00:00,4669.137056221101
2016-10-10 18:00:00,4684.02252264852
2016-10-10 19:00:00,4703.15819274267
2016-10-10 20:00:00,4783.125706053467
2016-10-10 21:00:00,4712.328569728166
2016-10-10 22:00:00,4600.446656564047
2016-10-10 23:00:00,4464.546014182168
2016-10-11 00:00:00,4449.331013898408
2016-10-11 01:00:00,4491.762832097676
2016-10-11 02:00:00,4601.4699734976675
2016-10-11 03:00:00,4634.437543845275
2016-10-11 04:00:00,4651.9130390202
2016-10-11 05:00:00,4679.586996577332
2016-10-11 06:00:00,4821.124921071672
2016-10-11 07:00:00,4946.278684625339
2016-10-11 08:00:00,4745.007587353814
2016-10-11 09:00:00,4663.331039503224
2016-10-11 10:00:00,4668.972614949035
2016-10-11 11:00:00,4674.418247313846
2016-10-11 12:00:00,4660.322043948459
2016-10-11 13:00:00,4655.579344626818
2016-10-11 14:00:00,4658.270865890394
2016-10-11 15:00:00,4637.251918220065
2016-10-11 16:00:00,4646.18502812865
2016-10-11 17:00:00,4670.58563034327
2016-10-11 18:00:00,4687.864396150442
2016-10-11 19:00:00,4707.911893984977
2016-10-11 20:00:00,4786.4830945082485
2016-10-11 21:00:00,4717.965173539089
2016-10-11 22:00:00,4620.039250321231
2016-10-11 23:00:00,4484.138607939352
2016-10-12 00:00:00,4457.207424491412
2016-10-12 01:00:00,4499.451122146273
2016-10-12 02:00:00,4602.722593645666
2016-10-12 03:00:00,4633.8284513216495
2016-10-12 04:00:00,4651.303946496574
2016-10-12 05:00:00,4674.776756268007
2016-10-12 06:00:00,4816.368248234334
2016-10-12 07:00:00,4941.522011788001
2016-10-12 08:00:00,4739.478817348563
2016-10-12 09:00:00,4658.132175485181
2016-10-12 10:00:00,4663.773750930992
2016-10-12 11:00:00,4667.882813805709
2016-10-12 12:00:00,4653.786610440322
2016-10-12 13:00:00,4649.043911118681
2016-10-12 14:00:00,4651.735432382256
2016-10-12 15:00:00,4630.7164847119275
2016-10-12 16:00:00,4639.649594620512
2016-10-12 17:00:00,4663.954701065682
2016-10-12 18:00:00,4682.7527320038425
2016-10-12 19:00:00,4702.800229838377
2016-10-12 20:00:00,4782.28614196053
2016-10-12 21:00:00,4713.76822099137
2016-10-12 22:00:00,4615.842297773512
2016-10-12 23:00:00,4484.313778742755
2016-10-13 00:00:00,4454.071998774561
2016-10-13 01:00:00,4496.146135796641
2016-10-13 02:00:00,4599.4176072960345
2016-10-13 03:00:00,4630.523464972019
2016-10-13 04:00:00,4647.998960146942
2016-10-13 05:00:00,4669.596548648023
2016-10-13 06:00:00,4811.18804061435
2016-10-13 07:00:00,4936.341804168016
2016-10-13 08:00:00,4734.298609728578
2016-10-13 09:00:00,4653.5310444417555
2016-10-13 10:00:00,4659.172619887568
2016-10-13 11:00:00,4663.281682762284
2016-10-13 12:00:00,4649.185479396897
2016-10-13 13:00:00,4644.442780075256
2016-10-13 14:00:00,4647.134301338831
2016-10-13 15:00:00,4626.094638983722
2016-10-13 16:00:00,4635.0277488923075
2016-10-13 17:00:00,4659.332855337477
2016-10-13 18:00:00,4678.130886275638
2016-10-13 19:00:00,4702.2966702804415
2016-10-13 20:00:00,4776.8814754201485
2016-10-13 21:00:00,4711.516161050091
2016-10-13 22:00:00,4615.186181901626
2016-10-13 23:00:00,4486.2667179415
2016-10-14 00:00:00,4457.025898682663
2016-10-14 01:00:00,4490.622040676617
2016-10-14 02:00:00,4590.570052868989
2016-10-14 03:00:00,4621.675910544973
2016-10-14 04:00:00,4639.59706762805
2016-10-14 05:00:00,4660.900107115754
2016-10-14 06:00:00,4801.224663508659
2016-10-14 07:00:00,4921.8421600203255
2016-10-14 08:00:00,4725.239301333959
2016-10-14 09:00:00,4652.963946450549
2016-10-14 10:00:00,4657.985558601939
2016-10-14 11:00:00,4671.483607794902
2016-10-14 12:00:00,4655.851366392784
2016-10-14 13:00:00,4651.208932479035
2016-10-14 14:00:00,4655.568205372059
2016-10-14 15:00:00,4634.52854301695
2016-10-14 16:00:00,4641.338767954396
2016-10-14 17:00:00,4665.830629532302
2016-10-14 18:00:00,4678.090616337472
2016-10-14 19:00:00,4690.926024317356
2016-10-14 20:00:00,4751.871241834867
2016-10-14 21:00:00,4690.775663327777
2016-10-14 22:00:00,4631.358900391646
2016-10-14 23:00:00,4520.957777401453
2016-10-15 00:00:00,4450.155482852826
2016-10-15 01:00:00,4475.07211894432
2016-10-15 02:00:00,4567.835196835966
2016-10-15 03:00:00,4599.0546139818
2016-10-15 04:00:00,4617.161521920254
2016-10-15 05:00:00,4626.054815311324
2016-10-15 06:00:00,4688.980129673679
2016-10-15 07:00:00,4716.1640846847295
2016-10-15 08:00:00,4702.8866217344475
2016-10-15 09:00:00,4704.672289815255
2016-10-15 10:00:00,4690.492483994431
2016-10-15 11:00:00,4664.340133613631
2016-10-15 12:00:00,4646.183742613176
2016-10-15 13:00:00,4643.897883000479
2016-10-15 14:00:00,4639.7427213060655
2016-10-15 15:00:00,4631.152318706461
2016-10-15 16:00:00,4643.867126535719
2016-10-15 17:00:00,4674.807167584743
2016-10-15 18:00:00,4686.205049241102
2016-10-15 19:00:00,4699.871611001849
2016-10-15 20:00:00,4760.81682851936
2016-10-15 21:00:00,4699.72125001227
2016-10-15 22:00:00,4634.472537206264
2016-10-15 23:00:00,4529.409401026849
2016-10-16 00:00:00,4461.179518164065
2016-10-16 01:00:00,4482.757206421448
2016-10-16 02:00:00,4574.258368346641
2016-10-16 03:00:00,4605.477785492474
2016-10-16 04:00:00,4627.452974796855
2016-10-16 05:00:00,4632.7058411191465
2016-10-16 06:00:00,4697.464971474265
2016-10-16 07:00:00,4724.233571764204
2016-10-16 08:00:00,4708.249033577078
2016-10-16 09:00:00,4710.1068387309515
2016-10-16 10:00:00,4677.189992972677
2016-10-16 11:00:00,4647.778201471367
2016-10-16 12:00:00,4655.223859878451
2016-10-16 13:00:00,4657.678234054921
2016-10-16 14:00:00,4647.3316805470295
2016-10-16 15:00:00,4638.739269541005
2016-10-16 16:00:00,4652.169297644495
2016-10-16 17:00:00,4689.921776450632
2016-10-16 18:00:00,4719.440268443832
2016-10-16 19:00:00,4741.734589502557
2016-10-16 20:00:00,4788.575108801331
2016-10-16 21:00:00,4722.728095276627
2016-10-16 22:00:00,4623.104261369537
2016-10-16 23:00:00,4524.515583276787
2016-10-17 00:00:00,4508.60334824885
2016-10-17 01:00:00,4550.653008323565
2016-10-17 02:00:00,4660.877067063901
2016-10-17 03:00:00,4696.494816093145
2016-10-17 04:00:00,4713.837272772766
2016-10-17 05:00:00,4747.508088961031
2016-10-17 06:00:00,4890.10659688385
2016-10-17 07:00:00,5017.826551011813
2016-10-17 08:00:00,4799.843824957698
2016-10-17 09:00:00,4678.292028898425
2016-10-17 10:00:00,4681.496928870774
2016-10-17 11:00:00,4672.908798754958
2016-10-17 12:00:00,4658.385184591847
2016-10-17 13:00:00,4655.431937165533
2016-10-17 14:00:00,4654.805554044201
2016-10-17 15:00:00,4633.607247105336
2016-10-17 16:00:00,4642.912788401807
2016-10-17 17:00:00,4667.600254042136
2016-10-17 18:00:00,4693.899761382028
2016-10-17 19:00:00,4717.582501319373
2016-10-17 20:00:00,4770.329312183441
2016-10-17 21:00:00,4705.763201745464
2016-10-17 22:00:00,4599.331306541945
2016-10-17 23:00:00,4462.4126824144805
2016-10-18 00:00:00,4450.257407789783
2016-10-18 01:00:00,4492.689225989052
2016-10-18 02:00:00,4602.396367389043
2016-10-18 03:00:00,4635.363937736651
2016-10-18 04:00:00,4652.839432911575
2016-10-18 05:00:00,4678.915250351457
2016-10-18 06:00:00,4820.453174845798
2016-10-18 07:00:00,4945.6069383994645
2016-10-18 08:00:00,4744.335841127939
2016-10-18 09:00:00,4661.797768050354
2016-10-18 10:00:00,4667.439343496166
2016-10-18 11:00:00,4672.884975860976
2016-10-18 12:00:00,4658.788772495589
2016-10-18 13:00:00,4654.046073173948
2016-10-18 14:00:00,4656.7375944375235
2016-10-18 15:00:00,4635.7186467671945
2016-10-18 16:00:00,4644.651756675779
2016-10-18 17:00:00,4669.0523588904
2016-10-18 18:00:00,4697.745165610046
2016-10-18 19:00:00,4721.830534978407
2016-10-18 20:00:00,4773.181033054949
2016-10-18 21:00:00,4710.894137973114
2016-10-18 22:00:00,4618.418232715856
2016-10-18 23:00:00,4481.49960858839
2016-10-19 00:00:00,4459.521094763865
2016-10-19 01:00:00,4501.764792418726
2016-10-19 02:00:00,4605.03626391812
2016-10-19 03:00:00,4636.142121594104
2016-10-19 04:00:00,4653.617616769028
2016-10-19 05:00:00,4674.62864512405
2016-10-19 06:00:00,4816.220137090378
2016-10-19 07:00:00,4941.373900644044
2016-10-19 08:00:00,4739.330706204606
2016-10-19 09:00:00,4657.122539114228
2016-10-19 10:00:00,4662.76411456004
2016-10-19 11:00:00,4666.873177434756
2016-10-19 12:00:00,4652.776974069369
2016-10-19 13:00:00,4648.034274747728
2016-10-19 14:00:00,4650.725796011304
2016-10-19 15:00:00,4629.706848340975
2016-10-19 16:00:00,4638.639958249561
2016-10-19 17:00:00,4662.94506469473
2016-10-19 18:00:00,4693.157136545365
2016-10-19 19:00:00,4717.242505913725
2016-10-19 20:00:00,4769.507715589149
2016-10-19 21:00:00,4707.220820507314
2016-10-19 22:00:00,4614.744915250055
2016-10-19 23:00:00,4482.198414473712
2016-10-20 00:00:00,4455.425041347768
2016-10-20 01:00:00,4497.499178369848
2016-10-20 02:00:00,4599.985217350491
2016-10-20 03:00:00,4631.091075026476
2016-10-20 04:00:00,4648.5665702014
2016-10-20 05:00:00,4669.577598556422
2016-10-20 06:00:00,4811.16909052275
2016-10-20 07:00:00,4936.322854076416
2016-10-20 08:00:00,4734.279659636978
2016-10-20 09:00:00,4652.6505691231605
2016-10-20 10:00:00,4658.292144568973
2016-10-20 11:00:00,4662.401207443689
2016-10-20 12:00:00,4648.305004078302
2016-10-20 13:00:00,4643.5623047566605
2016-10-20 14:00:00,4646.253826020236
2016-10-20 15:00:00,4625.214163665127
2016-10-20 16:00:00,4634.1472735737125
2016-10-20 17:00:00,4658.452380018882
2016-10-20 18:00:00,4688.664451869517
2016-10-20 19:00:00,4713.704908477574
2016-10-20 20:00:00,4763.157350708552
2016-10-20 21:00:00,4704.608833725875
2016-10-20 22:00:00,4613.72887253801
2016-10-20 23:00:00,4482.305256107387
2016-10-21 00:00:00,4457.834138584696
2016-10-21 01:00:00,4491.43028057865
2016-10-21 02:00:00,4590.592860252273
2016-10-21 03:00:00,4621.698717928256
2016-10-21 04:00:00,4639.619875011334
2016-10-21 05:00:00,4660.922914499038
2016-10-21 06:00:00,4801.247470891943
2016-10-21 07:00:00,4921.864967403609
2016-10-21 08:00:00,4725.262108717242
2016-10-21 09:00:00,4652.1252286068375
2016-10-21 10:00:00,4657.146840758227
2016-10-21 11:00:00,4670.644889951191
2016-10-21 12:00:00,4655.012648549073
2016-10-21 13:00:00,4650.3702146353235
2016-10-21 14:00:00,4654.729487528347
2016-10-21 15:00:00,4633.689825173238
2016-10-21 16:00:00,4640.500050110683
2016-10-21 17:00:00,4664.99191168859
2016-10-21 18:00:00,4688.665939406234
2016-10-21 19:00:00,4702.376019989371
2016-10-21 20:00:00,4743.88222292818
2016-10-21 21:00:00,4686.525022520247
2016-10-21 22:00:00,4627.108259584116
2016-10-21 23:00:00,4515.2209658690135
2016-10-22 00:00:00,4451.621580943769
2016-10-22 01:00:00,4476.538217035264
2016-10-22 02:00:00,4568.515862408159
2016-10-22 03:00:00,4599.735279553993
2016-10-22 04:00:00,4617.842187492447
2016-10-22 05:00:00,4626.735480883517
2016-10-22 06:00:00,4689.660795245873
2016-10-22 07:00:00,4716.844750256923
2016-10-22 08:00:00,4703.567287306641
2016-10-22 09:00:00,4703.974387785286
2016-10-22 10:00:00,4689.794581964462
2016-10-22 11:00:00,4663.642231583663
2016-10-22 12:00:00,4645.485840583207
2016-10-22 13:00:00,4643.19998097051
2016-10-22 14:00:00,4639.044819276097
2016-10-22 15:00:00,4630.454416676493
2016-10-22 16:00:00,4643.16922450575
2016-10-22 17:00:00,4674.1092655547745
2016-10-22 18:00:00,4696.921188123608
2016-10-22 19:00:00,4711.462422487607
2016-10-22 20:00:00,4742.616707415959
2016-10-22 21:00:00,4697.438556474694
2016-10-22 22:00:00,4631.751522112526
2016-10-22 23:00:00,4525.2022152082
2016-10-23 00:00:00,4462.370773699227
2016-10-23 01:00:00,4483.948461956611
2016-10-23 02:00:00,4574.664191363053
2016-10-23 03:00:00,4605.883608508887
2016-10-23 04:00:00,4627.858797813268
2016-10-23 05:00:00,4633.11166413556
2016-10-23 06:00:00,4697.870794490679
2016-10-23 07:00:00,4724.639394780616
2016-10-23 08:00:00,4708.654856593492
2016-10-23 09:00:00,4710.512661747364
2016-10-23 10:00:00,4677.59581598909
2016-10-23 11:00:00,4648.184024487779
2016-10-23 12:00:00,4655.629682894863
2016-10-23 13:00:00,4658.0840570713335
2016-10-23 14:00:00,4648.094791557695
2016-10-23 15:00:00,4639.755886111539
2016-10-23 16:00:00,4653.387110516382
2016-10-23 17:00:00,4691.139589322518
2016-10-23 18:00:00,4720.804337849526
2016-10-23 19:00:00,4743.9733315115045
2016-10-23 20:00:00,4777.631038044791
2016-10-23 21:00:00,4727.701452085913
2016-10-23 22:00:00,4627.63929662266
2016-10-23 23:00:00,4527.564447805
2016-10-24 00:00:00,4509.6353382453435
2016-10-24 01:00:00,4551.684998320057
2016-10-24 02:00:00,4661.123624541646
2016-10-24 03:00:00,4696.741373570889
2016-10-24 04:00:00,4714.083830250509
2016-10-24 05:00:00,4747.754646438774
2016-10-24 06:00:00,4890.353154361594
2016-10-24 07:00:00,5018.073108489556
2016-10-24 08:00:00,4800.090382435442
2016-10-24 09:00:00,4678.5385863761685
2016-10-24 10:00:00,4681.743486348518
2016-10-24 11:00:00,4673.155356232703
2016-10-24 12:00:00,4658.631742069591
2016-10-24 13:00:00,4655.678494643276
2016-10-24 14:00:00,4653.7956195983725
2016-10-24 15:00:00,4633.575818123645
2016-10-24 16:00:00,4642.939537177598
2016-10-24 17:00:00,4667.627002817926
2016-10-24 18:00:00,4695.7399534028245
2016-10-24 19:00:00,4720.297365943422
2016-10-24 20:00:00,4757.490044752655
2016-10-24 21:00:00,4709.148730736738
2016-10-24 22:00:00,4604.618695556605
2016-10-24 23:00:00,4466.21390070423
2016-10-25 00:00:00,4451.154724444454
2016-10-25 01:00:00,4493.586542643722
2016-10-25 02:00:00,4602.508251524963
2016-10-25 03:00:00,4635.475821872571
2016-10-25 04:00:00,4652.951317047497
2016-10-25 05:00:00,4679.027134487378
2016-10-25 06:00:00,4820.565058981719
2016-10-25 07:00:00,4945.718822535385
2016-10-25 08:00:00,4744.44772526386
2016-10-25 09:00:00,4661.909652186274
2016-10-25 10:00:00,4667.551227632086
2016-10-25 11:00:00,4672.996859996896
2016-10-25 12:00:00,4658.900656631509
2016-10-25 13:00:00,4654.157957309869
2016-10-25 14:00:00,4655.592986649872
2016-10-25 15:00:00,4635.552544443681
2016-10-25 16:00:00,4644.543832109748
2016-10-25 17:00:00,4681.282200094622
2016-10-25 18:00:00,4714.248411350414
2016-10-25 19:00:00,4739.208453322028
2016-10-25 20:00:00,4757.843751846917
2016-10-25 21:00:00,4711.474284330908
2016-10-25 22:00:00,4618.560057517486
2016-10-25 23:00:00,4491.656852911514
2016-10-26 00:00:00,4462.547494374313
2016-10-26 01:00:00,4504.791192029173
2016-10-26 02:00:00,4607.277231009817
2016-10-26 03:00:00,4638.3830886858
2016-10-26 04:00:00,4655.858583860725
2016-10-26 05:00:00,4676.869612215748
2016-10-26 06:00:00,4818.461104182075
2016-10-26 07:00:00,4943.614867735741
2016-10-26 08:00:00,4741.571673296304
2016-10-26 09:00:00,4659.363506205926
2016-10-26 10:00:00,4665.005081651738
2016-10-26 11:00:00,4669.114144526454
2016-10-26 12:00:00,4655.017941161067
2016-10-26 13:00:00,4650.275241839426
2016-10-26 14:00:00,4651.71027117943
2016-10-26 15:00:00,4631.669828973238
2016-10-26 16:00:00,4640.661116639305
2016-10-26 17:00:00,4674.884264290369
2016-10-26 18:00:00,4709.36974067715
2016-10-26 19:00:00,4734.329782648763
2016-10-26 20:00:00,4749.263136721957
2016-10-26 21:00:00,4712.538668833971
2016-10-26 22:00:00,4616.585149340257
2016-10-26 23:00:00,4493.263511962594
2016-10-27 00:00:00,4457.805572258881
2016-10-27 01:00:00,4499.879709280961
2016-10-27 02:00:00,4602.365748261605
2016-10-27 03:00:00,4633.471605937589
2016-10-27 04:00:00,4650.947101112513
2016-10-27 05:00:00,4671.958129467535
2016-10-27 06:00:00,4813.549621433863
2016-10-27 07:00:00,4938.70338498753
2016-10-27 08:00:00,4736.660190548091
2016-10-27 09:00:00,4655.031100034274
2016-10-27 10:00:00,4660.672675480086
2016-10-27 11:00:00,4664.781738354802
2016-10-27 12:00:00,4650.685534989415
2016-10-27 13:00:00,4645.942835667774
2016-10-27 14:00:00,4647.3778650077775
2016-10-27 15:00:00,4627.316708116805
2016-10-27 16:00:00,4636.307995782872
2016-10-27 17:00:00,4670.531143433936
2016-10-27 18:00:00,4705.016619820717
2016-10-27 19:00:00,4730.057076428774
2016-10-27 20:00:00,4745.008557812554
2016-10-27 21:00:00,4708.2840899245675
2016-10-27 22:00:00,4613.926514500246
2016-10-27 23:00:00,4493.213932193215
2016-10-28 00:00:00,4461.264937571013
2016-10-28 01:00:00,4494.861079564967
2016-10-28 02:00:00,4593.747594076797
2016-10-28 03:00:00,4624.853451752782
2016-10-28 04:00:00,4642.77460883586
2016-10-28 05:00:00,4664.077648323563
2016-10-28 06:00:00,4804.402204716468
2016-10-28 07:00:00,4925.019701228134
2016-10-28 08:00:00,4728.416842541767
2016-10-28 09:00:00,4655.279962431363
2016-10-28 10:00:00,4660.301574582753
2016-10-28 11:00:00,4673.799623775716
2016-10-28 12:00:00,4658.167382373598
2016-10-28 13:00:00,4653.524948459849
2016-10-28 14:00:00,4656.627729429301
2016-10-28 15:00:00,4636.566572538329
2016-10-28 16:00:00,4643.434975233256
2016-10-28 17:00:00,4677.8448780170565
2016-10-28 18:00:00,4705.792310270847
2016-10-28 19:00:00,4716.406346285441
2016-10-28 20:00:00,4720.440759193061
2016-10-28 21:00:00,4684.90760787982
2016-10-28 22:00:00,4629.77616383521
2016-10-28 23:00:00,4528.599904243697
2016-10-29 00:00:00,4455.175002088845
2016-10-29 01:00:00,4480.09163818034
2016-10-29 02:00:00,4571.793218391443
2016-10-29 03:00:00,4603.012635537278
2016-10-29 04:00:00,4621.119543475731
2016-10-29 05:00:00,4630.012836866802
2016-10-29 06:00:00,4692.938151229157
2016-10-29 07:00:00,4720.122106240207
2016-10-29 08:00:00,4706.844643289925
2016-10-29 09:00:00,4707.251743768571
2016-10-29 10:00:00,4693.071937947746
2016-10-29 11:00:00,4666.919587566947
2016-10-29 12:00:00,4648.763196566491
2016-10-29 13:00:00,4646.477336953794
2016-10-29 14:00:00,4642.679463253635
2016-10-29 15:00:00,4634.342566213898
2016-10-29 16:00:00,4647.258570344508
2016-10-29 17:00:00,4692.277076648776
2016-10-29 18:00:00,4717.695217042558
2016-10-29 19:00:00,4717.509020978309
2016-10-29 20:00:00,4719.549010375357
2016-10-29 21:00:00,4695.8353477112305
2016-10-29 22:00:00,4634.871953796746
2016-10-29 23:00:00,4539.033681016011
2016-10-30 00:00:00,4465.632126556086
2016-10-30 01:00:00,4487.209814813469
2016-10-30 02:00:00,4577.649479058119
2016-10-30 03:00:00,4608.868896203953
2016-10-30 04:00:00,4630.844085508335
2016-10-30 05:00:00,4636.0969518306265
2016-10-30 06:00:00,4700.856082185745
2016-10-30 07:00:00,4727.624682475684
2016-10-30 08:00:00,4711.640144288558
2016-10-30 09:00:00,4713.4979494424315
2016-10-30 10:00:00,4680.581103684157
2016-10-30 11:00:00,4651.169312182846
2016-10-30 12:00:00,4658.61497058993
2016-10-30 13:00:00,4661.069344766401
2016-10-30 14:00:00,4651.080079252762
2016-10-30 15:00:00,4642.741173806606
2016-10-30 16:00:00,4656.372398211448
2016-10-30 17:00:00,4708.203342272829
2016-10-30 18:00:00,4740.3280520909775
2016-10-30 19:00:00,4748.769615324707
2016-10-30 20:00:00,4753.31302632669
2016-10-30 21:00:00,4724.84792864495
2016-10-30 22:00:00,4629.509413629381
2016-10-30 23:00:00,4540.145598935311
2016-10-31 00:00:00,4510.975537670005
2016-10-31 01:00:00,4553.025197744719
2016-10-31 02:00:00,4662.1877588045145
2016-10-31 03:00:00,4697.805507833758
2016-10-31 04:00:00,4715.147964513378
2016-10-31 05:00:00,4748.818780701643
2016-10-31 06:00:00,4891.417288624463
2016-10-31 07:00:00,5019.137242752425
2016-10-31 08:00:00,4801.154516698311
2016-10-31 09:00:00,4679.602720639037
2016-10-31 10:00:00,4682.807620611387
2016-10-31 11:00:00,4674.219490495571
2016-10-31 12:00:00,4659.69587633246
2016-10-31 13:00:00,4656.742628906146
2016-10-31 14:00:00,4654.859753861242
2016-10-31 15:00:00,4634.639952386515
2016-10-31 16:00:00,4644.003671440468
2016-10-31 17:00:00,4685.1893269003995
2016-10-31 18:00:00,4715.762238776439
2016-10-31 19:00:00,4728.927966909927
2016-10-31 20:00:00,4735.294930121259
2016-10-31 21:00:00,4708.41810438248
2016-10-31 22:00:00,4608.596764259699
2016-10-31 23:00:00,4481.693559653727
2016-11-01 00:00:00,4454.39643320543
2016-11-01 01:00:00,4496.828251404699
2016-11-01 02:00:00,4601.65366597952
2016-11-01 03:00:00,4634.621236327128
2016-11-01 04:00:00,4652.0967315020525
2016-11-01 05:00:00,4678.573054942323
2016-11-01 06:00:00,4820.110979436664
2016-11-01 07:00:00,4941.97631788583
2016-11-01 08:00:00,4740.705220614304
2016-11-01 09:00:00,4660.911943899374
2016-11-01 10:00:00,4666.553519345185
2016-11-01 11:00:00,4671.999151709996
2016-11-01 12:00:00,4657.902948344609
2016-11-01 13:00:00,4653.160249022968
2016-11-01 14:00:00,4654.595278362972
2016-11-01 15:00:00,4634.55483615678
2016-11-01 16:00:00,4643.546123822847
2016-11-01 17:00:00,4687.952141414367
2016-11-01 18:00:00,4827.098945382143
2016-11-01 19:00:00,4745.090047253716
2016-11-01 20:00:00,4719.000721377591
2016-11-01 21:00:00,4697.6778222012945
2016-11-01 22:00:00,4618.043798013275
2016-11-01 23:00:00,4498.317411892041
2016-11-02 00:00:00,4465.067260301784
2016-11-02 01:00:00,4507.310957956644
2016-11-02 02:00:00,4605.700702630868
2016-11-02 03:00:00,4636.806560306852
2016-11-02 04:00:00,4654.282055481776
2016-11-02 05:00:00,4675.693589837188
2016-11-02 06:00:00,4817.285081803515
2016-11-02 07:00:00,4939.150420252681
2016-11-02 08:00:00,4737.107225813243
2016-11-02 09:00:00,4657.64385508552
2016-11-02 10:00:00,4663.285430531332
2016-11-02 11:00:00,4667.394493406048
2016-11-02 12:00:00,4653.298290040661
2016-11-02 13:00:00,4648.55559071902
2016-11-02 14:00:00,4649.990620059024
2016-11-02 15:00:00,4629.950177852832
2016-11-02 16:00:00,4638.941465518899
2016-11-02 17:00:00,4680.832262776609
2016-11-02 18:00:00,4821.498331875374
2016-11-02 19:00:00,4739.489433746947
2016-11-02 20:00:00,4716.0262395363
2016-11-02 21:00:00,4694.703340360003
2016-11-02 22:00:00,4615.069316171983
2016-11-02 23:00:00,4498.9244972790575
2016-11-03 00:00:00,4463.458663819658
2016-11-03 01:00:00,4505.532800841738
2016-11-03 02:00:00,4603.922545515961
2016-11-03 03:00:00,4635.0284031919455
2016-11-03 04:00:00,4652.50389836687
2016-11-03 05:00:00,4673.915432722282
2016-11-03 06:00:00,4815.506924688609
2016-11-03 07:00:00,4937.372263137775
2016-11-03 08:00:00,4735.329068698337
2016-11-03 09:00:00,4656.444774547174
2016-11-03 10:00:00,4662.086349992986
2016-11-03 11:00:00,4666.1954128677025
2016-11-03 12:00:00,4652.099209502316
2016-11-03 13:00:00,4647.356510180674
2016-11-03 14:00:00,4648.791539520677
2016-11-03 15:00:00,4628.730382629706
2016-11-03 16:00:00,4637.721670295773
2016-11-03 17:00:00,4684.089279127971
2016-11-03 18:00:00,4852.786160413834
2016-11-03 19:00:00,4724.492331743868
2016-11-03 20:00:00,4705.1725760307645
2016-11-03 21:00:00,4683.849676854468
2016-11-03 22:00:00,4603.745550624619
2016-11-03 23:00:00,4502.600578503324
2016-11-04 00:00:00,4467.014253445979
2016-11-04 01:00:00,4500.610395439934
2016-11-04 02:00:00,4595.676680807135
2016-11-04 03:00:00,4626.78253848312
2016-11-04 04:00:00,4644.703695566198
2016-11-04 05:00:00,4666.40724105429
2016-11-04 06:00:00,4806.731797447195
2016-11-04 07:00:00,4924.060868854362
2016-11-04 08:00:00,4727.458010167995
2016-11-04 09:00:00,4657.065926420245
2016-11-04 10:00:00,4662.087538571635
2016-11-04 11:00:00,4675.585587764598
2016-11-04 12:00:00,4659.953346362479
2016-11-04 13:00:00,4655.310912448731
2016-11-04 14:00:00,4658.413693418182
2016-11-04 15:00:00,4638.352536527211
2016-11-04 16:00:00,4645.220939222138
2016-11-04 17:00:00,4691.775303187073
2016-11-04 18:00:00,4857.5143700168455
2016-11-04 19:00:00,4710.718640919586
2016-11-04 20:00:00,4683.452645914312
2016-11-04 21:00:00,4663.32106331276
2016-11-04 22:00:00,4614.695080724977
2016-11-04 23:00:00,4533.086431319201
2016-11-05 00:00:00,4460.694761753928
2016-11-05 01:00:00,4485.611397845423
2016-11-05 02:00:00,4573.492748911898
2016-11-05 03:00:00,4604.712166057732
2016-11-05 04:00:00,4622.8190739961865
2016-11-05 05:00:00,4632.112873387646
2016-11-05 06:00:00,4695.03818775
2016-11-05 07:00:00,4718.933717656551
2016-11-05 08:00:00,4705.6562547062695
2016-11-05 09:00:00,4708.808151547569
2016-11-05 10:00:00,4694.628345726745
2016-11-05 11:00:00,4668.475995345945
2016-11-05 12:00:00,4650.31960434549
2016-11-05 13:00:00,4648.033744732793
2016-11-05 14:00:00,4644.2358710326325
2016-11-05 15:00:00,4635.898973992897
2016-11-05 16:00:00,4648.814978123507
2016-11-05 17:00:00,4701.817521559558
2016-11-05 18:00:00,4865.027296529323
2016-11-05 19:00:00,4719.062721212926
2016-11-05 20:00:00,4691.796726207653
2016-11-05 21:00:00,4671.6651436061
2016-11-05 22:00:00,4617.207211148443
2016-11-05 23:00:00,4540.936548553445
2016-11-06 00:00:00,4471.71179402577
2016-11-06 01:00:00,4493.289482283154
2016-11-06 02:00:00,4579.908917383176
2016-11-06 03:00:00,4611.1283345290085
2016-11-06 04:00:00,4633.103523833392
2016-11-06 05:00:00,4638.756896156072
2016-11-06 06:00:00,4703.516026511191
2016-11-06 07:00:00,4726.996201696627
2016-11-06 08:00:00,4711.011663509503
2016-11-06 09:00:00,4715.614265026031
2016-11-06 10:00:00,4682.697419267756
2016-11-06 11:00:00,4653.285627766445
2016-11-06 12:00:00,4660.73128617353
2016-11-06 13:00:00,4663.18566035
2016-11-06 14:00:00,4653.196394836361
2016-11-06 15:00:00,4644.857489390205
2016-11-06 16:00:00,4658.488713795048
2016-11-06 17:00:00,4718.303694988213
2016-11-06 18:00:00,4900.013117035692
2016-11-06 19:00:00,4739.426130578756
2016-11-06 20:00:00,4714.663557178417
2016-11-06 21:00:00,4692.162104135763
2016-11-06 22:00:00,4605.038817143351
2016-11-06 23:00:00,4535.242612635019
2016-11-07 00:00:00,4515.6156378347505
2016-11-07 01:00:00,4557.665297909464
2016-11-07 02:00:00,4663.007629824631
2016-11-07 03:00:00,4698.625378853875
2016-11-07 04:00:00,4715.9678355334945
2016-11-07 05:00:00,4750.039157722149
2016-11-07 06:00:00,4892.637665644968
2016-11-07 07:00:00,5017.06919466843
2016-11-07 08:00:00,4799.086468614317
2016-11-07 09:00:00,4680.279468917698
2016-11-07 10:00:00,4683.484368890047
2016-11-07 11:00:00,4674.896238774232
2016-11-07 12:00:00,4660.372624611121
2016-11-07 13:00:00,4657.419377184806
2016-11-07 14:00:00,4655.536502139902
2016-11-07 15:00:00,4635.316700665175
2016-11-07 16:00:00,4644.680419719128
2016-11-07 17:00:00,4702.143736493228
2016-11-07 18:00:00,4882.301360598597
2016-11-07 19:00:00,4717.11573182049
2016-11-07 20:00:00,4694.1767106295
2016-11-07 21:00:00,4673.263529529807
2016-11-07 22:00:00,4580.940400228542
2016-11-07 23:00:00,4473.604805808309
2016-11-08 00:00:00,4457.282578417867
2016-11-08 01:00:00,4499.714396617135
2016-11-08 02:00:00,4604.539811191956
2016-11-08 03:00:00,4637.5073815395635
2016-11-08 04:00:00,4654.982876714489
2016-11-08 05:00:00,4681.459200154759
2016-11-08 06:00:00,4822.9971246490995
2016-11-08 07:00:00,4944.862463098266
2016-11-08 08:00:00,4743.591365826741
2016-11-08 09:00:00,4663.7980891118095
2016-11-08 10:00:00,4669.439664557622
2016-11-08 11:00:00,4674.885296922432
2016-11-08 12:00:00,4660.789093557046
2016-11-08 13:00:00,4656.0463942354045
2016-11-08 14:00:00,4657.4814235754075
2016-11-08 15:00:00,4637.440981369216
2016-11-08 16:00:00,4646.432269035284
2016-11-08 17:00:00,4703.608722383676
2016-11-08 18:00:00,4886.159645868798
2016-11-08 19:00:00,4721.376646521707
2016-11-08 20:00:00,4699.41263183254
2016-11-08 21:00:00,4680.471297232754
2016-11-08 22:00:00,4599.763976298201
2016-11-08 23:00:00,4492.428381877968
2016-11-09 00:00:00,4467.260037447065
2016-11-09 01:00:00,4509.503735101925
2016-11-09 02:00:00,4607.8934797761485
2016-11-09 03:00:00,4638.999337452132
2016-11-09 04:00:00,4656.474832627057
2016-11-09 05:00:00,4677.886366982469
2016-11-09 06:00:00,4819.477858948796
2016-11-09 07:00:00,4941.343197397961
2016-11-09 08:00:00,4739.300002958524
2016-11-09 09:00:00,4659.836632230801
2016-11-09 10:00:00,4665.478207676612
2016-11-09 11:00:00,4669.587270551328
2016-11-09 12:00:00,4655.4910671859425
2016-11-09 13:00:00,4650.748367864301
2016-11-09 14:00:00,4652.183397204304
2016-11-09 15:00:00,4632.142954998113
2016-11-09 16:00:00,4641.13424266418
2016-11-09 17:00:00,4695.795475678762
2016-11-09 18:00:00,4879.865664294874
2016-11-09 19:00:00,4715.082664947781
2016-11-09 20:00:00,4695.744781924092
2016-11-09 21:00:00,4676.803447324308
2016-11-09 22:00:00,4596.096126389753
2016-11-09 23:00:00,4492.342099197829
2016-11-10 00:00:00,4462.6300430405045
2016-11-10 01:00:00,4504.704180062584
2016-11-10 02:00:00,4603.093924736808
2016-11-10 03:00:00,4634.199782412792
2016-11-10 04:00:00,4651.675277587717
2016-11-10 05:00:00,4673.086811943128
2016-11-10 06:00:00,4814.678303909455
2016-11-10 07:00:00,4936.543642358622
2016-11-10 08:00:00,4734.500447919183
2016-11-10 09:00:00,4655.616153768021
2016-11-10 10:00:00,4661.257729213832
2016-11-10 11:00:00,4665.366792088549
2016-11-10 12:00:00,4651.270588723162
2016-11-10 13:00:00,4645.93832667829
2016-11-10 14:00:00,4647.963235495618
2016-11-10 15:00:00,4626.008852461023
2016-11-10 16:00:00,4635.00014012709
2016-11-10 17:00:00,4696.066945179801
2016-11-10 18:00:00,4885.093549366026
2016-11-10 19:00:00,4709.192784958949
2016-11-10 20:00:00,4689.873029245846
2016-11-10 21:00:00,4670.93169464606
2016-11-10 22:00:00,4590.827568416211
2016-11-10 23:00:00,4489.682596294917
2016-11-11 00:00:00,4467.576040560097
2016-11-11 01:00:00,4501.172182554051
2016-11-11 02:00:00,4596.238467921253
2016-11-11 03:00:00,4627.344325597238
2016-11-11 04:00:00,4645.2654826803155
2016-11-11 05:00:00,4666.969028168408
2016-11-11 06:00:00,4807.293584561313
2016-11-11 07:00:00,4924.622655968478
2016-11-11 08:00:00,4728.0197972821115
2016-11-11 09:00:00,4657.627713534363
2016-11-11 10:00:00,4662.649325685752
2016-11-11 11:00:00,4676.147374878716
2016-11-11 12:00:00,4660.515133476597
2016-11-11 13:00:00,4655.283136839616
2016-11-11 14:00:00,4658.9757972863945
2016-11-11 15:00:00,4637.021414251799
2016-11-11 16:00:00,4643.889816946727
2016-11-11 17:00:00,4705.1433771321745
2016-11-11 18:00:00,4887.63193718541
2016-11-11 19:00:00,4697.065050732271
2016-11-11 20:00:00,4669.799055726998
2016-11-11 21:00:00,4652.049037701957
2016-11-11 22:00:00,4603.4230551141745
2016-11-11 23:00:00,4521.814405708399
2016-11-12 00:00:00,4460.4686905018225
2016-11-12 01:00:00,4485.385326593318
2016-11-12 02:00:00,4573.266677659793
2016-11-12 03:00:00,4604.4860948056275
2016-11-12 04:00:00,4622.593002744081
2016-11-12 05:00:00,4631.88680213554
2016-11-12 06:00:00,4694.812116497895
2016-11-12 07:00:00,4718.707646404446
2016-11-12 08:00:00,4705.430183454164
2016-11-12 09:00:00,4708.582080295463
2016-11-12 10:00:00,4694.402274474639
2016-11-12 11:00:00,4668.24992409384
2016-11-12 12:00:00,4650.093533093384
2016-11-12 13:00:00,4647.218110757456
2016-11-12 14:00:00,4644.010116534621
2016-11-12 15:00:00,4633.7799933512615
2016-11-12 16:00:00,4646.695997481872
2016-11-12 17:00:00,4722.0689609153615
2016-11-12 18:00:00,4898.182919807674
2016-11-12 19:00:00,4702.946611014273
2016-11-12 20:00:00,4675.680616009
2016-11-12 21:00:00,4657.930597983959
2016-11-12 22:00:00,4606.661111630361
2016-11-12 23:00:00,4530.390449035363
2016-11-13 00:00:00,4469.381439831233
2016-11-13 01:00:00,4490.959128088617
2016-11-13 02:00:00,4577.578563188638
2016-11-13 03:00:00,4608.7979803344715
2016-11-13 04:00:00,4630.773169638855
2016-11-13 05:00:00,4636.426541961535
2016-11-13 06:00:00,4701.185672316654
2016-11-13 07:00:00,4724.665847502091
2016-11-13 08:00:00,4708.681309314966
2016-11-13 09:00:00,4713.283910831494
2016-11-13 10:00:00,4680.367065073219
2016-11-13 11:00:00,4650.955273571909
2016-11-13 12:00:00,4658.400931978993
2016-11-13 13:00:00,4660.829488408886
2016-11-13 14:00:00,4650.208951463057
2016-11-13 15:00:00,4639.976819873277
2016-11-13 16:00:00,4653.60804427812
2016-11-13 17:00:00,4735.227292738035
2016-11-13 18:00:00,4918.047821054714
2016-11-13 19:00:00,4730.913895449499
2016-11-13 20:00:00,4706.151322049161
2016-11-13 21:00:00,4683.649869006506
2016-11-13 22:00:00,4597.799276344139
2016-11-13 23:00:00,4528.003071835807
2016-11-14 00:00:00,4512.156093236357
2016-11-14 01:00:00,4554.20575331107
2016-11-14 02:00:00,4659.548085226239
2016-11-14 03:00:00,4695.165834255482
2016-11-14 04:00:00,4712.508290935102
2016-11-14 05:00:00,4746.579613123757
2016-11-14 06:00:00,4889.178121046576
2016-11-14 07:00:00,5013.609650070038
2016-11-14 08:00:00,4795.626924015924
2016-11-14 09:00:00,4676.819924319305
2016-11-14 10:00:00,4680.024824291655
2016-11-14 11:00:00,4671.436694175839
2016-11-14 12:00:00,4656.913080012728
2016-11-14 13:00:00,4653.370269863182
2016-11-14 14:00:00,4652.077274295604
2016-11-14 15:00:00,4629.964246677253
2016-11-14 16:00:00,4639.327965731206
2016-11-14 17:00:00,4707.166465749837
2016-11-14 18:00:00,4892.114767559415
2016-11-14 19:00:00,4710.943931838154
2016-11-14 20:00:00,4688.004910647165
2016-11-14 21:00:00,4667.091729547472
2016-11-14 22:00:00,4577.2174688766445
2016-11-14 23:00:00,4469.881874456411
2016-11-15 00:00:00,4452.69636236342
2016-11-15 01:00:00,4495.128180562688
2016-11-15 02:00:00,4599.953595137509
2016-11-15 03:00:00,4632.921165485117
2016-11-15 04:00:00,4650.3966606600425
2016-11-15 05:00:00,4676.872984100313
2016-11-15 06:00:00,4818.410908594654
2016-11-15 07:00:00,4940.276247043819
2016-11-15 08:00:00,4739.005149772294
2016-11-15 09:00:00,4659.211873057364
2016-11-15 10:00:00,4664.853448503175
2016-11-15 11:00:00,4670.299080867986
2016-11-15 12:00:00,4656.202877502599
2016-11-15 13:00:00,4650.870615457727
2016-11-15 14:00:00,4652.895524275056
2016-11-15 15:00:00,4630.96185592524
2016-11-15 16:00:00,4639.953143591309
2016-11-15 17:00:00,4714.625850130279
2016-11-15 18:00:00,4901.967451319611
2016-11-15 19:00:00,4718.215652356088
2016-11-15 20:00:00,4696.251637666921
2016-11-15 21:00:00,4677.3103030671355
2016-11-15 22:00:00,4599.45971473767
2016-11-15 23:00:00,4492.124120317436
2016-11-16 00:00:00,4463.291576843994
2016-11-16 01:00:00,4505.535274498854
2016-11-16 02:00:00,4603.925019173079
2016-11-16 03:00:00,4635.030876849062
2016-11-16 04:00:00,4652.506372023987
2016-11-16 05:00:00,4673.917906379398
2016-11-16 06:00:00,4815.5093983457255
2016-11-16 07:00:00,4937.374736794892
2016-11-16 08:00:00,4735.331542355454
2016-11-16 09:00:00,4655.868171627731
2016-11-16 10:00:00,4661.509747073543
2016-11-16 11:00:00,4665.618809948259
2016-11-16 12:00:00,4651.522606582872
2016-11-16 13:00:00,4646.190344537999
2016-11-16 14:00:00,4648.215253355329
2016-11-16 15:00:00,4626.281585005514
2016-11-16 16:00:00,4635.272872671581
2016-11-16 17:00:00,4711.291379987438
2016-11-16 18:00:00,4896.472674872749
2016-11-16 19:00:00,4712.7208759092255
2016-11-16 20:00:00,4693.3829928855375
2016-11-16 21:00:00,4674.441658285752
2016-11-16 22:00:00,4596.5910699562855
2016-11-16 23:00:00,4492.8370427643595
2016-11-17 00:00:00,4459.627331948772
2016-11-17 01:00:00,4501.701468970851
2016-11-17 02:00:00,4600.091213645075
2016-11-17 03:00:00,4631.197071321059
2016-11-17 04:00:00,4648.672566495984
2016-11-17 05:00:00,4670.084100851395
2016-11-17 06:00:00,4811.675592817723
2016-11-17 07:00:00,4933.540931266888
2016-11-17 08:00:00,4731.49773682745
2016-11-17 09:00:00,4652.613442676287
2016-11-17 10:00:00,4658.2550181220995
2016-11-17 11:00:00,4662.364080996816
2016-11-17 12:00:00,4648.267877631429
2016-11-17 13:00:00,4642.935615586556
2016-11-17 14:00:00,4644.960524403886
2016-11-17 15:00:00,4623.00614136929
2016-11-17 16:00:00,4631.9974290353575
2016-11-17 17:00:00,4709.979587048785
2016-11-17 18:00:00,4896.696424192531
2016-11-17 19:00:00,4709.542394749555
2016-11-17 20:00:00,4690.222639036451
2016-11-17 21:00:00,4671.281304436667
2016-11-17 22:00:00,4594.033910811904
2016-11-17 23:00:00,4492.888938690609
2016-11-18 00:00:00,4467.738437373294
2016-11-18 01:00:00,4501.334579367248
2016-11-18 02:00:00,4596.40086473445
2016-11-18 03:00:00,4627.506722410434
2016-11-18 04:00:00,4645.427879493512
2016-11-18 05:00:00,4667.131424981604
2016-11-18 06:00:00,4807.455981374509
2016-11-18 07:00:00,4924.785052781675
2016-11-18 08:00:00,4728.182194095309
2016-11-18 09:00:00,4657.790110347559
2016-11-18 10:00:00,4662.811722498948
2016-11-18 11:00:00,4676.309771691912
2016-11-18 12:00:00,4660.677530289793
2016-11-18 13:00:00,4655.445533652813
2016-11-18 14:00:00,4659.138194099591
2016-11-18 15:00:00,4637.183811064995
2016-11-18 16:00:00,4644.052213759923
2016-11-18 17:00:00,4723.048479254465
2016-11-18 18:00:00,4903.227272265221
2016-11-18 19:00:00,4693.444567622397
2016-11-18 20:00:00,4666.178572617124
2016-11-18 21:00:00,4648.428554592083
2016-11-18 22:00:00,4602.99101810836
2016-11-18 23:00:00,4521.382368702584
2016-11-19 00:00:00,4461.418945681242
2016-11-19 01:00:00,4486.335581772737
2016-11-19 02:00:00,4574.216932839212
2016-11-19 03:00:00,4605.436349985047
2016-11-19 04:00:00,4623.5432579235
2016-11-19 05:00:00,4632.83705731496
2016-11-19 06:00:00,4695.762371677314
2016-11-19 07:00:00,4719.657901583865
2016-11-19 08:00:00,4706.380438633583
2016-11-19 09:00:00,4709.5323354748825
2016-11-19 10:00:00,4695.352529654058
2016-11-19 11:00:00,4669.200179273259
2016-11-19 12:00:00,4651.043788272804
2016-11-19 13:00:00,4648.168365936875
2016-11-19 14:00:00,4644.960371714041
2016-11-19 15:00:00,4634.730248530681
2016-11-19 16:00:00,4647.646252661291
2016-11-19 17:00:00,4733.090697626951
2016-11-19 18:00:00,4910.7401987776975
2016-11-19 19:00:00,4701.788647915737
2016-11-19 20:00:00,4674.522652910464
2016-11-19 21:00:00,4656.772634885423
2016-11-19 22:00:00,4605.503148531825
2016-11-19 23:00:00,4529.232485936827
2016-11-20 00:00:00,4470.331695010653
2016-11-20 01:00:00,4491.909383268036
2016-11-20 02:00:00,4578.528818368058
2016-11-20 03:00:00,4609.748235513891
2016-11-20 04:00:00,4631.723424818274
2016-11-20 05:00:00,4637.376797140954
2016-11-20 06:00:00,4702.135927496073
2016-11-20 07:00:00,4725.616102681511
2016-11-20 08:00:00,4709.631564494385
2016-11-20 09:00:00,4714.234166010913
2016-11-20 10:00:00,4681.317320252639
2016-11-20 11:00:00,4651.905528751327
2016-11-20 12:00:00,4659.351187158412
2016-11-20 13:00:00,4661.779743588306
2016-11-20 14:00:00,4651.159206642476
2016-11-20 15:00:00,4640.927075052697
2016-11-20 16:00:00,4654.558299457539
2016-11-20 17:00:00,4746.249029449625
2016-11-20 18:00:00,4930.605100024739
2016-11-20 19:00:00,4729.755932350963
2016-11-20 20:00:00,4704.993358950625
2016-11-20 21:00:00,4682.491905907971
2016-11-20 22:00:00,4596.641313245604
2016-11-20 23:00:00,4526.8451087372705
2016-11-21 00:00:00,4504.821910151409
2016-11-21 01:00:00,4547.39869519814
2016-11-21 02:00:00,4652.7410271133085
2016-11-21 03:00:00,4688.3587761425515
2016-11-21 04:00:00,4705.701232822172
2016-11-21 05:00:00,4739.195753342373
2016-11-21 06:00:00,4879.637993344673
2016-11-21 07:00:00,4998.669774301343
2016-11-21 08:00:00,4786.013614124072
2016-11-21 09:00:00,4667.309902016514
2016-11-21 10:00:00,4670.514801988864
2016-11-21 11:00:00,4661.236784782174
2016-11-21 12:00:00,4646.713170619063
2016-11-21 13:00:00,4643.170360469518
2016-11-21 14:00:00,4641.8773649019395
2016-11-21 15:00:00,4619.764337283588
2016-11-21 16:00:00,4629.128056337541
2016-11-21 17:00:00,4711.057535861008
2016-11-21 18:00:00,4895.364114331705
2016-11-21 19:00:00,4703.692773258646
2016-11-21 20:00:00,4680.753752067657
2016-11-21 21:00:00,4659.840570967965
2016-11-21 22:00:00,4577.645452272788
2016-11-21 23:00:00,4470.309857852555
2016-11-22 00:00:00,4448.992267655122
2016-11-22 01:00:00,4490.419383686293
2016-11-22 02:00:00,4595.244798261115
2016-11-22 03:00:00,4628.212368608723
2016-11-22 04:00:00,4645.687863783648
2016-11-22 05:00:00,4671.5873855554655
2016-11-22 06:00:00,4810.969042129287
2016-11-22 07:00:00,4927.43463251166
2016-11-22 08:00:00,4731.490101116979
2016-11-22 09:00:00,4651.800111991109
2016-11-22 10:00:00,4657.441687436921
2016-11-22 11:00:00,4662.197432710858
2016-11-22 12:00:00,4648.101229345471
2016-11-22 13:00:00,4642.768967300599
2016-11-22 14:00:00,4644.7938761179275
2016-11-22 15:00:00,4622.860207768113
2016-11-22 16:00:00,4631.85149543418
2016-11-22 17:00:00,4711.85474757333
2016-11-22 18:00:00,4898.5546254237815
2016-11-22 19:00:00,4707.922701804295
2016-11-22 20:00:00,4685.958687115128
2016-11-22 21:00:00,4667.017352515343
2016-11-22 22:00:00,4596.845906161529
2016-11-22 23:00:00,4489.510311741295
2016-11-23 00:00:00,4459.314880294543
2016-11-23 01:00:00,4500.5538757813065
2016-11-23 02:00:00,4598.94362045553
2016-11-23 03:00:00,4630.049478131514
2016-11-23 04:00:00,4647.524973306439
2016-11-23 05:00:00,4668.359705993398
2016-11-23 06:00:00,4807.794930039205
2016-11-23 07:00:00,4924.260520421579
2016-11-23 08:00:00,4727.543891858984
2016-11-23 09:00:00,4648.183808720322
2016-11-23 10:00:00,4653.8253841661335
2016-11-23 11:00:00,4657.244559949977
2016-11-23 12:00:00,4643.14835658459
2016-11-23 13:00:00,4637.816094539718
2016-11-23 14:00:00,4639.841003357047
2016-11-23 15:00:00,4617.907335007232
2016-11-23 16:00:00,4626.8986226732995
2016-11-23 17:00:00,4708.247675589335
2016-11-23 18:00:00,4892.787247135766
2016-11-23 19:00:00,4702.155323516279
2016-11-23 20:00:00,4682.81744049259
2016-11-23 21:00:00,4663.876105892805
2016-11-23 22:00:00,4593.70465953899
2016-11-23 23:00:00,4489.950632347065
2016-11-24 00:00:00,4451.544308546152
2016-11-24 01:00:00,4492.613743400135
2016-11-24 02:00:00,4591.003488074359
2016-11-24 03:00:00,4622.109345750343
2016-11-24 04:00:00,4639.584840925268
2016-11-24 05:00:00,4660.4195736122265
2016-11-24 06:00:00,4799.854797658034
2016-11-24 07:00:00,4916.320388040407
2016-11-24 08:00:00,4719.603759477813
2016-11-24 09:00:00,4644.581417993602
2016-11-24 10:00:00,4650.2229934394145
2016-11-24 11:00:00,4653.642169223258
2016-11-24 12:00:00,4639.545965857871
2016-11-24 13:00:00,4634.213703812999
2016-11-24 14:00:00,4636.238612630328
2016-11-24 15:00:00,4614.284229595732
2016-11-24 16:00:00,4623.2755172618
2016-11-24 17:00:00,4704.624570177835
2016-11-24 18:00:00,4889.164141724265
2016-11-24 19:00:00,4698.612632741223
2016-11-24 20:00:00,4679.29287702812
2016-11-24 21:00:00,4660.351542428334
2016-11-24 22:00:00,4590.7832907792235
2016-11-24 23:00:00,4489.63831865793
2016-11-25 00:00:00,4468.568185680489
2016-11-25 01:00:00,4501.159625506346
2016-11-25 02:00:00,4596.225910873547
2016-11-25 03:00:00,4627.331768549531
2016-11-25 04:00:00,4645.25292563261
2016-11-25 05:00:00,4666.379669452249
2016-11-25 06:00:00,4804.547957924635
2016-11-25 07:00:00,4916.477281265008
2016-11-25 08:00:00,4725.200988455485
2016-11-25 09:00:00,4654.218190785942
2016-11-25 10:00:00,4659.239802937332
2016-11-25 11:00:00,4672.841107115037
2016-11-25 12:00:00,4657.208865712918
2016-11-25 13:00:00,4651.976869075937
2016-11-25 14:00:00,4655.6695295227155
2016-11-25 15:00:00,4633.71514648812
2016-11-25 16:00:00,4640.583549183048
2016-11-25 17:00:00,4722.946709580198
2016-11-25 18:00:00,4903.4991732119215
2016-11-25 19:00:00,4690.318989029031
2016-11-25 20:00:00,4663.052994023758
2016-11-25 21:00:00,4645.302975998718
2016-11-25 22:00:00,4600.876081336606
2016-11-25 23:00:00,4519.267431930831
2016-11-26 00:00:00,4464.664617657894
2016-11-26 01:00:00,4488.576551581293
2016-11-26 02:00:00,4576.457902647769
2016-11-26 03:00:00,4607.677319793603
2016-11-26 04:00:00,4625.784227732056
2016-11-26 05:00:00,4636.123430764836
2016-11-26 06:00:00,4696.892477206671
2016-11-26 07:00:00,4719.644834073506
2016-11-26 08:00:00,4706.10418962258
2016-11-26 09:00:00,4708.6653725420865
2016-11-26 10:00:00,4694.485566721262
2016-11-26 11:00:00,4668.436471325204
2016-11-26 12:00:00,4650.280080324748
2016-11-26 13:00:00,4647.40465798882
2016-11-26 14:00:00,4644.196663765986
2016-11-26 15:00:00,4633.966540582625
2016-11-26 16:00:00,4646.882544713237
2016-11-26 17:00:00,4735.693884581505
2016-11-26 18:00:00,4913.71705635322
2016-11-26 19:00:00,4701.368025951192
2016-11-26 20:00:00,4674.102030945919
2016-11-26 21:00:00,4656.352012920878
2016-11-26 22:00:00,4606.093168388892
2016-11-26 23:00:00,4529.822505793894
2016-11-27 00:00:00,4468.619388658107
2016-11-27 01:00:00,4494.64874745182
2016-11-27 02:00:00,4581.268182551843
2016-11-27 03:00:00,4612.487599697674
2016-11-27 04:00:00,4634.462789002057
2016-11-27 05:00:00,4641.161564966058
2016-11-27 06:00:00,4703.764427400657
2016-11-27 07:00:00,4726.101429546379
2016-11-27 08:00:00,4709.853709858609
2016-11-27 09:00:00,4714.627824255203
2016-11-27 10:00:00,4681.710978496929
2016-11-27 11:00:00,4652.40244198036
2016-11-27 12:00:00,4659.848100387444
2016-11-27 13:00:00,4662.276656817337
2016-11-27 14:00:00,4651.656119871508
2016-11-27 15:00:00,4641.423988281729
2016-11-27 16:00:00,4655.055212686571
2016-11-27 17:00:00,4757.492578850163
2016-11-27 18:00:00,4940.800726927712
2016-11-27 19:00:00,4726.113012151946
2016-11-27 20:00:00,4703.841536550722
2016-11-27 21:00:00,4681.340083508067
2016-11-27 22:00:00,4596.542623661353
2016-11-27 23:00:00,4525.082398297139
2016-11-28 00:00:00,4499.621949700942
2016-11-28 01:00:00,4547.6551074521
2016-11-28 02:00:00,4652.997439367268
2016-11-28 03:00:00,4688.615188396512
2016-11-28 04:00:00,4705.957645076132
2016-11-28 05:00:00,4739.4521655963335
2016-11-28 06:00:00,4879.894405598634
2016-11-28 07:00:00,4998.926186555303
2016-11-28 08:00:00,4786.2700263780325
2016-11-28 09:00:00,4667.555931115046
2016-11-28 10:00:00,4670.760831087397
2016-11-28 11:00:00,4661.482813880707
2016-11-28 12:00:00,4646.959199717596
2016-11-28 13:00:00,4643.41638956805
2016-11-28 14:00:00,4642.123394000472
2016-11-28 15:00:00,4620.010366382121
2016-11-28 16:00:00,4629.374085436074
2016-11-28 17:00:00,4718.683306228438
2016-11-28 18:00:00,4902.989884699135
2016-11-28 19:00:00,4700.877476064153
2016-11-28 20:00:00,4680.429552672277
2016-11-28 21:00:00,4659.516371572584
2016-11-28 22:00:00,4577.321252877408
2016-11-28 23:00:00,4468.321637601293
2016-11-29 00:00:00,4430.982688055416
2016-11-29 01:00:00,4487.984755634206
2016-11-29 02:00:00,4595.6848921695655
2016-11-29 03:00:00,4628.652462517173
2016-11-29 04:00:00,4648.624703059333
2016-11-29 05:00:00,4672.384628740185
2016-11-29 06:00:00,4814.935061174401
2016-11-29 07:00:00,4933.20606638529
2016-11-29 08:00:00,4736.528855600511
2016-11-29 09:00:00,4655.626088294148
2016-11-29 10:00:00,4661.26766373996
2016-11-29 11:00:00,4666.023409013897
2016-11-29 12:00:00,4651.927205648511
2016-11-29 13:00:00,4646.594943603638
2016-11-29 14:00:00,4648.619852420967
2016-11-29 15:00:00,4626.686184071152
2016-11-29 16:00:00,4635.677471737219
2016-11-29 17:00:00,4726.055612933491
2016-11-29 18:00:00,4912.755490783942
2016-11-29 19:00:00,4708.461944422028
2016-11-29 20:00:00,4688.989027531974
2016-11-29 21:00:00,4671.21235280106
2016-11-29 22:00:00,4601.040906447245
2016-11-29 23:00:00,4492.041291171129
2016-11-30 00:00:00,4439.478136722437
2016-11-30 01:00:00,4496.292083756819
2016-11-30 02:00:00,4597.556550391581
2016-11-30 03:00:00,4628.662408067565
2016-11-30 04:00:00,4648.6346486097245
2016-11-30 05:00:00,4667.329785205717
2016-11-30 06:00:00,4809.93378511192
2016-11-30 07:00:00,4928.2047903228095
2016-11-30 08:00:00,4730.755482370117
2016-11-30 09:00:00,4650.182621050962
2016-11-30 10:00:00,4655.824196496774
2016-11-30 11:00:00,4659.243372280617
2016-11-30 12:00:00,4645.14716891523
2016-11-30 13:00:00,4639.814906870358
2016-11-30 14:00:00,4641.8398156876865
2016-11-30 15:00:00,4619.9061473378715
2016-11-30 16:00:00,4628.89743500394
2016-11-30 17:00:00,4720.621376977097
2016-11-30 18:00:00,4905.160948523527
2016-11-30 19:00:00,4700.8674021616125
2016-11-30 20:00:00,4684.020616937037
2016-11-30 21:00:00,4666.2439422061225
2016-11-30 22:00:00,4596.072495852308
2016-11-30 23:00:00,4490.6544478045
2016-12-01 00:00:00,4436.525022811232
2016-12-01 01:00:00,4493.169409212834
2016-12-01 02:00:00,4594.433875847596
2016-12-01 03:00:00,4625.539733523579
2016-12-01 04:00:00,4645.511974065739
2016-12-01 05:00:00,4664.207110661731
2016-12-01 06:00:00,4806.8111105679345
2016-12-01 07:00:00,4925.082115778823
2016-12-01 08:00:00,4727.63280782613
2016-12-01 09:00:00,4647.246117301547
2016-12-01 10:00:00,4652.887692747358
2016-12-01 11:00:00,4656.306868531202
2016-12-01 12:00:00,4642.210665165815
2016-12-01 13:00:00,4636.8784031209425
2016-12-01 14:00:00,4638.903311938272
2016-12-01 15:00:00,4616.9489289036765
2016-12-01 16:00:00,4625.940216569744
2016-12-01 17:00:00,4717.664158542901
2016-12-01 18:00:00,4902.203730089331
2016-12-01 19:00:00,4697.99059836386
2016-12-01 20:00:00,4681.161940449871
2016-12-01 21:00:00,4663.385265718956
2016-12-01 22:00:00,4593.817014069846
2016-12-01 23:00:00,4491.008021092669
2016-12-02 00:00:00,4448.5456675454025
2016-12-02 01:00:00,4496.712058918878
2016-12-02 02:00:00,4594.6530662466175
2016-12-02 03:00:00,4625.758923922602
2016-12-02 04:00:00,4646.176826372915
2016-12-02 05:00:00,4665.163974101588
2016-12-02 06:00:00,4806.50103843437
2016-12-02 07:00:00,4920.235776603258
2016-12-02 08:00:00,4728.226804403636
2016-12-02 09:00:00,4656.803838510888
2016-12-02 10:00:00,4661.825450662279
2016-12-02 11:00:00,4675.426754839983
2016-12-02 12:00:00,4659.794513437865
2016-12-02 13:00:00,4654.562516800885
2016-12-02 14:00:00,4658.255177247663
2016-12-02 15:00:00,4636.300794213067
2016-12-02 16:00:00,4643.169196907995
2016-12-02 17:00:00,4735.907246362266
2016-12-02 18:00:00,4916.459709993989
2016-12-02 19:00:00,4689.617903068672
2016-12-02 20:00:00,4664.843005862512
2016-12-02 21:00:00,4648.257647706341
2016-12-02 22:00:00,4603.830753044231
2016-12-02 23:00:00,4520.558082782573
2016-12-03 00:00:00,4447.089211901763
2016-12-03 01:00:00,4484.085890395279
2016-12-03 02:00:00,4574.841963422291
2016-12-03 03:00:00,4606.061380568129
2016-12-03 04:00:00,4626.665033873816
2016-12-03 05:00:00,4633.217769369683
2016-12-03 06:00:00,4697.1555916719135
2016-12-03 07:00:00,4719.033981849782
2016-12-03 08:00:00,4708.9491720900505
2016-12-03 09:00:00,4711.070186786352
2016-12-03 10:00:00,4696.890380965528
2016-12-03 11:00:00,4670.84128556947
2016-12-03 12:00:00,4652.684894569014
2016-12-03 13:00:00,4649.809472233086
2016-12-03 14:00:00,4646.601478010251
2016-12-03 15:00:00,4636.371354826892
2016-12-03 16:00:00,4649.287358957502
2016-12-03 17:00:00,4748.4735878828915
2016-12-03 18:00:00,4926.496759654607
2016-12-03 19:00:00,4700.486106510151
2016-12-03 20:00:00,4675.711209303991
2016-12-03 21:00:00,4659.125851147821
2016-12-03 22:00:00,4608.867006615836
2016-12-03 23:00:00,4530.932323164956
2016-12-04 00:00:00,4453.928597318371
2016-12-04 01:00:00,4487.586327977777
2016-12-04 02:00:00,4579.968659836055
2016-12-04 03:00:00,4611.188076981887
2016-12-04 04:00:00,4633.094658203764
2016-12-04 05:00:00,4640.087167603099
2016-12-04 06:00:00,4700.885233973182
2016-12-04 07:00:00,4722.348269429937
2016-12-04 08:00:00,4709.556384433363
2016-12-04 09:00:00,4713.128103804893
2016-12-04 10:00:00,4680.211258046618
2016-12-04 11:00:00,4650.902721530048
2016-12-04 12:00:00,4658.348379937133
2016-12-04 13:00:00,4660.776936367027
2016-12-04 14:00:00,4650.156399421197
2016-12-04 15:00:00,4639.924267831418
2016-12-04 16:00:00,4653.55549223626
2016-12-04 17:00:00,4758.988006188076
2016-12-04 18:00:00,4942.296154265625
2016-12-04 19:00:00,4724.387884309354
2016-12-04 20:00:00,4702.11640870813
2016-12-04 21:00:00,4680.779615534347
2016-12-04 22:00:00,4595.982155687632
2016-12-04 23:00:00,4524.521930323418
2016-12-05 00:00:00,4485.177617082143
2016-12-05 01:00:00,4544.490910452872
2016-12-05 02:00:00,4652.707964328579
2016-12-05 03:00:00,4688.325713357823
2016-12-05 04:00:00,4708.164915404677
2016-12-05 05:00:00,4739.519839833912
2016-12-05 06:00:00,4883.130855696608
2016-12-05 07:00:00,5003.968051481793
2016-12-05 08:00:00,4790.579211914424
2016-12-05 09:00:00,4670.662721626373
2016-12-05 10:00:00,4673.867621598723
2016-12-05 11:00:00,4664.589604392035
2016-12-05 12:00:00,4650.0659902289235
2016-12-05 13:00:00,4646.523180079377
2016-12-05 14:00:00,4645.2301845118
2016-12-05 15:00:00,4623.117156893448
2016-12-05 16:00:00,4632.480875947402
2016-12-05 17:00:00,4724.785244527989
2016-12-05 18:00:00,4909.0918229986855
2016-12-05 19:00:00,4703.7588591832
2016-12-05 20:00:00,4683.310935791324
2016-12-05 21:00:00,4663.562414560502
2016-12-05 22:00:00,4581.367295865326
2016-12-05 23:00:00,4472.36768058921
2016-12-06 00:00:00,4429.555570033013
2016-12-06 01:00:00,4486.557637611804
2016-12-06 02:00:00,4594.257774147164
2016-12-06 03:00:00,4627.225344494772
2016-12-06 04:00:00,4647.197585036931
2016-12-06 05:00:00,4670.9575107177825
2016-12-06 06:00:00,4813.507943151999
2016-12-06 07:00:00,4931.7789483628885
2016-12-06 08:00:00,4735.101737578108
2016-12-06 09:00:00,4654.1989702717465
2016-12-06 10:00:00,4659.840545717558
2016-12-06 11:00:00,4664.596290991495
2016-12-06 12:00:00,4650.500087626108
2016-12-06 13:00:00,4645.167825581236
2016-12-06 14:00:00,4647.192734398565
2016-12-06 15:00:00,4625.25906604875
2016-12-06 16:00:00,4634.250353714818
2016-12-06 17:00:00,4724.62849491109
2016-12-06 18:00:00,4911.32837276154
2016-12-06 19:00:00,4707.034826399626
2016-12-06 20:00:00,4687.561909509573
2016-12-06 21:00:00,4669.785234778658
2016-12-06 22:00:00,4599.613788424844
2016-12-06 23:00:00,4490.614173148728
2016-12-07 00:00:00,4440.150784513588
2016-12-07 01:00:00,4496.964731547971
2016-12-07 02:00:00,4598.229198182733
2016-12-07 03:00:00,4629.335055858716
2016-12-07 04:00:00,4649.307296400876
2016-12-07 05:00:00,4668.002432996868
2016-12-07 06:00:00,4810.606432903071
2016-12-07 07:00:00,4928.87743811396
2016-12-07 08:00:00,4731.428130161268
2016-12-07 09:00:00,4650.855268842113
2016-12-07 10:00:00,4656.496844287925
2016-12-07 11:00:00,4659.916020071769
2016-12-07 12:00:00,4645.819816706382
2016-12-07 13:00:00,4640.487554661509
2016-12-07 14:00:00,4642.512463478838
2016-12-07 15:00:00,4620.578795129023
2016-12-07 16:00:00,4629.5700827950905
2016-12-07 17:00:00,4721.294024768247
2016-12-07 18:00:00,4905.833596314678
2016-12-07 19:00:00,4701.540049952764
2016-12-07 20:00:00,4684.693264728188
2016-12-07 21:00:00,4666.916589997274
2016-12-07 22:00:00,4596.745143643459
2016-12-07 23:00:00,4491.327095595651
2016-12-08 00:00:00,4437.197670602383
2016-12-08 01:00:00,4493.842057003985
2016-12-08 02:00:00,4595.106523638748
2016-12-08 03:00:00,4626.212381314731
2016-12-08 04:00:00,4646.18462185689
2016-12-08 05:00:00,4664.879758452883
2016-12-08 06:00:00,4807.483758359086
2016-12-08 07:00:00,4925.754763569975
2016-12-08 08:00:00,4728.305455617282
2016-12-08 09:00:00,4647.918765092698
2016-12-08 10:00:00,4653.56034053851
2016-12-08 11:00:00,4656.979516322353
2016-12-08 12:00:00,4642.883312956967
2016-12-08 13:00:00,4637.551050912094
2016-12-08 14:00:00,4639.575959729424
2016-12-08 15:00:00,4617.621576694828
2016-12-08 16:00:00,4626.612864360895
2016-12-08 17:00:00,4718.336806334052
2016-12-08 18:00:00,4902.876377880482
2016-12-08 19:00:00,4698.663246155012
2016-12-08 20:00:00,4681.834588241022
2016-12-08 21:00:00,4664.057913510108
2016-12-08 22:00:00,4594.489661860997
2016-12-08 23:00:00,4491.6806688838205
2016-12-09 00:00:00,4443.344111871809
2016-12-09 01:00:00,4491.510503245285
2016-12-09 02:00:00,4593.980121397007
2016-12-09 03:00:00,4625.085979072991
2016-12-09 04:00:00,4645.503881523303
2016-12-09 05:00:00,4664.491029251976
2016-12-09 06:00:00,4805.828093584758
2016-12-09 07:00:00,4919.562831753647
2016-12-09 08:00:00,4727.553859554025
2016-12-09 09:00:00,4655.99243533964
2016-12-09 10:00:00,4661.01404749103
2016-12-09 11:00:00,4674.615351668735
2016-12-09 12:00:00,4658.983110266617
2016-12-09 13:00:00,4653.751113629636
2016-12-09 14:00:00,4657.443774076413
2016-12-09 15:00:00,4635.489391041818
2016-12-09 16:00:00,4642.357793736745
2016-12-09 17:00:00,4735.095843191018
2016-12-09 18:00:00,4915.648306822741
2016-12-09 19:00:00,4688.806499897422
2016-12-09 20:00:00,4664.031602691263
2016-12-09 21:00:00,4647.446244535093
2016-12-09 22:00:00,4603.019349872982
2016-12-09 23:00:00,4519.746679611325
2016-12-10 00:00:00,4441.887656228169
2016-12-10 01:00:00,4478.884334721686
2016-12-10 02:00:00,4574.169018572681
2016-12-10 03:00:00,4605.388435718517
2016-12-10 04:00:00,4625.992089024206
2016-12-10 05:00:00,4632.544824520071
2016-12-10 06:00:00,4696.482646822302
2016-12-10 07:00:00,4718.361037000171
2016-12-10 08:00:00,4708.276227240439
2016-12-10 09:00:00,4710.258783615103
2016-12-10 10:00:00,4696.078977794279
2016-12-10 11:00:00,4670.029882398221
2016-12-10 12:00:00,4651.873491397766
2016-12-10 13:00:00,4648.998069061837
2016-12-10 14:00:00,4645.790074839003
2016-12-10 15:00:00,4635.559951655643
2016-12-10 16:00:00,4648.4759557862535
2016-12-10 17:00:00,4747.662184711642
2016-12-10 18:00:00,4925.685356483358
2016-12-10 19:00:00,4699.674703338902
2016-12-10 20:00:00,4674.899806132742
2016-12-10 21:00:00,4658.314447976572
2016-12-10 22:00:00,4608.055603444587
2016-12-10 23:00:00,4530.1209199937075
2016-12-11 00:00:00,4450.051201281292
2016-12-11 01:00:00,4483.708931940697
2016-12-11 02:00:00,4579.295615269943
2016-12-11 03:00:00,4610.515032415775
2016-12-11 04:00:00,4632.421613637652
2016-12-11 05:00:00,4639.414123036987
2016-12-11 06:00:00,4700.21218940707
2016-12-11 07:00:00,4721.675224863825
2016-12-11 08:00:00,4708.8833398672505
2016-12-11 09:00:00,4712.316600917143
2016-12-11 10:00:00,4679.399755158868
2016-12-11 11:00:00,4650.091218642299
2016-12-11 12:00:00,4657.536877049383
2016-12-11 13:00:00,4659.965433479277
2016-12-11 14:00:00,4649.344896533447
2016-12-11 15:00:00,4639.1127649436685
2016-12-11 16:00:00,4652.743989348511
2016-12-11 17:00:00,4758.176503300326
2016-12-11 18:00:00,4941.484651377876
2016-12-11 19:00:00,4723.576381421605
2016-12-11 20:00:00,4701.304905820381
2016-12-11 21:00:00,4679.968112646597
2016-12-11 22:00:00,4595.170652799882
2016-12-11 23:00:00,4523.710427435668
2016-12-12 00:00:00,4479.675884548489
2016-12-12 01:00:00,4538.989177919219
2016-12-12 02:00:00,4651.734842618907
2016-12-12 03:00:00,4687.352591648151
2016-12-12 04:00:00,4707.191793695006
2016-12-12 05:00:00,4738.546718124241
2016-12-12 06:00:00,4882.157733986936
2016-12-12 07:00:00,5002.994929772121
2016-12-12 08:00:00,4789.606090204753
2016-12-12 09:00:00,4669.551141595065
2016-12-12 10:00:00,4672.756041567414
2016-12-12 11:00:00,4663.478024360726
2016-12-12 12:00:00,4648.954410197615
2016-12-12 13:00:00,4645.411600048069
2016-12-12 14:00:00,4644.118604480491
2016-12-12 15:00:00,4622.00557686214
2016-12-12 16:00:00,4631.369295916093
2016-12-12 17:00:00,4723.6736644966795
2016-12-12 18:00:00,4907.980242967377
2016-12-12 19:00:00,4702.647279151891
2016-12-12 20:00:00,4682.199355760015
2016-12-12 21:00:00,4662.450834529193
2016-12-12 22:00:00,4580.255715834017
2016-12-12 23:00:00,4471.256100557902
2016-12-13 00:00:00,4424.087073712073
2016-12-13 01:00:00,4481.089141290863
2016-12-13 02:00:00,4593.317888650205
2016-12-13 03:00:00,4626.285458997812
2016-12-13 04:00:00,4646.257699539972
2016-12-13 05:00:00,4670.017625220824
2016-12-13 06:00:00,4812.56805765504
2016-12-13 07:00:00,4930.83906286593
2016-12-13 08:00:00,4734.16185208115
2016-12-13 09:00:00,4653.12062645315
2016-12-13 10:00:00,4658.762201898962
2016-12-13 11:00:00,4663.517947172899
2016-12-13 12:00:00,4649.421743807512
2016-12-13 13:00:00,4644.0894817626395
2016-12-13 14:00:00,4646.114390579969
2016-12-13 15:00:00,4624.180722230154
2016-12-13 16:00:00,4633.172009896221
2016-12-13 17:00:00,4723.550151092493
2016-12-13 18:00:00,4910.2500289429445
2016-12-13 19:00:00,4705.95648258103
2016-12-13 20:00:00,4686.483565690976
2016-12-13 21:00:00,4668.706890960062
2016-12-13 22:00:00,4598.535444606247
2016-12-13 23:00:00,4489.535829330131
2016-12-14 00:00:00,4434.682288192647
2016-12-14 01:00:00,4491.4962352270295
2016-12-14 02:00:00,4597.289312685774
2016-12-14 03:00:00,4628.395170361758
2016-12-14 04:00:00,4648.367410903917
2016-12-14 05:00:00,4667.06254749991
2016-12-14 06:00:00,4809.666547406113
2016-12-14 07:00:00,4927.9375526170015
2016-12-14 08:00:00,4730.488244664309
2016-12-14 09:00:00,4649.776925023517
2016-12-14 10:00:00,4655.418500469329
2016-12-14 11:00:00,4658.8376762531725
2016-12-14 12:00:00,4644.741472887786
2016-12-14 13:00:00,4639.409210842913
2016-12-14 14:00:00,4641.434119660242
2016-12-14 15:00:00,4619.500451310427
2016-12-14 16:00:00,4628.491738976495
2016-12-14 17:00:00,4720.215680949652
2016-12-14 18:00:00,4904.755252496082
2016-12-14 19:00:00,4700.461706134168
2016-12-14 20:00:00,4683.614920909592
2016-12-14 21:00:00,4665.838246178678
2016-12-14 22:00:00,4595.666799824863
2016-12-14 23:00:00,4490.248751777055
2016-12-15 00:00:00,4431.686508262255
2016-12-15 01:00:00,4488.330894663857
2016-12-15 02:00:00,4594.123972122601
2016-12-15 03:00:00,4625.229829798584
2016-12-15 04:00:00,4645.202070340743
2016-12-15 05:00:00,4663.897206936736
2016-12-15 06:00:00,4806.50120684294
2016-12-15 07:00:00,4924.772212053828
2016-12-15 08:00:00,4727.3229041011355
2016-12-15 09:00:00,4646.797755254915
2016-12-15 10:00:00,4652.439330700727
2016-12-15 11:00:00,4655.85850648457
2016-12-15 12:00:00,4641.762303119183
2016-12-15 13:00:00,4636.430041074311
2016-12-15 14:00:00,4638.454949891639
2016-12-15 15:00:00,4616.500566857044
2016-12-15 16:00:00,4625.491854523111
2016-12-15 17:00:00,4717.470440511407
2016-12-15 18:00:00,4900.041761439356
2016-12-15 19:00:00,4695.828629713886
2016-12-15 20:00:00,4678.999971799895
2016-12-15 21:00:00,4661.223297068981
2016-12-15 22:00:00,4591.6550454198705
2016-12-15 23:00:00,4488.846052442694
2016-12-16 00:00:00,4443.318393965703
2016-12-16 01:00:00,4491.484785339179
2016-12-16 02:00:00,4593.954403490901
2016-12-16 03:00:00,4625.0602611668855
2016-12-16 04:00:00,4645.478163617197
2016-12-16 05:00:00,4664.465311345871
2016-12-16 06:00:00,4805.802375678652
2016-12-16 07:00:00,4919.537113847541
2016-12-16 08:00:00,4727.528141647919
2016-12-16 09:00:00,4655.9667174335345
2016-12-16 10:00:00,4660.988329584925
2016-12-16 11:00:00,4674.589633762629
2016-12-16 12:00:00,4658.957392360511
2016-12-16 13:00:00,4653.725395723531
2016-12-16 14:00:00,4657.418056170309
2016-12-16 15:00:00,4635.463673135713
2016-12-16 16:00:00,4642.33207583064
2016-12-16 17:00:00,4735.32476930005
2016-12-16 18:00:00,4913.908982313293
2016-12-16 19:00:00,4687.067175387975
2016-12-16 20:00:00,4662.292278181815
2016-12-16 21:00:00,4645.706920025645
2016-12-16 22:00:00,4601.280025363534
2016-12-16 23:00:00,4518.007355101876
2016-12-17 00:00:00,4441.552074688141
2016-12-17 01:00:00,4478.548753181658
2016-12-17 02:00:00,4573.833437032652
2016-12-17 03:00:00,4605.052854178488
2016-12-17 04:00:00,4625.6565074841765
2016-12-17 05:00:00,4632.209242980042
2016-12-17 06:00:00,4696.147065282274
2016-12-17 07:00:00,4718.0254554601415
2016-12-17 08:00:00,4707.94064570041
2016-12-17 09:00:00,4709.923202075074
2016-12-17 10:00:00,4695.74339625425
2016-12-17 11:00:00,4669.694300858192
2016-12-17 12:00:00,4651.537909857737
2016-12-17 13:00:00,4648.6624875218085
2016-12-17 14:00:00,4645.454493298974
2016-12-17 15:00:00,4635.224370115614
2016-12-17 16:00:00,4648.140374246224
2016-12-17 17:00:00,4747.581247186752
2016-12-17 18:00:00,4923.636168339986
2016-12-17 19:00:00,4697.625515195531
2016-12-17 20:00:00,4672.850617989371
2016-12-17 21:00:00,4656.265259833201
2016-12-17 22:00:00,4606.006415301215
2016-12-17 23:00:00,4528.071731850336
2016-12-18 00:00:00,4448.921618363456
2016-12-18 01:00:00,4482.579349022861
2016-12-18 02:00:00,4578.166032352107
2016-12-18 03:00:00,4611.130659609368
2016-12-18 04:00:00,4633.037240831245
2016-12-18 05:00:00,4640.02975023058
2016-12-18 06:00:00,4700.827816600663
2016-12-18 07:00:00,4722.290852057418
2016-12-18 08:00:00,4709.498967060843
2016-12-18 09:00:00,4712.932228110736
2016-12-18 10:00:00,4680.0153823524615
2016-12-18 11:00:00,4651.670291246214
2016-12-18 12:00:00,4659.115949653298
2016-12-18 13:00:00,4661.544506083192
2016-12-18 14:00:00,4650.923969137362
2016-12-18 15:00:00,4640.691837547583
2016-12-18 16:00:00,4654.323061952426
2016-12-18 17:00:00,4761.242426606999
2016-12-18 18:00:00,4941.429755259649
2016-12-18 19:00:00,4723.521485303379
2016-12-18 20:00:00,4701.250009702155
2016-12-18 21:00:00,4679.913216528371
2016-12-18 22:00:00,4595.115756681656
2016-12-18 23:00:00,4523.655531317442
2016-12-19 00:00:00,4478.818515692333
2016-12-19 01:00:00,4538.131809063063
2016-12-19 02:00:00,4650.877473762752
2016-12-19 03:00:00,4687.916352773328
2016-12-19 04:00:00,4707.755554820183
2016-12-19 05:00:00,4739.110479249418
2016-12-19 06:00:00,4882.721495112113
2016-12-19 07:00:00,5003.558690897298
2016-12-19 08:00:00,4790.16985132993
2016-12-19 09:00:00,4670.114902720242
2016-12-19 10:00:00,4673.319802692592
2016-12-19 11:00:00,4663.91665324823
2016-12-19 12:00:00,4649.393039085119
2016-12-19 13:00:00,4645.850228935573
2016-12-19 14:00:00,4644.557233367996
2016-12-19 15:00:00,4622.4442057496435
2016-12-19 16:00:00,4631.807924803597
2016-12-19 17:00:00,4728.338924680024
2016-12-19 18:00:00,4909.40855799493
2016-12-19 19:00:00,4704.075594179444
2016-12-19 20:00:00,4683.627670787568
2016-12-19 21:00:00,4663.879149556746
2016-12-19 22:00:00,4581.68403086157
2016-12-19 23:00:00,4472.684415585454
2016-12-20 00:00:00,4425.7454835717435
2016-12-20 01:00:00,4475.937233964722
2016-12-20 02:00:00,4588.165981324065
2016-12-20 03:00:00,4622.554681653006
2016-12-20 04:00:00,4642.526922195165
2016-12-20 05:00:00,4666.2868478760165
2016-12-20 06:00:00,4808.837280310234
2016-12-20 07:00:00,4906.469258282221
2016-12-20 08:00:00,4731.083982795767
2016-12-20 09:00:00,4650.042757167767
2016-12-20 10:00:00,4655.6843326135795
2016-12-20 11:00:00,4660.314945649844
2016-12-20 12:00:00,4646.218742284457
2016-12-20 13:00:00,4640.886480239585
2016-12-20 14:00:00,4642.911389056914
2016-12-20 15:00:00,4620.977720707099
2016-12-20 16:00:00,4629.969008373167
2016-12-20 17:00:00,4724.573780865278
2016-12-20 18:00:00,4908.036713559937
2016-12-20 19:00:00,4700.92605143221
2016-12-20 20:00:00,4677.361910730018
2016-12-20 21:00:00,4664.16772025803
2016-12-20 22:00:00,4601.2598043438475
2016-12-20 23:00:00,4495.099729437832
2016-12-21 00:00:00,4433.152082373681
2016-12-21 01:00:00,4483.155712222251
2016-12-21 02:00:00,4588.948789680998
2016-12-21 03:00:00,4621.475777338314
2016-12-21 04:00:00,4641.448017880474
2016-12-21 05:00:00,4661.511769649806
2016-12-21 06:00:00,4796.738005734174
2016-12-21 07:00:00,4894.369983706162
2016-12-21 08:00:00,4726.516805106301
2016-12-21 09:00:00,4649.024141580082
2016-12-21 10:00:00,4654.665717025893
2016-12-21 11:00:00,4658.191055273251
2016-12-21 12:00:00,4644.094851907864
2016-12-21 13:00:00,4638.762589862991
2016-12-21 14:00:00,4640.787498680321
2016-12-21 15:00:00,4618.853830330506
2016-12-21 16:00:00,4627.845117996573
2016-12-21 17:00:00,4721.055910672489
2016-12-21 18:00:00,4902.474662794019
2016-12-21 19:00:00,4692.231519341356
2016-12-21 20:00:00,4667.106014458485
2016-12-21 21:00:00,4653.911823986497
2016-12-21 22:00:00,4606.94752566987
2016-12-21 23:00:00,4508.502103311023
2016-12-22 00:00:00,4430.303496282806
2016-12-22 01:00:00,4480.137565498596
2016-12-22 02:00:00,4585.930642957343
2016-12-22 03:00:00,4618.457630614659
2016-12-22 04:00:00,4638.429871156818
2016-12-22 05:00:00,4658.49362292615
2016-12-22 06:00:00,4793.719859010518
2016-12-22 07:00:00,4891.351836982506
2016-12-22 08:00:00,4723.498658382645
2016-12-22 09:00:00,4646.192165650997
2016-12-22 10:00:00,4651.833741096808
2016-12-22 11:00:00,4655.359079344165
2016-12-22 12:00:00,4641.2628759787785
2016-12-22 13:00:00,4635.930613933906
2016-12-22 14:00:00,4637.955522751236
2016-12-22 15:00:00,4616.00113971664
2016-12-22 16:00:00,4624.992427382707
2016-12-22 17:00:00,4718.203220058623
2016-12-22 18:00:00,4899.621972180153
2016-12-22 19:00:00,4689.459243363934
2016-12-22 20:00:00,4664.351865791648
2016-12-22 21:00:00,4651.1576753196605
2016-12-22 22:00:00,4604.796571707738
2016-12-22 23:00:00,4508.960204419523
2016-12-23 00:00:00,4446.946148417732
2016-12-23 01:00:00,4475.774088959676
2016-12-23 02:00:00,4579.5224006132585
2016-12-23 03:00:00,4612.049388270576
2016-12-23 04:00:00,4632.467290720889
2016-12-23 05:00:00,4649.294950458695
2016-12-23 06:00:00,4753.739123463793
2016-12-23 07:00:00,4834.573245814661
2016-12-23 08:00:00,4726.729097304169
2016-12-23 09:00:00,4665.705732132489
2016-12-23 10:00:00,4670.727344283879
2016-12-23 11:00:00,4661.244018126361
2016-12-23 12:00:00,4645.611776724243
2016-12-23 13:00:00,4640.379780087262
2016-12-23 14:00:00,4644.072440534041
2016-12-23 15:00:00,4622.118057499444
2016-12-23 16:00:00,4633.545671516549
2016-12-23 17:00:00,4727.770571673579
2016-12-23 18:00:00,4905.202215880403
2016-12-23 19:00:00,4665.975013197348
2016-12-23 20:00:00,4639.932146781702
2016-12-23 21:00:00,4644.384612553433
2016-12-23 22:00:00,4622.199194978213
2016-12-23 23:00:00,4545.8991504055175
2016-12-24 00:00:00,4455.145827842873
2016-12-24 01:00:00,4467.156791226324
2016-12-24 02:00:00,4560.751600910498
2016-12-24 03:00:00,4593.716228167763
2016-12-24 04:00:00,4614.3198814734515
2016-12-24 05:00:00,4621.985542082273
2016-12-24 06:00:00,4689.786436489941
2016-12-24 07:00:00,4716.224513118405
2016-12-24 08:00:00,4700.232840412738
2016-12-24 09:00:00,4701.4093807551935
2016-12-24 10:00:00,4687.229574934369
2016-12-24 11:00:00,4661.660882462463
2016-12-24 12:00:00,4643.5044914620075
2016-12-24 13:00:00,4640.629069126079
2016-12-24 14:00:00,4637.4210749032445
2016-12-24 15:00:00,4627.190951719885
2016-12-24 16:00:00,4639.73450633344
2016-12-24 17:00:00,4740.407585961587
2016-12-24 18:00:00,4915.309938308403
2016-12-24 19:00:00,4684.849310427072
2016-12-24 20:00:00,4656.794254122077
2016-12-24 21:00:00,4642.548832200057
2016-12-24 22:00:00,4619.419187593706
2016-12-24 23:00:00,4548.457129831787
2016-12-25 00:00:00,4464.284820864863
2016-12-25 01:00:00,4472.956836414202
2016-12-25 02:00:00,4566.853645576626
2016-12-25 03:00:00,4599.818272833891
2016-12-25 04:00:00,4621.724854055767
2016-12-25 05:00:00,4629.830288568057
2016-12-25 06:00:00,4693.879256949902
2016-12-25 07:00:00,4719.901978857254
2016-12-25 08:00:00,4702.172323494647
2016-12-25 09:00:00,4704.79956851233
2016-12-25 10:00:00,4671.882722754055
2016-12-25 11:00:00,4641.299399036436
2016-12-25 12:00:00,4648.74505744352
2016-12-25 13:00:00,4651.173613873413
2016-12-25 14:00:00,4640.553076927584
2016-12-25 15:00:00,4630.320945337805
2016-12-25 16:00:00,4643.579720225591
2016-12-25 17:00:00,4750.499084880165
2016-12-25 18:00:00,4930.686413532815
2016-12-25 19:00:00,4708.328168839669
2016-12-25 20:00:00,4682.77653413961
2016-12-25 21:00:00,4663.7796771999765
2016-12-25 22:00:00,4606.111417278896
2016-12-25 23:00:00,4541.623817603642
2016-12-26 00:00:00,4499.0606912789935
2016-12-26 01:00:00,4528.797949580363
2016-12-26 02:00:00,4639.428440397993
2016-12-26 03:00:00,4676.467319408569
2016-12-26 04:00:00,4696.3065214554235
2016-12-26 05:00:00,4722.236755505298
2016-12-26 06:00:00,4831.976794200673
2016-12-26 07:00:00,4908.804069693795
2016-12-26 08:00:00,4791.941547812577
2016-12-26 09:00:00,4694.480360744308
2016-12-26 10:00:00,4697.6852607166575
2016-12-26 11:00:00,4665.236670115782
2016-12-26 12:00:00,4650.71305595267
2016-12-26 13:00:00,4647.170245803125
2016-12-26 14:00:00,4645.877250235547
2016-12-26 15:00:00,4623.764222617196
2016-12-26 16:00:00,4632.429330307921
2016-12-26 17:00:00,4728.960330184349
2016-12-26 18:00:00,4910.029963499254
2016-12-26 19:00:00,4697.743064770071
2016-12-26 20:00:00,4668.962117492728
2016-12-26 21:00:00,4653.571692241939
2016-12-26 22:00:00,4598.958174586362
2016-12-26 23:00:00,4496.931184999208
2016-12-27 00:00:00,4442.767995982691
2016-12-27 01:00:00,4472.934304156808
2016-12-27 02:00:00,4583.0478776340915
2016-12-27 03:00:00,4617.436577963033
2016-12-27 04:00:00,4637.408818505193
2016-12-27 05:00:00,4659.009256195177
2016-12-27 06:00:00,4767.686006853484
2016-12-27 07:00:00,4841.94709177231
2016-12-27 08:00:00,4738.727853383835
2016-12-27 09:00:00,4672.329047376775
2016-12-27 10:00:00,4677.970622822587
2016-12-27 11:00:00,4660.847655304085
2016-12-27 12:00:00,4646.751451938698
2016-12-27 13:00:00,4641.419189893825
2016-12-27 14:00:00,4643.444098711155
2016-12-27 15:00:00,4621.51043036134
2016-12-27 16:00:00,4629.5694477757315
2016-12-27 17:00:00,4724.174220267843
2016-12-27 18:00:00,4907.637152962502
2016-12-27 19:00:00,4696.389671686891
2016-12-27 20:00:00,4668.5837309113695
2016-12-27 21:00:00,4655.165152160489
2016-12-27 22:00:00,4613.233766755712
2016-12-27 23:00:00,4511.206777168558
2016-12-28 00:00:00,4454.843199127233
2016-12-28 01:00:00,4484.821386756941
2016-12-28 02:00:00,4588.499290333628
2016-12-28 03:00:00,4621.026277990944
2016-12-28 04:00:00,4640.998518533104
2016-12-28 05:00:00,4657.534167138229
2016-12-28 06:00:00,4763.245275716748
2016-12-28 07:00:00,4837.506360635574
2016-12-28 08:00:00,4734.645491040134
2016-12-28 09:00:00,4671.02997102201
2016-12-28 10:00:00,4676.671546467822
2016-12-28 11:00:00,4656.737283074295
2016-12-28 12:00:00,4642.641079708909
2016-12-28 13:00:00,4637.308817664037
2016-12-28 14:00:00,4639.333726481365
2016-12-28 15:00:00,4617.40005813155
2016-12-28 16:00:00,4625.459075545942
2016-12-28 17:00:00,4718.6698682218575
2016-12-28 18:00:00,4900.088620343388
2016-12-28 19:00:00,4688.8411390677775
2016-12-28 20:00:00,4663.661329957734
2016-12-28 21:00:00,4650.2427512068525
2016-12-28 22:00:00,4608.311365802077
2016-12-28 23:00:00,4509.86594344323
2016-12-29 00:00:00,4449.518856682009
2016-12-29 01:00:00,4479.494833236515
2016-12-29 02:00:00,4583.172736813201
2016-12-29 03:00:00,4615.699724470517
2016-12-29 04:00:00,4635.671965012677
2016-12-29 05:00:00,4652.207613617802
2016-12-29 06:00:00,4757.918722196321
2016-12-29 07:00:00,4832.179807115147
2016-12-29 08:00:00,4729.318937519707
2016-12-29 09:00:00,4665.889588296153
2016-12-29 10:00:00,4671.5311637419645
2016-12-29 11:00:00,4651.596900348439
2016-12-29 12:00:00,4637.500696983052
2016-12-29 13:00:00,4632.168434938179
2016-12-29 14:00:00,4633.779288124704
2016-12-29 15:00:00,4611.525226721322
2016-12-29 16:00:00,4619.584244135714
2016-12-29 17:00:00,4712.795036811629
2016-12-29 18:00:00,4894.21378893316
2016-12-29 19:00:00,4683.046722293992
2016-12-29 20:00:00,4657.885040494534
2016-12-29 21:00:00,4644.466461743654
2016-12-29 22:00:00,4603.138271043581
2016-12-29 23:00:00,4507.301903755366
2016-12-30 00:00:00,4455.089270800894
2016-12-30 01:00:00,4476.587252327274
2016-12-30 02:00:00,4576.941696596937
2016-12-30 03:00:00,4609.468684254254
2016-12-30 04:00:00,4629.886586704567
2016-12-30 05:00:00,4646.714246442373
2016-12-30 06:00:00,4751.158419447471
2016-12-30 07:00:00,4820.883237324296
2016-12-30 08:00:00,4722.049741219168
2016-12-30 09:00:00,4661.567212446612
2016-12-30 10:00:00,4672.699191056741
2016-12-30 11:00:00,4664.357186945943
2016-12-30 12:00:00,4645.217438725819
2016-12-30 13:00:00,4639.985442088839
2016-12-30 14:00:00,4643.264046904812
2016-12-30 15:00:00,4621.00998550143
2016-12-30 16:00:00,4632.437599518534
2016-12-30 17:00:00,4726.6624996755645
2016-12-30 18:00:00,4904.094143882388
2016-12-30 19:00:00,4657.199275068815
2016-12-30 20:00:00,4620.974490275459
2016-12-30 21:00:00,4608.041611202619
2016-12-30 22:00:00,4594.600214614927
2016-12-30 23:00:00,4526.031602221135
2016-12-31 00:00:00,4449.402649951203
2016-12-31 01:00:00,4466.392785369911
2016-12-31 02:00:00,4559.987595054085
2016-12-31 03:00:00,4592.95222231135
2016-12-31 04:00:00,4613.5558756170385
2016-12-31 05:00:00,4621.22153622586
2016-12-31 06:00:00,4689.022430633528
2016-12-31 07:00:00,4715.4605072619925
2016-12-31 08:00:00,4698.055872293567
2016-12-31 09:00:00,4699.232412636022
2016-12-31 10:00:00,4691.1629732739375
2016-12-31 11:00:00,4666.735602848751
2016-12-31 12:00:00,4645.071705030289
2016-12-31 13:00:00,4642.196282694361
2016-12-31 14:00:00,4638.671399837357
2016-12-31 15:00:00,4626.478488116177
2016-12-31 16:00:00,4639.022042729732
2016-12-31 17:00:00,4739.695122357879
2016-12-31 18:00:00,4914.597474704695
2016-12-31 19:00:00,4668.533759671985
2016-12-31 20:00:00,4632.308974878629
2016-12-31 21:00:00,4619.376095805787
2016-12-31 22:00:00,4604.990472186963
2016-12-31 23:00:00,4541.759846603949
2017-01-01 00:00:00,4451.01085574752
2017-01-01 01:00:00,4467.645172482504
2017-01-01 02:00:00,4567.166576494171
2017-01-01 03:00:00,4598.421378899208
2017-01-01 04:00:00,4621.315914203007
2017-01-01 05:00:00,4629.06656279075
2017-01-01 06:00:00,4694.427414555671
2017-01-01 07:00:00,4703.711852477464
2017-01-01 08:00:00,4714.547601992035
2017-01-01 09:00:00,4705.678887921098
2017-01-01 10:00:00,4677.488748774058
2017-01-01 11:00:00,4646.472034590775
2017-01-01 12:00:00,4653.890088931236
2017-01-01 13:00:00,4656.344463107706
2017-01-01 14:00:00,4644.548339464066
2017-01-01 15:00:00,4627.335441492086
2017-01-01 16:00:00,4647.888386455064
2017-01-01 17:00:00,4731.319964116674
2017-01-01 18:00:00,4887.949231613365
2017-01-01 19:00:00,4728.273713159741
2017-01-01 20:00:00,4696.521829975706
2017-01-01 21:00:00,4727.086256101259
2017-01-01 22:00:00,4593.669174455282
2017-01-01 23:00:00,4497.0370118043775
2017-01-02 00:00:00,4444.340831451195
2017-01-02 01:00:00,4487.357483620606
2017-01-02 02:00:00,4603.156787846854
2017-01-02 03:00:00,4638.809922135298
2017-01-02 04:00:00,4655.792228330283
2017-01-02 05:00:00,4696.322009909466
2017-01-02 06:00:00,4840.567718686138
2017-01-02 07:00:00,4951.395082586562
2017-01-02 08:00:00,4777.138104327697
2017-01-02 09:00:00,4676.066960368408
2017-01-02 10:00:00,4682.465748834145
2017-01-02 11:00:00,4687.363913910383
2017-01-02 12:00:00,4670.786390112747
2017-01-02 13:00:00,4667.833142686432
2017-01-02 14:00:00,4662.185834999984
2017-01-02 15:00:00,4635.602872905112
2017-01-02 16:00:00,4647.412106511186
2017-01-02 17:00:00,4716.662340446822
2017-01-02 18:00:00,4862.716100020675
2017-01-02 19:00:00,4709.930556759039
2017-01-02 20:00:00,4679.3838199352795
2017-01-02 21:00:00,4707.732417303792
2017-01-02 22:00:00,4573.438312021657
2017-01-02 23:00:00,4438.316733253001
2017-01-03 00:00:00,4430.1018241050615
2017-01-03 01:00:00,4477.773833596482
2017-01-03 02:00:00,4595.033261708129
2017-01-03 03:00:00,4628.036217314937
2017-01-03 04:00:00,4646.431058489279
2017-01-03 05:00:00,4677.709726003596
2017-01-03 06:00:00,4819.617664060036
2017-01-03 07:00:00,4927.865400102137
2017-01-03 08:00:00,4754.495802808769
2017-01-03 09:00:00,4672.764619499924
2017-01-03 10:00:00,4681.600083439123
2017-01-03 11:00:00,4696.875721307164
2017-01-03 12:00:00,4680.725608307252
2017-01-03 13:00:00,4675.98290898561
2017-01-03 14:00:00,4673.653505684069
2017-01-03 15:00:00,4647.460341866884
2017-01-03 16:00:00,4657.1552382095415
2017-01-03 17:00:00,4728.693274017713
2017-01-03 18:00:00,4878.914344958951
2017-01-03 19:00:00,4726.531431128331
2017-01-03 20:00:00,4695.562226120552
2017-01-03 21:00:00,4724.818549033718
2017-01-03 22:00:00,4603.549687868004
2017-01-03 23:00:00,4468.428109099346
2017-01-04 00:00:00,4434.339278162834
2017-01-04 01:00:00,4481.823167109846
2017-01-04 02:00:00,4597.718298888046
2017-01-04 03:00:00,4628.85954182323
2017-01-04 04:00:00,4647.254382997572
2017-01-04 05:00:00,4674.33190272619
2017-01-04 06:00:00,4816.293408254615
2017-01-04 07:00:00,4924.541144296716
2017-01-04 08:00:00,4750.399449835437
2017-01-04 09:00:00,4665.363154344314
2017-01-04 10:00:00,4672.091913560151
2017-01-04 11:00:00,4686.030981938096
2017-01-04 12:00:00,4669.880868938184
2017-01-04 13:00:00,4665.138169616543
2017-01-04 14:00:00,4662.808766315002
2017-01-04 15:00:00,4636.615602497816
2017-01-04 16:00:00,4646.310498840474
2017-01-04 17:00:00,4716.294704141116
2017-01-04 18:00:00,4868.035040213344
2017-01-04 19:00:00,4715.6521263827235
2017-01-04 20:00:00,4686.208570838503
2017-01-04 21:00:00,4715.4648937516695
2017-01-04 22:00:00,4594.196032585955
2017-01-04 23:00:00,4463.732409247579
2017-01-05 00:00:00,4430.609220847253
2017-01-05 01:00:00,4477.923549161485
2017-01-05 02:00:00,4593.818680939685
2017-01-05 03:00:00,4624.959923874869
2017-01-05 04:00:00,4643.354765049211
2017-01-05 05:00:00,4670.4322847778285
2017-01-05 06:00:00,4812.393790306254
2017-01-05 07:00:00,4920.641526348355
2017-01-05 08:00:00,4746.499831887075
2017-01-05 09:00:00,4662.322486351129
2017-01-05 10:00:00,4669.051245566964
2017-01-05 11:00:00,4682.990313944911
2017-01-05 12:00:00,4666.840200944998
2017-01-05 13:00:00,4662.097501623357
2017-01-05 14:00:00,4659.768098321816
2017-01-05 15:00:00,4633.55421981985
2017-01-05 16:00:00,4643.249116162507
2017-01-05 17:00:00,4713.233321463149
2017-01-05 18:00:00,4864.973657535377
2017-01-05 19:00:00,4712.671158341201
2017-01-05 20:00:00,4683.245730107566
2017-01-05 21:00:00,4712.502053020732
2017-01-05 22:00:00,4592.316457691804
2017-01-05 23:00:00,4464.46188942406
2017-01-06 00:00:00,4428.639995478525
2017-01-06 01:00:00,4469.794137291821
2017-01-06 02:00:00,4582.365809763
2017-01-06 03:00:00,4613.5070526981835
2017-01-06 04:00:00,4632.347555780679
2017-01-06 05:00:00,4659.717086641977
2017-01-06 06:00:00,4800.411656596982
2017-01-06 07:00:00,4904.1231255970815
2017-01-06 08:00:00,4735.421766888873
2017-01-06 09:00:00,4659.716555950862
2017-01-06 10:00:00,4665.825351872277
2017-01-06 11:00:00,4690.180103325998
2017-01-06 12:00:00,4672.358760420926
2017-01-06 13:00:00,4667.716326507177
2017-01-06 14:00:00,4667.054674835084
2017-01-06 15:00:00,4640.840796333118
2017-01-06 16:00:00,4648.412807704635
2017-01-06 17:00:00,4718.583768138015
2017-01-06 18:00:00,4864.591221593121
2017-01-06 19:00:00,4707.845708435832
2017-01-06 20:00:00,4671.899074069433
2017-01-06 21:00:00,4702.058747422986
2017-01-06 22:00:00,4598.060266914966
2017-01-06 23:00:00,4499.702104656343
2017-01-07 00:00:00,4428.341371479707
2017-01-07 01:00:00,4454.58604533648
2017-01-07 02:00:00,4559.972783506932
2017-01-07 03:00:00,4591.227585911968
2017-01-07 04:00:00,4610.253839849839
2017-01-07 05:00:00,4621.644915506361
2017-01-07 06:00:00,4685.171951278518
2017-01-07 07:00:00,4694.871743921424
2017-01-07 08:00:00,4707.237857332822
2017-01-07 09:00:00,4707.649951890125
2017-01-07 10:00:00,4694.557329839324
2017-01-07 11:00:00,4663.248029982647
2017-01-07 12:00:00,4642.902537479237
2017-01-07 13:00:00,4640.61667786654
2017-01-07 14:00:00,4637.196618377632
2017-01-07 15:00:00,4621.468731449965
2017-01-07 16:00:00,4641.306456138712
2017-01-07 17:00:00,4717.925596043208
2017-01-07 18:00:00,4866.332535403236
2017-01-07 19:00:00,4708.974543436102
2017-01-07 20:00:00,4673.027909069702
2017-01-07 21:00:00,4703.187582423256
2017-01-07 22:00:00,4593.357152045361
2017-01-07 23:00:00,4500.336976597514
2017-01-08 00:00:00,4443.180802674742
2017-01-08 01:00:00,4461.698098669514
2017-01-08 02:00:00,4563.196543906928
2017-01-08 03:00:00,4594.451346311964
2017-01-08 04:00:00,4617.345881615763
2017-01-08 05:00:00,4625.096530203506
2017-01-08 06:00:00,4690.4573819684265
2017-01-08 07:00:00,4699.74181989022
2017-01-08 08:00:00,4709.400858064775
2017-01-08 09:00:00,4713.082578992305
2017-01-08 10:00:00,4679.788668390336
2017-01-08 11:00:00,4645.115664518229
2017-01-08 12:00:00,4652.533718858691
2017-01-08 13:00:00,4654.988093035161
2017-01-08 14:00:00,4643.191969391521
2017-01-08 15:00:00,4627.462074057435
2017-01-08 16:00:00,4648.015019020413
2017-01-08 17:00:00,4731.446596682023
2017-01-08 18:00:00,4888.075864178713
2017-01-08 19:00:00,4728.40034572509
2017-01-08 20:00:00,4696.648462541055
2017-01-08 21:00:00,4727.212888666608
2017-01-08 22:00:00,4593.7958070206305
2017-01-08 23:00:00,4497.163644369728
2017-01-09 00:00:00,4473.173808636077
2017-01-09 01:00:00,4520.4636600029435
2017-01-09 02:00:00,4638.240005454936
2017-01-09 03:00:00,4673.89313974338
2017-01-09 04:00:00,4690.8754459383645
2017-01-09 05:00:00,4731.405227517548
2017-01-09 06:00:00,4875.650936294219
2017-01-09 07:00:00,4986.478300194643
2017-01-09 08:00:00,4811.044610595763
2017-01-09 09:00:00,4686.893320688943
2017-01-09 10:00:00,4691.185404431317
2017-01-09 11:00:00,4692.42727981873
2017-01-09 12:00:00,4675.849756021094
2017-01-09 13:00:00,4672.896508594779
2017-01-09 14:00:00,4667.249200908331
2017-01-09 15:00:00,4640.87667782261
2017-01-09 16:00:00,4652.685911428683
2017-01-09 17:00:00,4721.936145364319
2017-01-09 18:00:00,4867.989904938172
2017-01-09 19:00:00,4715.204361676536
2017-01-09 20:00:00,4684.219628910399
2017-01-09 21:00:00,4712.5682262789105
2017-01-09 22:00:00,4578.274120996777
2017-01-09 23:00:00,4443.152542228122
2017-01-10 00:00:00,4428.237999285195
2017-01-10 01:00:00,4475.9100087766155
2017-01-10 02:00:00,4593.169436888262
2017-01-10 03:00:00,4626.172392495069
2017-01-10 04:00:00,4644.5672336694115
2017-01-10 05:00:00,4675.8459011837285
2017-01-10 06:00:00,4817.753839240168
2017-01-10 07:00:00,4926.001575282269
2017-01-10 08:00:00,4752.631977988902
2017-01-10 09:00:00,4667.265776510572
2017-01-10 10:00:00,4673.4428680494975
2017-01-10 11:00:00,4688.718505917537
2017-01-10 12:00:00,4672.568392917626
2017-01-10 13:00:00,4667.825693595984
2017-01-10 14:00:00,4665.496290294443
2017-01-10 15:00:00,4639.303126477258
2017-01-10 16:00:00,4648.998022819915
2017-01-10 17:00:00,4720.536058628086
2017-01-10 18:00:00,4870.757129569325
2017-01-10 19:00:00,4718.374215738705
2017-01-10 20:00:00,4686.967014788547
2017-01-10 21:00:00,4716.223337701714
2017-01-10 22:00:00,4594.954476536
2017-01-10 23:00:00,4459.832897767344
2017-01-11 00:00:00,4432.972515138904
2017-01-11 01:00:00,4480.456404085917
2017-01-11 02:00:00,4596.351535864116
2017-01-11 03:00:00,4627.4927787993
2017-01-11 04:00:00,4645.887619973642
2017-01-11 05:00:00,4672.96513970226
2017-01-11 06:00:00,4814.926645230686
2017-01-11 07:00:00,4923.174381272787
2017-01-11 08:00:00,4749.032686811507
2017-01-11 09:00:00,4663.996391320385
2017-01-11 10:00:00,4670.17348285931
2017-01-11 11:00:00,4684.112551237256
2017-01-11 12:00:00,4667.962438237344
2017-01-11 13:00:00,4663.219738915703
2017-01-11 14:00:00,4660.890335614162
2017-01-11 15:00:00,4634.697171796976
2017-01-11 16:00:00,4644.392068139634
2017-01-11 17:00:00,4714.376273440276
2017-01-11 18:00:00,4866.116609512504
2017-01-11 19:00:00,4713.733695681884
2017-01-11 20:00:00,4683.852144195285
2017-01-11 21:00:00,4713.108467108452
2017-01-11 22:00:00,4591.839605942738
2017-01-11 23:00:00,4461.375982604362
2017-01-12 00:00:00,4427.663219389598
2017-01-12 01:00:00,4474.977547703831
2017-01-12 02:00:00,4590.87267948203
2017-01-12 03:00:00,4622.0139224172135
2017-01-12 04:00:00,4640.408763591556
2017-01-12 05:00:00,4667.486283320173
2017-01-12 06:00:00,4809.447788848599
2017-01-12 07:00:00,4917.6955248907
2017-01-12 08:00:00,4743.5538304294205
2017-01-12 09:00:00,4659.376484893473
2017-01-12 10:00:00,4665.553576432399
2017-01-12 11:00:00,4679.492644810345
2017-01-12 12:00:00,4663.342531810433
2017-01-12 13:00:00,4658.599832488791
2017-01-12 14:00:00,4656.27042918725
2017-01-12 15:00:00,4630.0565506852845
2017-01-12 16:00:00,4639.751447027941
2017-01-12 17:00:00,4709.7356523285835
2017-01-12 18:00:00,4861.475988400812
2017-01-12 19:00:00,4709.173489206635
2017-01-12 20:00:00,4679.310065030622
2017-01-12 21:00:00,4708.566387943789
2017-01-12 22:00:00,4588.380792614861
2017-01-12 23:00:00,4460.526224347117
2017-01-13 00:00:00,4426.836992988222
2017-01-13 01:00:00,4467.991134801518
2017-01-13 02:00:00,4580.562807272695
2017-01-13 03:00:00,4611.70405020788
2017-01-13 04:00:00,4630.544553290375
2017-01-13 05:00:00,4657.914084151674
2017-01-13 06:00:00,4798.304903631623
2017-01-13 07:00:00,4902.016372631723
2017-01-13 08:00:00,4733.315013923515
2017-01-13 09:00:00,4657.609802985504
2017-01-13 10:00:00,4663.166931230007
2017-01-13 11:00:00,4687.5216826837295
2017-01-13 12:00:00,4669.700339778657
2017-01-13 13:00:00,4665.057905864907
2017-01-13 14:00:00,4664.396254192815
2017-01-13 15:00:00,4640.827694669686
2017-01-13 16:00:00,4642.962907688596
2017-01-13 17:00:00,4713.133868121975
2017-01-13 18:00:00,4850.563586451068
2017-01-13 19:00:00,4709.560898120609
2017-01-13 20:00:00,4670.341474411807
2017-01-13 21:00:00,4700.50114776536
2017-01-13 22:00:00,4596.502667257339
2017-01-13 23:00:00,4498.144504998718
2017-01-14 00:00:00,4429.012606479014
2017-01-14 01:00:00,4455.257280335787
2017-01-14 02:00:00,4560.644018506238
2017-01-14 03:00:00,4591.898820911274
2017-01-14 04:00:00,4610.925074849145
2017-01-14 05:00:00,4622.316150505667
2017-01-14 06:00:00,4685.53943580277
2017-01-14 07:00:00,4695.239228445676
2017-01-14 08:00:00,4707.605341857074
2017-01-14 09:00:00,4708.017436414376
2017-01-14 10:00:00,4694.373146686665
2017-01-14 11:00:00,4663.063846829988
2017-01-14 12:00:00,4642.718354326578
2017-01-14 13:00:00,4640.432494713881
2017-01-14 14:00:00,4637.012435224973
2017-01-14 15:00:00,4623.929867276142
2017-01-14 16:00:00,4638.330793612282
2017-01-14 17:00:00,4714.949933516778
2017-01-14 18:00:00,4854.779137750793
2017-01-14 19:00:00,4713.163970610488
2017-01-14 20:00:00,4673.944546901686
2017-01-14 21:00:00,4704.10422025524
2017-01-14 22:00:00,4594.273789877345
2017-01-14 23:00:00,4501.253614429499
2017-01-15 00:00:00,4444.267223042379
2017-01-15 01:00:00,4462.784519037151
2017-01-15 02:00:00,4564.282964274565
2017-01-15 03:00:00,4595.537766679599
2017-01-15 04:00:00,4618.432301983398
2017-01-15 05:00:00,4626.182950571141
2017-01-15 06:00:00,4691.2400518610075
2017-01-15 07:00:00,4700.5244897828015
2017-01-15 08:00:00,4710.183527957356
2017-01-15 09:00:00,4713.865248884886
2017-01-15 10:00:00,4680.019670606007
2017-01-15 11:00:00,4645.3466667339
2017-01-15 12:00:00,4652.764721074362
2017-01-15 13:00:00,4655.219095250832
2017-01-15 14:00:00,4643.422971607191
2017-01-15 15:00:00,4630.338395251942
2017-01-15 16:00:00,4645.454541862313
2017-01-15 17:00:00,4722.773582132505
2017-01-15 18:00:00,4870.825114503183
2017-01-15 19:00:00,4732.81291613314
2017-01-15 20:00:00,4697.788243606702
2017-01-15 21:00:00,4728.352669732255
2017-01-15 22:00:00,4594.935588086278
2017-01-15 23:00:00,4498.303425435376
2017-01-16 00:00:00,4477.175674310745
2017-01-16 01:00:00,4524.465525677611
2017-01-16 02:00:00,4642.241871129603
2017-01-16 03:00:00,4677.895005418048
2017-01-16 04:00:00,4694.877311613032
2017-01-16 05:00:00,4735.407093192215
2017-01-16 06:00:00,4878.071864202079
2017-01-16 07:00:00,4988.899228102504
2017-01-16 08:00:00,4813.465538503623
2017-01-16 09:00:00,4689.314248596804
2017-01-16 10:00:00,4693.054664662266
2017-01-16 11:00:00,4694.2965400496805
2017-01-16 12:00:00,4677.719016252044
2017-01-16 13:00:00,4674.7657688257295
2017-01-16 14:00:00,4669.118461139281
2017-01-16 15:00:00,4645.391257032396
2017-01-16 16:00:00,4651.763692285862
2017-01-16 17:00:00,4714.901388830081
2017-01-16 18:00:00,4852.37741327792
2017-01-16 19:00:00,4721.255190099864
2017-01-16 20:00:00,4687.435663933703
2017-01-16 21:00:00,4715.784261302215
2017-01-16 22:00:00,4581.4901560200815
2017-01-16 23:00:00,4446.368577251427
2017-01-17 00:00:00,4428.4650550955075
2017-01-17 01:00:00,4476.137064586928
2017-01-17 02:00:00,4593.396492698574
2017-01-17 03:00:00,4626.399448305381
2017-01-17 04:00:00,4644.794289479724
2017-01-17 05:00:00,4676.072956994041
2017-01-17 06:00:00,4817.677144575426
2017-01-17 07:00:00,4925.924880617527
2017-01-17 08:00:00,4752.55528332416
2017-01-17 09:00:00,4667.18908184583
2017-01-17 10:00:00,4673.366173384755
2017-01-17 11:00:00,4688.641811252795
2017-01-17 12:00:00,4672.491698252883
2017-01-17 13:00:00,4667.748998931242
2017-01-17 14:00:00,4665.419595629701
2017-01-17 15:00:00,4641.871750791352
2017-01-17 16:00:00,4646.129848781402
2017-01-17 17:00:00,4711.555347198156
2017-01-17 18:00:00,4853.198683013381
2017-01-17 19:00:00,4722.479089266341
2017-01-17 20:00:00,4688.23709491616
2017-01-17 21:00:00,4717.493417829326
2017-01-17 22:00:00,4596.224556663612
2017-01-17 23:00:00,4461.102977894956
2017-01-18 00:00:00,4433.139080546611
2017-01-18 01:00:00,4480.622969493624
2017-01-18 02:00:00,4596.518101271824
2017-01-18 03:00:00,4627.659344207006
2017-01-18 04:00:00,4646.054185381349
2017-01-18 05:00:00,4673.131705109967
2017-01-18 06:00:00,4814.789460163338
2017-01-18 07:00:00,4923.037196205439
2017-01-18 08:00:00,4748.895501744159
2017-01-18 09:00:00,4663.859206253037
2017-01-18 10:00:00,4670.036297791962
2017-01-18 11:00:00,4683.975366169909
2017-01-18 12:00:00,4667.825253169996
2017-01-18 13:00:00,4663.082553848355
2017-01-18 14:00:00,4660.753150546813
2017-01-18 15:00:00,4637.205305708465
2017-01-18 16:00:00,4641.463403698514
2017-01-18 17:00:00,4705.33507160774
2017-01-18 18:00:00,4848.497672553954
2017-01-18 19:00:00,4720.559545102745
2017-01-18 20:00:00,4684.347623840982
2017-01-18 21:00:00,4713.603946754149
2017-01-18 22:00:00,4593.489006906911
2017-01-18 23:00:00,4463.025383568535
2017-01-19 00:00:00,4427.899626868662
2017-01-19 01:00:00,4475.213955182895
2017-01-19 02:00:00,4591.109086961093
2017-01-19 03:00:00,4622.2503298962765
2017-01-19 04:00:00,4640.645171070619
2017-01-19 05:00:00,4667.722690799237
2017-01-19 06:00:00,4809.380445852608
2017-01-19 07:00:00,4917.628181894709
2017-01-19 08:00:00,4743.486487433429
2017-01-19 09:00:00,4659.309141897482
2017-01-19 10:00:00,4665.486233436408
2017-01-19 11:00:00,4679.425301814354
2017-01-19 12:00:00,4663.275188814441
2017-01-19 13:00:00,4658.5324894928
2017-01-19 14:00:00,4656.203086191259
2017-01-19 15:00:00,4632.634526668129
2017-01-19 16:00:00,4636.89262465818
2017-01-19 17:00:00,4695.080509371202
2017-01-19 18:00:00,4838.243110317416
2017-01-19 19:00:00,4721.769122578202
2017-01-19 20:00:00,4685.575328627025
2017-01-19 21:00:00,4707.6829219133815
2017-01-19 22:00:00,4588.65124790293
2017-01-19 23:00:00,4460.796679635187
2017-01-20 00:00:00,4427.2758876446505
2017-01-20 01:00:00,4468.430029457946
2017-01-20 02:00:00,4581.0017019291245
2017-01-20 03:00:00,4612.142944864308
2017-01-20 04:00:00,4630.983447946804
2017-01-20 05:00:00,4658.352978808102
2017-01-20 06:00:00,4798.743798288052
2017-01-20 07:00:00,4902.455267288153
2017-01-20 08:00:00,4733.7539085799435
2017-01-20 09:00:00,4658.048697641932
2017-01-20 10:00:00,4663.605825886436
2017-01-20 11:00:00,4687.960577340158
2017-01-20 12:00:00,4670.139234435085
2017-01-20 13:00:00,4665.496800521336
2017-01-20 14:00:00,4664.8351488492435
2017-01-20 15:00:00,4641.266589326115
2017-01-20 16:00:00,4643.401802345024
2017-01-20 17:00:00,4701.776442190784
2017-01-20 18:00:00,4839.206160519876
2017-01-20 19:00:00,4718.28915881755
2017-01-20 20:00:00,4675.574158733608
2017-01-20 21:00:00,4698.585102460352
2017-01-20 22:00:00,4595.740543270807
2017-01-20 23:00:00,4497.382381012186
2017-01-21 00:00:00,4429.451501135442
2017-01-21 01:00:00,4455.696174992217
2017-01-21 02:00:00,4561.082913162668
2017-01-21 03:00:00,4592.337715567703
2017-01-21 04:00:00,4611.3639695055745
2017-01-21 05:00:00,4622.7550451620955
2017-01-21 06:00:00,4685.978330459198
2017-01-21 07:00:00,4695.678123102105
2017-01-21 08:00:00,4708.044236513503
2017-01-21 09:00:00,4708.4563310708045
2017-01-21 10:00:00,4694.812041343093
2017-01-21 11:00:00,4663.502741486417
2017-01-21 12:00:00,4643.157248983007
2017-01-21 13:00:00,4640.87138937031
2017-01-21 14:00:00,4637.451329881402
2017-01-21 15:00:00,4624.368761932571
2017-01-21 16:00:00,4638.7696882687105
2017-01-21 17:00:00,4703.592507585588
2017-01-21 18:00:00,4843.421711819601
2017-01-21 19:00:00,4721.89223130743
2017-01-21 20:00:00,4679.177231223488
2017-01-21 21:00:00,4702.188174950232
2017-01-21 22:00:00,4593.511665890813
2017-01-21 23:00:00,4500.491490442966
2017-01-22 00:00:00,4443.983098312139
2017-01-22 01:00:00,4462.500394306911
2017-01-22 02:00:00,4563.998839544325
2017-01-22 03:00:00,4595.25364194936
2017-01-22 04:00:00,4618.148177253159
2017-01-22 05:00:00,4625.898825840902
2017-01-22 06:00:00,4690.955927130768
2017-01-22 07:00:00,4700.240365052562
2017-01-22 08:00:00,4709.899403227117
2017-01-22 09:00:00,4713.581124154646
2017-01-22 10:00:00,4679.7355458757675
2017-01-22 11:00:00,4645.062542003661
2017-01-22 12:00:00,4652.480596344122
2017-01-22 13:00:00,4654.934970520592
2017-01-22 14:00:00,4643.138846876952
2017-01-22 15:00:00,4630.054270521702
2017-01-22 16:00:00,4645.170417132073
2017-01-22 17:00:00,4716.8056742060635
2017-01-22 18:00:00,4864.85720657674
2017-01-22 19:00:00,4747.850417979448
2017-01-22 20:00:00,4702.356724386988
2017-01-22 21:00:00,4725.772420885732
2017-01-22 22:00:00,4593.50926055823
2017-01-22 23:00:00,4496.87709790733
2017-01-23 00:00:00,4477.019313268975
2017-01-23 01:00:00,4524.309164635841
2017-01-23 02:00:00,4642.085510087833
2017-01-23 03:00:00,4677.738644376277
2017-01-23 04:00:00,4694.720950571262
2017-01-23 05:00:00,4735.250732150445
2017-01-23 06:00:00,4877.9155031603095
2017-01-23 07:00:00,4988.742867060734
2017-01-23 08:00:00,4813.309177461852
2017-01-23 09:00:00,4689.157887555033
2017-01-23 10:00:00,4692.898303620496
2017-01-23 11:00:00,4694.14017900791
2017-01-23 12:00:00,4677.562655210273
2017-01-23 13:00:00,4674.609407783959
2017-01-23 14:00:00,4668.96210009751
2017-01-23 15:00:00,4645.234895990626
2017-01-23 16:00:00,4651.607331244091
2017-01-23 17:00:00,4709.061244592108
2017-01-23 18:00:00,4846.537269039947
2017-01-23 19:00:00,4736.420455634641
2017-01-23 20:00:00,4692.131908402458
2017-01-23 21:00:00,4713.331776144161
2017-01-23 22:00:00,4580.191592180504
2017-01-23 23:00:00,4445.070013411849
2017-01-24 00:00:00,4428.1318577865195
2017-01-24 01:00:00,4475.80386727794
2017-01-24 02:00:00,4593.0632953895865
2017-01-24 03:00:00,4626.066250996394
2017-01-24 04:00:00,4644.461092170737
2017-01-24 05:00:00,4675.739759685053
2017-01-24 06:00:00,4817.343947266439
2017-01-24 07:00:00,4925.591683308539
2017-01-24 08:00:00,4752.222086015173
2017-01-24 09:00:00,4666.8558845368425
2017-01-24 10:00:00,4673.032976075768
2017-01-24 11:00:00,4688.308613943808
2017-01-24 12:00:00,4672.158500943896
2017-01-24 13:00:00,4667.415801622255
2017-01-24 14:00:00,4665.086398320713
2017-01-24 15:00:00,4641.5385534823645
2017-01-24 16:00:00,4645.796651472414
2017-01-24 17:00:00,4705.538366692966
2017-01-24 18:00:00,4847.181702508191
2017-01-24 19:00:00,4738.31661537804
2017-01-24 20:00:00,4693.605599961836
2017-01-24 21:00:00,4715.713193248193
2017-01-24 22:00:00,4595.598253400955
2017-01-24 23:00:00,4460.4766746323
2017-01-25 00:00:00,4433.753870125735
2017-01-25 01:00:00,4481.237759072748
2017-01-25 02:00:00,4597.132890850948
2017-01-25 03:00:00,4628.274133786131
2017-01-25 04:00:00,4646.668974960474
2017-01-25 05:00:00,4673.746494689091
2017-01-25 06:00:00,4815.4042497424625
2017-01-25 07:00:00,4923.651985784563
2017-01-25 08:00:00,4749.510291323284
2017-01-25 09:00:00,4664.473995832162
2017-01-25 10:00:00,4670.651087371087
2017-01-25 11:00:00,4684.590155749032
2017-01-25 12:00:00,4668.44004274912
2017-01-25 13:00:00,4663.69734342748
2017-01-25 14:00:00,4661.367940125938
2017-01-25 15:00:00,4640.400988097146
2017-01-25 16:00:00,4644.659086087197
2017-01-25 17:00:00,4687.167193461782
2017-01-25 18:00:00,4823.627076436851
2017-01-25 19:00:00,4733.99114673126
2017-01-25 20:00:00,4694.919471645329
2017-01-25 21:00:00,4717.027064931687
2017-01-25 22:00:00,4596.912125084449
2017-01-25 23:00:00,4466.448501746074
2017-01-26 00:00:00,4428.424526057375
2017-01-26 01:00:00,4475.738854371608
2017-01-26 02:00:00,4591.633986149807
2017-01-26 03:00:00,4622.77522908499
2017-01-26 04:00:00,4641.1700702593325
2017-01-26 05:00:00,4668.24758998795
2017-01-26 06:00:00,4809.905345041321
2017-01-26 07:00:00,4918.153081083423
2017-01-26 08:00:00,4744.011386622143
2017-01-26 09:00:00,4659.834041086196
2017-01-26 10:00:00,4666.011132625121
2017-01-26 11:00:00,4679.950201003067
2017-01-26 12:00:00,4663.800088003155
2017-01-26 13:00:00,4659.057388681514
2017-01-26 14:00:00,4656.727985379972
2017-01-26 15:00:00,4635.7403186664005
2017-01-26 16:00:00,4639.99841665645
2017-01-26 17:00:00,4682.506524031035
2017-01-26 18:00:00,4818.966407006105
2017-01-26 19:00:00,4729.410891936957
2017-01-26 20:00:00,4690.357344161612
2017-01-26 21:00:00,4712.4649374479695
2017-01-26 22:00:00,4593.433263437518
2017-01-26 23:00:00,4465.5786951697755
2017-01-27 00:00:00,4426.820627185659
2017-01-27 01:00:00,4468.59175465074
2017-01-27 02:00:00,4581.163427121917
2017-01-27 03:00:00,4612.304670057102
2017-01-27 04:00:00,4631.145173139597
2017-01-27 05:00:00,4658.514704000896
2017-01-27 06:00:00,4798.905523480846
2017-01-27 07:00:00,4902.616992480946
2017-01-27 08:00:00,4733.915633772737
2017-01-27 09:00:00,4658.210422834726
2017-01-27 10:00:00,4662.656863728145
2017-01-27 11:00:00,4687.0116151818675
2017-01-27 12:00:00,4670.32906546766
2017-01-27 13:00:00,4665.686631553911
2017-01-27 14:00:00,4664.898992851991
2017-01-27 15:00:00,4643.911326138419
2017-01-27 16:00:00,4646.046539157329
2017-01-27 17:00:00,4688.741401664652
2017-01-27 18:00:00,4819.4684020226
2017-01-27 19:00:00,4748.18816713647
2017-01-27 20:00:00,4678.685327074375
2017-01-27 21:00:00,4701.696270801119
2017-01-27 22:00:00,4598.8517116115745
2017-01-27 23:00:00,4500.493549352954
2017-01-28 00:00:00,4428.879390321133
2017-01-28 01:00:00,4455.741049829691
2017-01-28 02:00:00,4561.127788000143
2017-01-28 03:00:00,4592.382590405178
2017-01-28 04:00:00,4611.408844343049
2017-01-28 05:00:00,4622.799919999571
2017-01-28 06:00:00,4686.023205296673
2017-01-28 07:00:00,4695.72299793958
2017-01-28 08:00:00,4708.089111350978
2017-01-28 09:00:00,4708.50120590828
2017-01-28 10:00:00,4693.746228829485
2017-01-28 11:00:00,4662.436928972807
2017-01-28 12:00:00,4643.230229660263
2017-01-28 13:00:00,4640.944370047566
2017-01-28 14:00:00,4637.398323528831
2017-01-28 15:00:00,4626.896648389558
2017-01-28 16:00:00,4641.297574725697
2017-01-28 17:00:00,4690.440616704137
2017-01-28 18:00:00,4823.567102967007
2017-01-28 19:00:00,4753.393615313768
2017-01-28 20:00:00,4683.8907752516725
2017-01-28 21:00:00,4706.901718978417
2017-01-28 22:00:00,4598.225209918998
2017-01-28 23:00:00,4505.205034471152
2017-01-29 00:00:00,4443.847434202158
2017-01-29 01:00:00,4462.981715848715
2017-01-29 02:00:00,4564.480161086129
2017-01-29 03:00:00,4595.734963491164
2017-01-29 04:00:00,4618.629498794962
2017-01-29 05:00:00,4626.380147382706
2017-01-29 06:00:00,4691.437248672572
2017-01-29 07:00:00,4700.721686594366
2017-01-29 08:00:00,4710.38072476892
2017-01-29 09:00:00,4714.062445696451
2017-01-29 10:00:00,4680.48227042028
2017-01-29 11:00:00,4645.809266548173
2017-01-29 12:00:00,4650.820471920733
2017-01-29 13:00:00,4653.274846097203
2017-01-29 14:00:00,4643.53740776499
2017-01-29 15:00:00,4633.033724219297
2017-01-29 16:00:00,4648.1498708296685
2017-01-29 17:00:00,4704.105350565222
2017-01-29 18:00:00,4845.454164964754
2017-01-29 19:00:00,4772.963150825027
2017-01-29 20:00:00,4707.6550619452955
2017-01-29 21:00:00,4731.070758444039
2017-01-29 22:00:00,4598.807598116538
2017-01-29 23:00:00,4502.175435465637
2017-01-30 00:00:00,4477.807282717947
2017-01-30 01:00:00,4525.714119736598
2017-01-30 02:00:00,4643.49046518859
2017-01-30 03:00:00,4679.1435994770345
2017-01-30 04:00:00,4696.125905672019
2017-01-30 05:00:00,4736.655687251203
2017-01-30 06:00:00,4879.320458261067
2017-01-30 07:00:00,4990.147822161491
2017-01-30 08:00:00,4812.942689765516
2017-01-30 09:00:00,4688.791399858696
2017-01-30 10:00:00,4691.421128573075
2017-01-30 11:00:00,4692.66300396049
2017-01-30 12:00:00,4677.224273353718
2017-01-30 13:00:00,4674.271025927404
2017-01-30 14:00:00,4668.497731211128
2017-01-30 15:00:00,4647.351419913801
2017-01-30 16:00:00,4653.723855167266
2017-01-30 17:00:00,4695.497991176845
2017-01-30 18:00:00,4826.27129765354
2017-01-30 19:00:00,4762.592582056374
2017-01-30 20:00:00,4698.489639536919
2017-01-30 21:00:00,4719.689507278623
2017-01-30 22:00:00,4586.549323314965
2017-01-30 23:00:00,4451.42774454631
2017-01-31 00:00:00,4429.762034861722
2017-01-31 01:00:00,4478.051030004927
2017-01-31 02:00:00,4595.3104581165735
2017-01-31 03:00:00,4628.313413723381
2017-01-31 04:00:00,4646.708254897724
2017-01-31 05:00:00,4677.986922412041
2017-01-31 06:00:00,4819.591109993426
2017-01-31 07:00:00,4927.838846035527
2017-01-31 08:00:00,4752.4388112833885
2017-01-31 09:00:00,4667.072609805059
2017-01-31 10:00:00,4672.1390139929
2017-01-31 11:00:00,4687.41465186094
2017-01-31 12:00:00,4672.403332051893
2017-01-31 13:00:00,4667.660632730252
2017-01-31 14:00:00,4665.2052423988835
2017-01-31 15:00:00,4644.238290370093
2017-01-31 16:00:00,4648.496388360142
2017-01-31 17:00:00,4692.558326242256
2017-01-31 18:00:00,4827.498944086337
2017-01-31 19:00:00,4765.709211925794
2017-01-31 20:00:00,4701.183801222318
2017-01-31 21:00:00,4723.291394508676
2017-01-31 22:00:00,4603.176454661438
2017-01-31 23:00:00,4468.0548758927835
2017-02-01 00:00:00,4434.268698565784
2017-02-01 01:00:00,4482.369573164582
2017-02-01 02:00:00,4598.2647049427815
2017-02-01 03:00:00,4629.405947877965
2017-02-01 04:00:00,4647.800789052308
2017-02-01 05:00:00,4674.878308780925
2017-02-01 06:00:00,4816.536063834296
2017-02-01 07:00:00,4924.783799876397
2017-02-01 08:00:00,4748.6116679563465
2017-02-01 09:00:00,4663.575372465224
2017-02-01 10:00:00,4668.641776653066
2017-02-01 11:00:00,4682.580845031011
2017-02-01 12:00:00,4667.569525221965
2017-02-01 13:00:00,4662.8268259003235
2017-02-01 14:00:00,4660.371435568955
2017-02-01 15:00:00,4639.404483540164
2017-02-01 16:00:00,4643.662581530213
2017-02-01 17:00:00,4686.170688904798
2017-02-01 18:00:00,4792.359830907408
2017-02-01 19:00:00,4765.592000502048
2017-02-01 20:00:00,4702.592239262131
2017-02-01 21:00:00,4724.699832548489
2017-02-01 22:00:00,4604.626532646364
2017-02-01 23:00:00,4467.3331729338115
2017-02-02 00:00:00,4430.684670237632
2017-02-02 01:00:00,4478.61598420365
2017-02-02 02:00:00,4593.163274727536
2017-02-02 03:00:00,4624.304517662719
2017-02-02 04:00:00,4642.6993588370615
2017-02-02 05:00:00,4669.776878565679
2017-02-02 06:00:00,4811.43463361905
2017-02-02 07:00:00,4919.682369661152
2017-02-02 08:00:00,4743.5102377411
2017-02-02 09:00:00,4659.332892205153
2017-02-02 10:00:00,4664.399296392995
2017-02-02 11:00:00,4678.338364770941
2017-02-02 12:00:00,4663.327044961894
2017-02-02 13:00:00,4658.584345640253
2017-02-02 14:00:00,4656.1289553088845
2017-02-02 15:00:00,4635.141288595312
2017-02-02 16:00:00,4639.399386585362
2017-02-02 17:00:00,4681.907493959948
2017-02-02 18:00:00,4787.968674376587
2017-02-02 19:00:00,4762.599795103141
2017-02-02 20:00:00,4699.618161173811
2017-02-02 21:00:00,4721.725754460168
2017-02-02 22:00:00,4602.7357203948295
2017-02-02 23:00:00,4468.05141575291
2017-02-03 00:00:00,4430.226399009003
2017-02-03 01:00:00,4471.997526474083
2017-02-03 02:00:00,4583.221357690948
2017-02-03 03:00:00,4614.362600626133
2017-02-03 04:00:00,4633.203103708627
2017-02-03 05:00:00,4660.572634569926
2017-02-03 06:00:00,4800.9634540498755
2017-02-03 07:00:00,4904.674923049976
2017-02-03 08:00:00,4730.514678134088
2017-02-03 09:00:00,4657.9339998226515
2017-02-03 10:00:00,4662.380440716071
2017-02-03 11:00:00,4686.735192169792
2017-02-03 12:00:00,4670.052642455585
2017-02-03 13:00:00,4665.410208541835
2017-02-03 14:00:00,4664.622569839916
2017-02-03 15:00:00,4643.634903126344
2017-02-03 16:00:00,4645.770116145254
2017-02-03 17:00:00,4680.334750202359
2017-02-03 18:00:00,4774.238820361494
2017-02-03 19:00:00,4761.125012348131
2017-02-03 20:00:00,4691.622172286036
2017-02-03 21:00:00,4714.63311601278
2017-02-03 22:00:00,4611.830196768349
2017-02-03 23:00:00,4506.642298135551
2017-02-04 00:00:00,4432.259891191978
2017-02-04 01:00:00,4459.121550700536
2017-02-04 02:00:00,4563.160447616674
2017-02-04 03:00:00,4594.41525002171
2017-02-04 04:00:00,4613.441503959581
2017-02-04 05:00:00,4624.8325796161025
2017-02-04 06:00:00,4688.055864913205
2017-02-04 07:00:00,4697.755657556112
2017-02-04 08:00:00,4704.66288475983
2017-02-04 09:00:00,4708.199511943706
2017-02-04 10:00:00,4693.444534864911
2017-02-04 11:00:00,4662.135235008234
2017-02-04 12:00:00,4642.928535695689
2017-02-04 13:00:00,4640.642676082992
2017-02-04 14:00:00,4637.0966295642575
2017-02-04 15:00:00,4626.594954424984
2017-02-04 16:00:00,4640.995880761124
2017-02-04 17:00:00,4682.008694289346
2017-02-04 18:00:00,4778.312250353402
2017-02-04 19:00:00,4764.585963530195
2017-02-04 20:00:00,4695.083123468099
2017-02-04 21:00:00,4718.094067194843
2017-02-04 22:00:00,4609.459198080537
2017-02-04 23:00:00,4509.609286258515
2017-02-05 00:00:00,4446.154822767012
2017-02-05 01:00:00,4465.289104413569
2017-02-05 02:00:00,4568.066085363253
2017-02-05 03:00:00,4599.320887768288
2017-02-05 04:00:00,4622.215423072087
2017-02-05 05:00:00,4629.96607165983
2017-02-05 06:00:00,4695.023172949696
2017-02-05 07:00:00,4704.30761087149
2017-02-05 08:00:00,4708.507762838365
2017-02-05 09:00:00,4715.314016392469
2017-02-05 10:00:00,4681.733841116298
2017-02-05 11:00:00,4647.060837244191
2017-02-05 12:00:00,4652.072042616752
2017-02-05 13:00:00,4654.526416793222
2017-02-05 14:00:00,4644.788978461009
2017-02-05 15:00:00,4634.285294915316
2017-02-05 16:00:00,4649.401441525687
2017-02-05 17:00:00,4697.226692811022
2017-02-05 18:00:00,4801.752577011742
2017-02-05 19:00:00,4785.708763702046
2017-02-05 20:00:00,4720.400674822315
2017-02-05 21:00:00,4743.816371321058
2017-02-05 22:00:00,4612.591376417631
2017-02-05 23:00:00,4509.129477392553
2017-02-06 00:00:00,4480.159715396502
2017-02-06 01:00:00,4528.066552415154
2017-02-06 02:00:00,4644.495056612832
2017-02-06 03:00:00,4680.148190901276
2017-02-06 04:00:00,4697.130497096261
2017-02-06 05:00:00,4737.660278675444
2017-02-06 06:00:00,4880.325049685308
2017-02-06 07:00:00,4991.152413585733
2017-02-06 08:00:00,4810.259837779172
2017-02-06 09:00:00,4689.233080498926
2017-02-06 10:00:00,4691.862809213306
2017-02-06 11:00:00,4693.104684600719
2017-02-06 12:00:00,4677.665953993948
2017-02-06 13:00:00,4674.712706567633
2017-02-06 14:00:00,4668.939411851358
2017-02-06 15:00:00,4647.79310055403
2017-02-06 16:00:00,4654.165535807496
2017-02-06 17:00:00,4687.8094433668575
2017-02-06 18:00:00,4762.911191000737
2017-02-06 19:00:00,4779.174733994144
2017-02-06 20:00:00,4709.513656714234
2017-02-06 21:00:00,4730.713524455938
2017-02-06 22:00:00,4597.614980437393
2017-02-06 23:00:00,4455.66366529456
2017-02-07 00:00:00,4431.185378465644
2017-02-07 01:00:00,4479.474373608849
2017-02-07 02:00:00,4595.385960466183
2017-02-07 03:00:00,4628.3889160729905
2017-02-07 04:00:00,4646.783757247333
2017-02-07 05:00:00,4678.06242476165
2017-02-07 06:00:00,4819.666612343035
2017-02-07 07:00:00,4927.914348385136
2017-02-07 08:00:00,4749.085864884089
2017-02-07 09:00:00,4666.844196032333
2017-02-07 10:00:00,4671.910600220174
2017-02-07 11:00:00,4687.186238088214
2017-02-07 12:00:00,4672.174918279167
2017-02-07 13:00:00,4667.432218957526
2017-02-07 14:00:00,4664.976828626158
2017-02-07 15:00:00,4644.009876597366
2017-02-07 16:00:00,4648.267974587416
2017-02-07 17:00:00,4684.199684019312
2017-02-07 18:00:00,4763.468743020578
2017-02-07 19:00:00,4780.134915445001
2017-02-07 20:00:00,4710.05136998107
2017-02-07 21:00:00,4732.158963267428
2017-02-07 22:00:00,4612.085663365302
2017-02-07 23:00:00,4470.134348222469
2017-02-08 00:00:00,4437.494720062544
2017-02-08 01:00:00,4485.595594661341
2017-02-08 02:00:00,4599.76277564359
2017-02-08 03:00:00,4630.9040185787735
2017-02-08 04:00:00,4649.298859753116
2017-02-08 05:00:00,4676.376379481733
2017-02-08 06:00:00,4818.034134535104
2017-02-08 07:00:00,4926.281870577206
2017-02-08 08:00:00,4746.681289908246
2017-02-08 09:00:00,4664.769527043698
2017-02-08 10:00:00,4669.83593123154
2017-02-08 11:00:00,4683.774999609485
2017-02-08 12:00:00,4668.763679800439
2017-02-08 13:00:00,4664.020980478797
2017-02-08 14:00:00,4661.565590147429
2017-02-08 15:00:00,4640.598638118638
2017-02-08 16:00:00,4644.856736108687
2017-02-08 17:00:00,4679.234615033055
2017-02-08 18:00:00,4760.022939165309
2017-02-08 19:00:00,4784.337000007163
2017-02-08 20:00:00,4715.779104006791
2017-02-08 21:00:00,4730.660104216628
2017-02-08 22:00:00,4610.072446021633
2017-02-08 23:00:00,4470.995091342148
2017-02-09 00:00:00,4433.015693858877
2017-02-09 01:00:00,4480.947007824894
2017-02-09 02:00:00,4594.785661554702
2017-02-09 03:00:00,4625.926904489885
2017-02-09 04:00:00,4644.321745664227
2017-02-09 05:00:00,4671.399265392845
2017-02-09 06:00:00,4813.0570204462165
2017-02-09 07:00:00,4921.304756488317
2017-02-09 08:00:00,4741.704175819357
2017-02-09 09:00:00,4658.994349407384
2017-02-09 10:00:00,4664.060753595226
2017-02-09 11:00:00,4677.9998219731715
2017-02-09 12:00:00,4662.988502164124
2017-02-09 13:00:00,4658.2458028424835
2017-02-09 14:00:00,4655.790412511115
2017-02-09 15:00:00,4634.802745797543
2017-02-09 16:00:00,4639.060843787593
2017-02-09 17:00:00,4673.4387227119605
2017-02-09 18:00:00,4754.227046844215
2017-02-09 19:00:00,4779.039048213913
2017-02-09 20:00:00,4710.499279524127
2017-02-09 21:00:00,4725.380279733963
2017-02-09 22:00:00,4605.875887375756
2017-02-09 23:00:00,4469.407587766902
2017-02-10 00:00:00,4432.1409918807
2017-02-10 01:00:00,4473.912119345781
2017-02-10 02:00:00,4584.427313768567
2017-02-10 03:00:00,4615.568556703751
2017-02-10 04:00:00,4634.409059786246
2017-02-10 05:00:00,4661.778590647545
2017-02-10 06:00:00,4802.169410127494
2017-02-10 07:00:00,4905.880879127595
2017-02-10 08:00:00,4731.720634211706
2017-02-10 09:00:00,4657.482942397669
2017-02-10 10:00:00,4661.929383291088
2017-02-10 11:00:00,4686.28413474481
2017-02-10 12:00:00,4669.601585030603
2017-02-10 13:00:00,4664.959151116854
2017-02-10 14:00:00,4664.171512414934
2017-02-10 15:00:00,4643.183845701362
2017-02-10 16:00:00,4645.319058720272
2017-02-10 17:00:00,4679.883692777377
2017-02-10 18:00:00,4754.939134292509
2017-02-10 19:00:00,4777.236204068565
2017-02-10 20:00:00,4702.175229246015
2017-02-10 21:00:00,4715.720072661139
2017-02-10 22:00:00,4612.402795123839
2017-02-10 23:00:00,4503.887189396857
2017-02-11 00:00:00,4431.689678762762
2017-02-11 01:00:00,4458.551338271321
2017-02-11 02:00:00,4561.881598393379
2017-02-11 03:00:00,4593.136400798416
2017-02-11 04:00:00,4612.162654736287
2017-02-11 05:00:00,4623.553730392809
2017-02-11 06:00:00,4686.7770156899105
2017-02-11 07:00:00,4696.476808332818
2017-02-11 08:00:00,4699.997828874653
2017-02-11 09:00:00,4710.1593439674225
2017-02-11 10:00:00,4695.404366888627
2017-02-11 11:00:00,4664.09506703195
2017-02-11 12:00:00,4644.888367719405
2017-02-11 13:00:00,4642.602508106708
2017-02-11 14:00:00,4639.056461587974
2017-02-11 15:00:00,4628.217648165946
2017-02-11 16:00:00,4643.12536566575
2017-02-11 17:00:00,4678.555330392183
2017-02-11 18:00:00,4747.623642516966
2017-02-11 19:00:00,4795.020057106731
2017-02-11 20:00:00,4716.540864191547
2017-02-11 21:00:00,4722.546792625784
2017-02-11 22:00:00,4613.397565218609
2017-02-11 23:00:00,4510.219946302403
2017-02-12 00:00:00,4446.131349286762
2017-02-12 01:00:00,4465.265630933319
2017-02-12 02:00:00,4567.333975088924
2017-02-12 03:00:00,4598.588777493959
2017-02-12 04:00:00,4621.483312797758
2017-02-12 05:00:00,4629.233961385501
2017-02-12 06:00:00,4694.291062675367
2017-02-12 07:00:00,4703.575500597161
2017-02-12 08:00:00,4704.389445902154
2017-02-12 09:00:00,4717.8205873651505
2017-02-12 10:00:00,4684.24041208898
2017-02-12 11:00:00,4649.567408216873
2017-02-12 12:00:00,4654.578613589433
2017-02-12 13:00:00,4657.032987765904
2017-02-12 14:00:00,4647.29554943369
2017-02-12 15:00:00,4636.4547276052435
2017-02-12 16:00:00,4652.077665379279
2017-02-12 17:00:00,4694.320067862825
2017-02-12 18:00:00,4771.610708124272
2017-02-12 19:00:00,4816.689596227548
2017-02-12 20:00:00,4742.405154494728
2017-02-12 21:00:00,4748.815835700964
2017-02-12 22:00:00,4616.503049428098
2017-02-12 23:00:00,4509.713443308836
2017-02-13 00:00:00,4481.079764092387
2017-02-13 01:00:00,4528.986601111039
2017-02-13 02:00:00,4644.70646851464
2017-02-13 03:00:00,4680.359602803083
2017-02-13 04:00:00,4697.341908998068
2017-02-13 05:00:00,4737.871690577252
2017-02-13 06:00:00,4880.536461587116
2017-02-13 07:00:00,4991.36382548754
2017-02-13 08:00:00,4807.085043019097
2017-02-13 09:00:00,4688.777785722457
2017-02-13 10:00:00,4691.407514436836
2017-02-13 11:00:00,4692.64938982425
2017-02-13 12:00:00,4677.210659217479
2017-02-13 13:00:00,4674.2574117911645
2017-02-13 14:00:00,4668.484117074889
2017-02-13 15:00:00,4647.000667494807
2017-02-13 16:00:00,4653.879893911937
2017-02-13 17:00:00,4681.94095266951
2017-02-13 18:00:00,4748.656085008119
2017-02-13 19:00:00,4797.874424130237
2017-02-13 20:00:00,4724.795128757693
2017-02-13 21:00:00,4731.229488441988
2017-02-13 22:00:00,4597.616586130575
2017-02-13 23:00:00,4453.881276020808
2017-02-14 00:00:00,4432.055047956166
2017-02-14 01:00:00,4481.455549055427
2017-02-14 02:00:00,4596.658499118682
2017-02-14 03:00:00,4629.661454725489
2017-02-14 04:00:00,4648.056295899833
2017-02-14 05:00:00,4679.33496341415
2017-02-14 06:00:00,4820.939150995534
2017-02-14 07:00:00,4929.186887037636
2017-02-14 08:00:00,4746.972196874705
2017-02-14 09:00:00,4667.450028006556
2017-02-14 10:00:00,4672.683235689257
2017-02-14 11:00:00,4687.958873557297
2017-02-14 12:00:00,4672.94755374825
2017-02-14 13:00:00,4668.204854426609
2017-02-14 14:00:00,4665.749464095241
2017-02-14 15:00:00,4644.445373783695
2017-02-14 16:00:00,4649.210262937409
2017-02-14 17:00:00,4677.461952427336
2017-02-14 18:00:00,4745.095290492602
2017-02-14 19:00:00,4800.8760135291095
2017-02-14 20:00:00,4727.374249972546
2017-02-14 21:00:00,4731.209459320824
2017-02-14 22:00:00,4610.62180112583
2017-02-14 23:00:00,4467.088224512098
2017-02-15 00:00:00,4437.542381412766
2017-02-15 01:00:00,4486.754761967619
2017-02-15 02:00:00,4600.593415697428
2017-02-15 03:00:00,4631.734658632611
2017-02-15 04:00:00,4650.129499806953
2017-02-15 05:00:00,4677.207019535571
2017-02-15 06:00:00,4818.864774588942
2017-02-15 07:00:00,4927.112510631044
2017-02-15 08:00:00,4744.125723300201
2017-02-15 09:00:00,4664.933460419259
2017-02-15 10:00:00,4668.951514528532
2017-02-15 11:00:00,4682.890582906478
2017-02-15 12:00:00,4669.093486249105
2017-02-15 13:00:00,4664.350786927464
2017-02-15 14:00:00,4661.895396596095
2017-02-15 15:00:00,4640.591306284549
2017-02-15 16:00:00,4645.356195438264
2017-02-15 17:00:00,4672.0540544206615
2017-02-15 18:00:00,4740.5115016833115
2017-02-15 19:00:00,4796.29222471982
2017-02-15 20:00:00,4724.316110626816
2017-02-15 21:00:00,4728.151319975093
2017-02-15 22:00:00,4607.5636617801
2017-02-15 23:00:00,4468.688040596649
2017-02-16 00:00:00,4432.206445974325
2017-02-16 01:00:00,4481.249265896398
2017-02-16 02:00:00,4595.087919626207
2017-02-16 03:00:00,4626.22916256139
2017-02-16 04:00:00,4644.624003735731
2017-02-16 05:00:00,4671.7015234643495
2017-02-16 06:00:00,4813.359278517721
2017-02-16 07:00:00,4921.607014559821
2017-02-16 08:00:00,4738.620227228979
2017-02-16 09:00:00,4660.286914303212
2017-02-16 10:00:00,4664.304968412485
2017-02-16 11:00:00,4678.244036790432
2017-02-16 12:00:00,4664.446940133058
2017-02-16 13:00:00,4659.704240811418
2017-02-16 14:00:00,4657.248850480049
2017-02-16 15:00:00,4635.924045483723
2017-02-16 16:00:00,4640.688934637437
2017-02-16 17:00:00,4667.386793619835
2017-02-16 18:00:00,4735.844240882485
2017-02-16 19:00:00,4791.705378555436
2017-02-16 20:00:00,4719.747391773018
2017-02-16 21:00:00,4723.582601121296
2017-02-16 22:00:00,4604.078208763088
2017-02-16 23:00:00,4467.811642650269
2017-02-17 00:00:00,4431.331743996148
2017-02-17 01:00:00,4474.214377417285
2017-02-17 02:00:00,4584.729571840071
2017-02-17 03:00:00,4615.870814775255
2017-02-17 04:00:00,4634.711317857751
2017-02-17 05:00:00,4662.080848719049
2017-02-17 06:00:00,4802.4716681989985
2017-02-17 07:00:00,4906.183137199099
2017-02-17 08:00:00,4728.636685621328
2017-02-17 09:00:00,4658.775507293497
2017-02-17 10:00:00,4662.173598108348
2017-02-17 11:00:00,4686.528349562071
2017-02-17 12:00:00,4671.060022999536
2017-02-17 13:00:00,4666.417589085788
2017-02-17 14:00:00,4665.629950383868
2017-02-17 15:00:00,4644.305145387541
2017-02-17 16:00:00,4646.947149570116
2017-02-17 17:00:00,4673.831763685252
2017-02-17 18:00:00,4736.556328330779
2017-02-17 19:00:00,4789.902534410088
2017-02-17 20:00:00,4711.423341494906
2017-02-17 21:00:00,4713.922394048471
2017-02-17 22:00:00,4610.605116511171
2017-02-17 23:00:00,4502.291244280224
2017-02-18 00:00:00,4432.437158635463
2017-02-18 01:00:00,4460.410324100077
2017-02-18 02:00:00,4563.740584222135
2017-02-18 03:00:00,4594.995386627173
2017-02-18 04:00:00,4614.0216405650435
2017-02-18 05:00:00,4625.4127162215655
2017-02-18 06:00:00,4688.636001518667
2017-02-18 07:00:00,4698.335794161574
2017-02-18 08:00:00,4701.856814703409
2017-02-18 09:00:00,4712.0183297961785
2017-02-18 10:00:00,4696.215002638815
2017-02-18 11:00:00,4664.905702782138
2017-02-18 12:00:00,4646.913226621267
2017-02-18 13:00:00,4644.62736700857
2017-02-18 14:00:00,4641.081320489836
2017-02-18 15:00:00,4630.242507067808
2017-02-18 16:00:00,4645.150224567612
2017-02-18 17:00:00,4678.483018153865
2017-02-18 18:00:00,4743.607068704314
2017-02-18 19:00:00,4797.163237777452
2017-02-18 20:00:00,4718.684044862269
2017-02-18 21:00:00,4721.183097415835
2017-02-18 22:00:00,4612.0338700086595
2017-02-18 23:00:00,4509.057984588489
2017-02-19 00:00:00,4445.576646405188
2017-02-19 01:00:00,4466.099047003313
2017-02-19 02:00:00,4568.167391158918
2017-02-19 03:00:00,4599.422193563954
2017-02-19 04:00:00,4622.316728867753
2017-02-19 05:00:00,4630.067377455496
2017-02-19 06:00:00,4695.1244787453625
2017-02-19 07:00:00,4704.4089166671565
2017-02-19 08:00:00,4705.222861972148
2017-02-19 09:00:00,4719.246379780572
2017-02-19 10:00:00,4687.383838789626
2017-02-19 11:00:00,4652.71083491752
2017-02-19 12:00:00,4655.907795148013
2017-02-19 13:00:00,4658.362169324483
2017-02-19 14:00:00,4648.624730992269
2017-02-19 15:00:00,4637.783909163823
2017-02-19 16:00:00,4653.406846937859
2017-02-19 17:00:00,4693.552078281224
2017-02-19 18:00:00,4757.007740227342
2017-02-19 19:00:00,4810.209146845398
2017-02-19 20:00:00,4743.981632598497
2017-02-19 21:00:00,4746.885437924062
2017-02-19 22:00:00,4614.572651651196
2017-02-19 23:00:00,4507.98477902797
2017-02-20 00:00:00,4480.396591166835
2017-02-20 01:00:00,4529.691547137055
2017-02-20 02:00:00,4645.411414540656
2017-02-20 03:00:00,4681.064548829099
2017-02-20 04:00:00,4698.046855024085
2017-02-20 05:00:00,4738.576636603268
2017-02-20 06:00:00,4881.241407613132
2017-02-20 07:00:00,4992.068771513556
2017-02-20 08:00:00,4807.789989045113
2017-02-20 09:00:00,4690.0751080939
2017-02-20 10:00:00,4691.656486729711
2017-02-20 11:00:00,4692.898362117125
2017-02-20 12:00:00,4678.673854662027
2017-02-20 13:00:00,4675.720607235713
2017-02-20 14:00:00,4669.947312519437
2017-02-20 15:00:00,4648.463862939356
2017-02-20 16:00:00,4655.3430893564855
2017-02-20 17:00:00,4681.306976973878
2017-02-20 18:00:00,4734.1871309971575
2017-02-20 19:00:00,4789.987847566285
2017-02-20 20:00:00,4724.96547967966
2017-02-20 21:00:00,4727.892963483284
2017-02-20 22:00:00,4594.280061171871
2017-02-20 23:00:00,4450.74648455814
2017-02-21 00:00:00,4431.422254235977
2017-02-21 01:00:00,4481.099368330751
2017-02-21 02:00:00,4596.302318394006
2017-02-21 03:00:00,4629.305274000813
2017-02-21 04:00:00,4647.7001151751565
2017-02-21 05:00:00,4678.9787826894735
2017-02-21 06:00:00,4820.582970270858
2017-02-21 07:00:00,4928.83070631296
2017-02-21 08:00:00,4746.616016150029
2017-02-21 09:00:00,4667.686223627306
2017-02-21 10:00:00,4671.70427773658
2017-02-21 11:00:00,4686.979915604619
2017-02-21 12:00:00,4673.182818947246
2017-02-21 13:00:00,4668.440119625605
2017-02-21 14:00:00,4665.984729294237
2017-02-21 15:00:00,4644.680638982692
2017-02-21 16:00:00,4649.445528136405
2017-02-21 17:00:00,4677.697217626332
2017-02-21 18:00:00,4734.744683016998
2017-02-21 19:00:00,4790.948029017142
2017-02-21 20:00:00,4725.503192946497
2017-02-21 21:00:00,4729.338402294775
2017-02-21 22:00:00,4608.750744099781
2017-02-21 23:00:00,4465.217167486049
2017-02-22 00:00:00,4436.154168332158
2017-02-22 01:00:00,4485.6431618825245
2017-02-22 02:00:00,4599.481815612333
2017-02-22 03:00:00,4630.623058547517
2017-02-22 04:00:00,4649.017899721859
2017-02-22 05:00:00,4676.095419450477
2017-02-22 06:00:00,4817.753174503848
2017-02-22 07:00:00,4926.0009105459485
2017-02-22 08:00:00,4743.014123215106
2017-02-22 09:00:00,4664.414236679591
2017-02-22 10:00:00,4668.4322907888645
2017-02-22 11:00:00,4682.37135916681
2017-02-22 12:00:00,4668.574262509437
2017-02-22 13:00:00,4663.831563187796
2017-02-22 14:00:00,4661.376172856428
2017-02-22 15:00:00,4640.072082544882
2017-02-22 16:00:00,4644.863170300432
2017-02-22 17:00:00,4671.56102928283
2017-02-22 18:00:00,4730.127759804485
2017-02-22 19:00:00,4786.331105804628
2017-02-22 20:00:00,4722.411919197542
2017-02-22 21:00:00,4726.2471285458205
2017-02-22 22:00:00,4605.659470350826
2017-02-22 23:00:00,4466.783849167376
2017-02-23 00:00:00,4430.576255077671
2017-02-23 01:00:00,4479.895687995257
2017-02-23 02:00:00,4593.734341725064
2017-02-23 03:00:00,4624.875584660248
2017-02-23 04:00:00,4643.27042583459
2017-02-23 05:00:00,4670.347945563208
2017-02-23 06:00:00,4812.005700616579
2017-02-23 07:00:00,4920.253436658681
2017-02-23 08:00:00,4737.2666493278375
2017-02-23 09:00:00,4659.525712747498
2017-02-23 10:00:00,4663.510887311806
2017-02-23 11:00:00,4677.449955689753
2017-02-23 12:00:00,4663.652859032379
2017-02-23 13:00:00,4658.910159710738
2017-02-23 14:00:00,4656.45476937937
2017-02-23 15:00:00,4635.129964383043
2017-02-23 16:00:00,4639.921052138593
2017-02-23 17:00:00,4666.6189111209915
2017-02-23 18:00:00,4725.185641642646
2017-02-23 19:00:00,4781.469402279234
2017-02-23 20:00:00,4718.86767148581
2017-02-23 21:00:00,4722.702880834088
2017-02-23 22:00:00,4603.19848847588
2017-02-23 23:00:00,4466.931922363062
2017-02-24 00:00:00,4429.701553099494
2017-02-24 01:00:00,4472.860799516143
2017-02-24 02:00:00,4583.375993938929
2017-02-24 03:00:00,4614.517236874114
2017-02-24 04:00:00,4633.357739956609
2017-02-24 05:00:00,4660.727270817908
2017-02-24 06:00:00,4801.118090297858
2017-02-24 07:00:00,4904.8295592979575
2017-02-24 08:00:00,4727.283107720186
2017-02-24 09:00:00,4658.014305737783
2017-02-24 10:00:00,4661.379517007669
2017-02-24 11:00:00,4685.734268461391
2017-02-24 12:00:00,4670.265941898857
2017-02-24 13:00:00,4665.6235079851085
2017-02-24 14:00:00,4664.835869283189
2017-02-24 15:00:00,4643.511064286862
2017-02-24 16:00:00,4646.179267071273
2017-02-24 17:00:00,4673.063881186407
2017-02-24 18:00:00,4725.897729090941
2017-02-24 19:00:00,4779.666558133886
2017-02-24 20:00:00,4710.543621207698
2017-02-24 21:00:00,4713.042673761263
2017-02-24 22:00:00,4609.725396223964
2017-02-24 23:00:00,4501.411523993017
2017-02-25 00:00:00,4431.060002349589
2017-02-25 01:00:00,4459.309780809716
2017-02-25 02:00:00,4562.640040931775
2017-02-25 03:00:00,4593.894843336811
2017-02-25 04:00:00,4612.921097274682
2017-02-25 05:00:00,4624.312172931204
2017-02-25 06:00:00,4687.535458228307
2017-02-25 07:00:00,4697.235250871214
2017-02-25 08:00:00,4700.756271413049
2017-02-25 09:00:00,4711.510162851245
2017-02-25 10:00:00,4695.673956148918
2017-02-25 11:00:00,4664.36465629224
2017-02-25 12:00:00,4646.372180131369
2017-02-25 13:00:00,4644.0863205186715
2017-02-25 14:00:00,4640.540273999937
2017-02-25 15:00:00,4629.7014605779095
2017-02-25 16:00:00,4644.635376679549
2017-02-25 17:00:00,4677.968170265802
2017-02-25 18:00:00,4733.201504075257
2017-02-25 19:00:00,4787.18029611203
2017-02-25 20:00:00,4718.057359185842
2017-02-25 21:00:00,4720.556411739408
2017-02-25 22:00:00,4611.407184332234
2017-02-25 23:00:00,4508.431298912062
2017-02-26 00:00:00,4445.416774810754
2017-02-26 01:00:00,4465.939175408879
2017-02-26 02:00:00,4568.007519564484
2017-02-26 03:00:00,4599.26232196952
2017-02-26 04:00:00,4622.1568572733195
2017-02-26 05:00:00,4629.907505861062
2017-02-26 06:00:00,4694.964607150929
2017-02-26 07:00:00,4704.249045072722
2017-02-26 08:00:00,4705.062990377714
2017-02-26 09:00:00,4719.086508186138
2017-02-26 10:00:00,4687.191087650227
2017-02-26 11:00:00,4652.518083778121
2017-02-26 12:00:00,4655.715044008614
2017-02-26 13:00:00,4658.169418185085
2017-02-26 14:00:00,4648.431979852871
2017-02-26 15:00:00,4637.591158024425
2017-02-26 16:00:00,4653.240294400296
2017-02-26 17:00:00,4693.385525743661
2017-02-26 18:00:00,4756.841187689779
2017-02-26 19:00:00,4808.502453240064
2017-02-26 20:00:00,4743.57426749624
2017-02-26 21:00:00,4746.478072821805
2017-02-26 22:00:00,4614.16528654894
2017-02-26 23:00:00,4507.577413925714
2017-02-27 00:00:00,4482.151394728813
2017-02-27 01:00:00,4531.446350699032
2017-02-27 02:00:00,4647.166218102634
2017-02-27 03:00:00,4682.819352391078
2017-02-27 04:00:00,4699.801658586062
2017-02-27 05:00:00,4740.331440165246
2017-02-27 06:00:00,4882.99621117511
2017-02-27 07:00:00,4993.823575075535
2017-02-27 08:00:00,4809.544792607091
2017-02-27 09:00:00,4691.829911655878
2017-02-27 10:00:00,4693.3784107467245
2017-02-27 11:00:00,4694.620286134138
2017-02-27 12:00:00,4680.395778679041
2017-02-27 13:00:00,4677.442531252726
2017-02-27 14:00:00,4671.669236536451
2017-02-27 15:00:00,4650.185786956369
2017-02-27 16:00:00,4655.349306099804
2017-02-27 17:00:00,4681.313193717197
2017-02-27 18:00:00,4734.193347740476
2017-02-27 19:00:00,4789.994064309604
2017-02-27 20:00:00,4726.271024926057
2017-02-27 21:00:00,4729.198508729681
2017-02-27 22:00:00,4595.585606418267
2017-02-27 23:00:00,4452.052029804537
2017-02-28 00:00:00,4431.8189291977205
2017-02-28 01:00:00,4481.4960432924945
2017-02-28 02:00:00,4596.69899335575
2017-02-28 03:00:00,4629.701948962558
2017-02-28 04:00:00,4648.0967901369
2017-02-28 05:00:00,4679.375457651217
2017-02-28 06:00:00,4820.979645232602
2017-02-28 07:00:00,4929.2273812747035
2017-02-28 08:00:00,4747.012691111773
2017-02-28 09:00:00,4668.08289858905
2017-02-28 10:00:00,4672.0680731533585
2017-02-28 11:00:00,4687.343711021399
2017-02-28 12:00:00,4673.546614364026
2017-02-28 13:00:00,4668.803915042385
2017-02-28 14:00:00,4666.348524711017
2017-02-28 15:00:00,4645.04443439947
2017-02-28 16:00:00,4649.835522155021
2017-02-28 17:00:00,4678.087211644947
2017-02-28 18:00:00,4735.134677035614
2017-02-28 19:00:00,4791.338023035757
2017-02-28 20:00:00,4727.192515468189
2017-02-28 21:00:00,4731.0277248164675
2017-02-28 22:00:00,4610.440066621473
2017-02-28 23:00:00,4466.906490007742
2017-03-01 00:00:00,4431.860870621436
2017-03-01 01:00:00,4481.3498641718015
2017-03-01 02:00:00,4595.188517901611
2017-03-01 03:00:00,4626.329760836795
2017-03-01 04:00:00,4644.724602011136
2017-03-01 05:00:00,4671.8021217397545
2017-03-01 06:00:00,4813.459876793126
2017-03-01 07:00:00,4921.707612835226
2017-03-01 08:00:00,4738.720825504384
2017-03-01 09:00:00,4660.120938968868
2017-03-01 10:00:00,4664.106113533177
2017-03-01 11:00:00,4678.045181911123
2017-03-01 12:00:00,4664.24808525375
2017-03-01 13:00:00,4659.505385932109
2017-03-01 14:00:00,4657.049995600741
2017-03-01 15:00:00,4635.7459052891945
2017-03-01 16:00:00,4640.536993044745
2017-03-01 17:00:00,4658.249971137653
2017-03-01 18:00:00,4716.816701659308
2017-03-01 19:00:00,4773.020047659452
2017-03-01 20:00:00,4729.414746017944
2017-03-01 21:00:00,4733.249955366222
2017-03-01 22:00:00,4610.728658195515
2017-03-01 23:00:00,4460.843171269164
2017-03-02 00:00:00,4426.524935182995
2017-03-02 01:00:00,4475.844368100581
2017-03-02 02:00:00,4589.6830218303885
2017-03-02 03:00:00,4620.8242647655725
2017-03-02 04:00:00,4639.219105939915
2017-03-02 05:00:00,4666.296625668532
2017-03-02 06:00:00,4807.954380721903
2017-03-02 07:00:00,4916.202116764005
2017-03-02 08:00:00,4733.215329433162
2017-03-02 09:00:00,4655.474392852822
2017-03-02 10:00:00,4659.4595674171305
2017-03-02 11:00:00,4673.398635795077
2017-03-02 12:00:00,4659.601539137703
2017-03-02 13:00:00,4654.858839816063
2017-03-02 14:00:00,4652.403449484695
2017-03-02 15:00:00,4631.078644488368
2017-03-02 16:00:00,4635.8697322439175
2017-03-02 17:00:00,4653.582710336826
2017-03-02 18:00:00,4712.14944085848
2017-03-02 19:00:00,4768.433201495068
2017-03-02 20:00:00,4724.846027164146
2017-03-02 21:00:00,4728.681236512424
2017-03-02 22:00:00,4607.243205178503
2017-03-02 23:00:00,4459.966773322784
2017-03-03 00:00:00,4425.487379794482
2017-03-03 01:00:00,4468.646626211132
2017-03-03 02:00:00,4579.161820633919
2017-03-03 03:00:00,4610.303063569103
2017-03-03 04:00:00,4629.143566651598
2017-03-03 05:00:00,4656.513097512897
2017-03-03 06:00:00,4796.9039169928465
2017-03-03 07:00:00,4900.615385992946
2017-03-03 08:00:00,4723.068934415175
2017-03-03 09:00:00,4653.8001324327715
2017-03-03 10:00:00,4657.165343702658
2017-03-03 11:00:00,4681.52009515638
2017-03-03 12:00:00,4666.051768593847
2017-03-03 13:00:00,4661.409334680097
2017-03-03 14:00:00,4660.621695978178
2017-03-03 15:00:00,4639.296890981851
2017-03-03 16:00:00,4641.965093766261
2017-03-03 17:00:00,4659.864826991907
2017-03-03 18:00:00,4712.69867489644
2017-03-03 19:00:00,4766.467503939384
2017-03-03 20:00:00,4720.093405526005
2017-03-03 21:00:00,4718.101506588412
2017-03-03 22:00:00,4612.850590075399
2017-03-03 23:00:00,4494.1975096048345
2017-03-04 00:00:00,4426.004267730434
2017-03-04 01:00:00,4454.254046190561
2017-03-04 02:00:00,4557.584306312619
2017-03-04 03:00:00,4588.839108717657
2017-03-04 04:00:00,4607.865362655528
2017-03-04 05:00:00,4619.256438312049
2017-03-04 06:00:00,4682.479723609152
2017-03-04 07:00:00,4692.179516252059
2017-03-04 08:00:00,4695.700536793895
2017-03-04 09:00:00,4706.45442823209
2017-03-04 10:00:00,4690.618221529762
2017-03-04 11:00:00,4659.308921673085
2017-03-04 12:00:00,4641.316445512214
2017-03-04 13:00:00,4639.030585899517
2017-03-04 14:00:00,4635.563038074841
2017-03-04 15:00:00,4624.724224652813
2017-03-04 16:00:00,4639.556133455453
2017-03-04 17:00:00,4663.904046152216
2017-03-04 18:00:00,4719.13737996167
2017-03-04 19:00:00,4773.116171998445
2017-03-04 20:00:00,4729.306917414953
2017-03-04 21:00:00,4723.841400442956
2017-03-04 22:00:00,4612.758534060069
2017-03-04 23:00:00,4500.573755921576
2017-03-05 00:00:00,4440.497747582459
2017-03-05 01:00:00,4461.020148180584
2017-03-05 02:00:00,4563.088492336189
2017-03-05 03:00:00,4594.343294741225
2017-03-05 04:00:00,4617.237830045024
2017-03-05 05:00:00,4624.9884786327675
2017-03-05 06:00:00,4690.045579922634
2017-03-05 07:00:00,4699.330017844427
2017-03-05 08:00:00,4700.1439631494195
2017-03-05 09:00:00,4714.1674809578435
2017-03-05 10:00:00,4682.272060421932
2017-03-05 11:00:00,4647.599056549826
2017-03-05 12:00:00,4650.796016780319
2017-03-05 13:00:00,4653.2503909567895
2017-03-05 14:00:00,4643.591451318634
2017-03-05 15:00:00,4632.750629490188
2017-03-05 16:00:00,4648.29775856706
2017-03-05 17:00:00,4679.458109020935
2017-03-05 18:00:00,4742.913770967053
2017-03-05 19:00:00,4794.575036517338
2017-03-05 20:00:00,4759.480534359906
2017-03-05 21:00:00,4751.540311546848
2017-03-05 22:00:00,4619.680280247598
2017-03-05 23:00:00,4501.638179450448
2017-03-06 00:00:00,4479.660509834402
2017-03-06 01:00:00,4528.955465804622
2017-03-06 02:00:00,4644.675333208223
2017-03-06 03:00:00,4680.328467496666
2017-03-06 04:00:00,4697.310773691652
2017-03-06 05:00:00,4737.840555270835
2017-03-06 06:00:00,4880.505326280699
2017-03-06 07:00:00,4991.332690181123
2017-03-06 08:00:00,4807.05390771268
2017-03-06 09:00:00,4689.339026761467
2017-03-06 10:00:00,4690.887525852313
2017-03-06 11:00:00,4692.129401239727
2017-03-06 12:00:00,4677.904893784629
2017-03-06 13:00:00,4674.951646358315
2017-03-06 14:00:00,4669.256850336098
2017-03-06 15:00:00,4647.773400756017
2017-03-06 16:00:00,4652.834912600452
2017-03-06 17:00:00,4668.3555845902765
2017-03-06 18:00:00,4716.3789496646095
2017-03-06 19:00:00,4772.179666233737
2017-03-06 20:00:00,4736.094294982887
2017-03-06 21:00:00,4731.057209260948
2017-03-06 22:00:00,4595.510667973821
2017-03-06 23:00:00,4443.054030720928
2017-03-07 00:00:00,4426.112318582874
2017-03-07 01:00:00,4475.840289820657
2017-03-07 02:00:00,4591.043239883911
2017-03-07 03:00:00,4624.0461954907205
2017-03-07 04:00:00,4642.441036665062
2017-03-07 05:00:00,4673.719704179379
2017-03-07 06:00:00,4815.323891760764
2017-03-07 07:00:00,4923.571627802865
2017-03-07 08:00:00,4741.3569376399355
2017-03-07 09:00:00,4662.427145117213
2017-03-07 10:00:00,4666.412319681521
2017-03-07 11:00:00,4681.68795754956
2017-03-07 12:00:00,4667.890860892187
2017-03-07 13:00:00,4663.148161570546
2017-03-07 14:00:00,4660.771269933237
2017-03-07 15:00:00,4639.467179621691
2017-03-07 16:00:00,4644.156260078242
2017-03-07 17:00:00,4661.9647339406
2017-03-07 18:00:00,4704.697540682555
2017-03-07 19:00:00,4736.294385685862
2017-03-07 20:00:00,4745.104998106677
2017-03-07 21:00:00,4740.975637929393
2017-03-07 22:00:00,4618.454340758685
2017-03-07 23:00:00,4465.997703505791
2017-03-08 00:00:00,4429.102097153828
2017-03-08 01:00:00,4478.6419478472035
2017-03-08 02:00:00,4592.480601577012
2017-03-08 03:00:00,4623.621844512196
2017-03-08 04:00:00,4642.016685686537
2017-03-08 05:00:00,4669.094205415156
2017-03-08 06:00:00,4810.751960468527
2017-03-08 07:00:00,4918.9996965106275
2017-03-08 08:00:00,4736.012909179785
2017-03-08 09:00:00,4657.41302264427
2017-03-08 10:00:00,4661.3981972085785
2017-03-08 11:00:00,4675.337265586524
2017-03-08 12:00:00,4661.540168929151
2017-03-08 13:00:00,4656.79746960751
2017-03-08 14:00:00,4654.420577970201
2017-03-08 15:00:00,4633.1164876586545
2017-03-08 16:00:00,4637.805568115205
2017-03-08 17:00:00,4655.518546208113
2017-03-08 18:00:00,4699.770618081056
2017-03-08 19:00:00,4731.367463084363
2017-03-08 20:00:00,4741.09278710406
2017-03-08 21:00:00,4736.963426926775
2017-03-08 22:00:00,4614.442129756068
2017-03-08 23:00:00,4466.357615854296
2017-03-09 00:00:00,4421.961929054876
2017-03-09 01:00:00,4471.332219115471
2017-03-09 02:00:00,4585.170872845279
2017-03-09 03:00:00,4616.3121157804635
2017-03-09 04:00:00,4634.706956954806
2017-03-09 05:00:00,4661.784476683423
2017-03-09 06:00:00,4803.442231736795
2017-03-09 07:00:00,4911.689967778896
2017-03-09 08:00:00,4727.624969443759
2017-03-09 09:00:00,4649.88403286342
2017-03-09 10:00:00,4653.869207427728
2017-03-09 11:00:00,4667.8082758056735
2017-03-09 12:00:00,4654.0111791483005
2017-03-09 13:00:00,4649.268479826659
2017-03-09 14:00:00,4646.89158818935
2017-03-09 15:00:00,4625.566783193023
2017-03-09 16:00:00,4630.255863649574
2017-03-09 17:00:00,4647.968841742481
2017-03-09 18:00:00,4667.104992542116
2017-03-09 19:00:00,4697.354125688583
2017-03-09 20:00:00,4744.446525594183
2017-03-09 21:00:00,4753.1849022245515
2017-03-09 22:00:00,4610.710864056548
2017-03-09 23:00:00,4460.9081104161305
2017-03-10 00:00:00,4421.753573974082
2017-03-10 01:00:00,4464.963677533741
2017-03-10 02:00:00,4575.4788719565295
2017-03-10 03:00:00,4606.620114891712
2017-03-10 04:00:00,4625.460617974209
2017-03-10 05:00:00,4652.830148835506
2017-03-10 06:00:00,4793.220968315456
2017-03-10 07:00:00,4896.932437315557
2017-03-10 08:00:00,4718.307774733492
2017-03-10 09:00:00,4649.038972751087
2017-03-10 10:00:00,4652.404184020974
2017-03-10 11:00:00,4676.758935474696
2017-03-10 12:00:00,4661.2906089121625
2017-03-10 13:00:00,4656.648174998413
2017-03-10 14:00:00,4655.9390349905525
2017-03-10 15:00:00,4634.614229994226
2017-03-10 16:00:00,4637.180425479636
2017-03-10 17:00:00,4655.080158705281
2017-03-10 18:00:00,4663.669708506652
2017-03-10 19:00:00,4691.403910059477
2017-03-10 20:00:00,4739.724934907576
2017-03-10 21:00:00,4747.1271547432325
2017-03-10 22:00:00,4620.840231396137
2017-03-10 23:00:00,4498.990171637592
2017-03-11 00:00:00,4422.7441254293335
2017-03-11 01:00:00,4451.04476103247
2017-03-11 02:00:00,4554.375021154528
2017-03-11 03:00:00,4585.629823559567
2017-03-11 04:00:00,4604.656077497437
2017-03-11 05:00:00,4616.047153153958
2017-03-11 06:00:00,4679.270438451062
2017-03-11 07:00:00,4688.970231093968
2017-03-11 08:00:00,4691.41304063151
2017-03-11 09:00:00,4702.166932069706
2017-03-11 10:00:00,4686.330725367378
2017-03-11 11:00:00,4655.021425510701
2017-03-11 12:00:00,4637.028949349829
2017-03-11 13:00:00,4634.743089737132
2017-03-11 14:00:00,4631.275541912457
2017-03-11 15:00:00,4620.436728490429
2017-03-11 16:00:00,4635.268637293069
2017-03-11 17:00:00,4659.616549989832
2017-03-11 18:00:00,4670.605585696124
2017-03-11 19:00:00,4698.549750242777
2017-03-11 20:00:00,4746.870775090876
2017-03-11 21:00:00,4754.272994926533
2017-03-11 22:00:00,4622.154121709563
2017-03-11 23:00:00,4505.6420487617925
2017-03-12 00:00:00,4436.207067298903
2017-03-12 01:00:00,4456.7803250400375
2017-03-12 02:00:00,4558.848669195642
2017-03-12 03:00:00,4590.103471600678
2017-03-12 04:00:00,4612.998006904478
2017-03-12 05:00:00,4620.748655492221
2017-03-12 06:00:00,4685.805756782088
2017-03-12 07:00:00,4695.090194703881
2017-03-12 08:00:00,4694.825929004579
2017-03-12 09:00:00,4708.849446813003
2017-03-12 10:00:00,4676.9540262770915
2017-03-12 11:00:00,4642.281022404985
2017-03-12 12:00:00,4645.477982635479
2017-03-12 13:00:00,4647.93235681195
2017-03-12 14:00:00,4638.273417173795
2017-03-12 15:00:00,4627.707719699741
2017-03-12 16:00:00,4642.7415357208965
2017-03-12 17:00:00,4673.901886174772
2017-03-12 18:00:00,4693.601312842467
2017-03-12 19:00:00,4710.953497096626
2017-03-12 20:00:00,4779.137639891979
2017-03-12 21:00:00,4784.065153886573
2017-03-12 22:00:00,4631.1691157532405
2017-03-12 23:00:00,4508.799720146813
2017-03-13 00:00:00,4475.545909029632
2017-03-13 01:00:00,4524.89172214286
2017-03-13 02:00:00,4640.611589546462
2017-03-13 03:00:00,4676.264723834905
2017-03-13 04:00:00,4693.247030029891
2017-03-13 05:00:00,4733.776811609074
2017-03-13 06:00:00,4876.441582618938
2017-03-13 07:00:00,4987.2689465193625
2017-03-13 08:00:00,4801.911953046625
2017-03-13 09:00:00,4684.197072095412
2017-03-13 10:00:00,4685.7455711862585
2017-03-13 11:00:00,4686.987446573672
2017-03-13 12:00:00,4672.762939118575
2017-03-13 13:00:00,4669.8096916922605
2017-03-13 14:00:00,4664.114895670044
2017-03-13 15:00:00,4642.906570444354
2017-03-13 16:00:00,4647.454769233074
2017-03-13 17:00:00,4662.975441222898
2017-03-13 18:00:00,4673.440980402951
2017-03-13 19:00:00,4694.932615675953
2017-03-13 20:00:00,4760.4355032101585
2017-03-13 21:00:00,4768.266154295873
2017-03-13 22:00:00,4611.683606174664
2017-03-13 23:00:00,4454.899674112493
2017-03-14 00:00:00,4424.681246727788
2017-03-14 01:00:00,4474.409217965571
2017-03-14 02:00:00,4589.612168028825
2017-03-14 03:00:00,4622.6151236356345
2017-03-14 04:00:00,4641.009964809977
2017-03-14 05:00:00,4672.288632324294
2017-03-14 06:00:00,4813.892819905679
2017-03-14 07:00:00,4922.14055594778
2017-03-14 08:00:00,4738.847654780556
2017-03-14 09:00:00,4659.917862257833
2017-03-14 10:00:00,4663.903036822141
2017-03-14 11:00:00,4679.178674690182
2017-03-14 12:00:00,4665.381578032808
2017-03-14 13:00:00,4660.638878711167
2017-03-14 14:00:00,4658.261987073857
2017-03-14 15:00:00,4637.233021116705
2017-03-14 16:00:00,4641.408788517539
2017-03-14 17:00:00,4659.217262379897
2017-03-14 18:00:00,4672.508492492141
2017-03-14 19:00:00,4694.402757196159
2017-03-14 20:00:00,4759.483176546344
2017-03-14 21:00:00,4768.221553176713
2017-03-14 22:00:00,4624.664249171923
2017-03-14 23:00:00,4467.880317109752
2017-03-15 00:00:00,4427.641271566293
2017-03-15 01:00:00,4477.181122259668
2017-03-15 02:00:00,4591.019775989476
2017-03-15 03:00:00,4622.16101892466
2017-03-15 04:00:00,4640.5558600990025
2017-03-15 05:00:00,4667.63337982762
2017-03-15 06:00:00,4809.291134880991
2017-03-15 07:00:00,4917.538870923093
2017-03-15 08:00:00,4733.473872587956
2017-03-15 09:00:00,4654.873986052441
2017-03-15 10:00:00,4658.859160616749
2017-03-15 11:00:00,4672.798228994695
2017-03-15 12:00:00,4659.001132337322
2017-03-15 13:00:00,4654.258433015681
2017-03-15 14:00:00,4651.881541378371
2017-03-15 15:00:00,4630.852575421218
2017-03-15 16:00:00,4635.028342822053
2017-03-15 17:00:00,4652.741320914961
2017-03-15 18:00:00,4667.551816158193
2017-03-15 19:00:00,4689.446080862211
2017-03-15 20:00:00,4755.441211811277
2017-03-15 21:00:00,4764.179588441646
2017-03-15 22:00:00,4620.622284436856
2017-03-15 23:00:00,4468.210475725807
2017-03-16 00:00:00,4420.341340024931
2017-03-16 01:00:00,4469.711630085527
2017-03-16 02:00:00,4583.550283815333
2017-03-16 03:00:00,4614.691526750519
2017-03-16 04:00:00,4633.0863679248605
2017-03-16 05:00:00,4660.163887653478
2017-03-16 06:00:00,4801.82164270685
2017-03-16 07:00:00,4910.069378748951
2017-03-16 08:00:00,4726.004380413814
2017-03-16 09:00:00,4648.263443833474
2017-03-16 10:00:00,4652.248618397783
2017-03-16 11:00:00,4666.187686775729
2017-03-16 12:00:00,4652.390590118355
2017-03-16 13:00:00,4647.647890796714
2017-03-16 14:00:00,4645.270999159405
2017-03-16 15:00:00,4624.221318517471
2017-03-16 16:00:00,4628.3970859183055
2017-03-16 17:00:00,4646.110064011214
2017-03-16 18:00:00,4660.920559254446
2017-03-16 19:00:00,4682.895238594907
2017-03-16 20:00:00,4748.237449439194
2017-03-16 21:00:00,4771.815423441289
2017-03-16 22:00:00,4615.547201211636
2017-03-16 23:00:00,4465.744447571218
2017-03-17 00:00:00,4419.307775089139
2017-03-17 01:00:00,4462.517878648797
2017-03-17 02:00:00,4573.033073071584
2017-03-17 03:00:00,4604.174316006767
2017-03-17 04:00:00,4623.014819089264
2017-03-17 05:00:00,4650.384349950563
2017-03-17 06:00:00,4790.775169430512
2017-03-17 07:00:00,4894.486638430612
2017-03-17 08:00:00,4715.861975848547
2017-03-17 09:00:00,4646.593173866144
2017-03-17 10:00:00,4649.95838513603
2017-03-17 11:00:00,4674.313136589752
2017-03-17 12:00:00,4658.844810027218
2017-03-17 13:00:00,4654.202376113469
2017-03-17 14:00:00,4653.493236105608
2017-03-17 15:00:00,4632.443555463675
2017-03-17 16:00:00,4634.496437893369
2017-03-17 17:00:00,4652.396171119014
2017-03-17 18:00:00,4661.473783745125
2017-03-17 19:00:00,4680.9335314919435
2017-03-17 20:00:00,4739.731874445872
2017-03-17 21:00:00,4761.973691653254
2017-03-17 22:00:00,4621.892584244509
2017-03-17 23:00:00,4500.042524485963
2017-03-18 00:00:00,4421.716043118439
2017-03-18 01:00:00,4450.016678721576
2017-03-18 02:00:00,4553.346938843634
2017-03-18 03:00:00,4584.601741248672
2017-03-18 04:00:00,4603.627995186542
2017-03-18 05:00:00,4615.019070843064
2017-03-18 06:00:00,4678.242356140167
2017-03-18 07:00:00,4687.942148783074
2017-03-18 08:00:00,4690.384958320616
2017-03-18 09:00:00,4701.138849758811
2017-03-18 10:00:00,4685.302643056483
2017-03-18 11:00:00,4653.993343199807
2017-03-18 12:00:00,4636.000867038935
2017-03-18 13:00:00,4633.715007426238
2017-03-18 14:00:00,4630.247459601562
2017-03-18 15:00:00,4619.683770533928
2017-03-18 16:00:00,4634.002366280852
2017-03-18 17:00:00,4658.350278977614
2017-03-18 18:00:00,4669.827377508645
2017-03-18 19:00:00,4689.4970882492935
2017-03-18 20:00:00,4748.295431203222
2017-03-18 21:00:00,4770.537248410604
2017-03-18 22:00:00,4624.624191131985
2017-03-18 23:00:00,4508.1121181842145
2017-03-19 00:00:00,4435.353209286696
2017-03-19 01:00:00,4455.926467027831
2017-03-19 02:00:00,4557.994811183435
2017-03-19 03:00:00,4589.249613588471
2017-03-19 04:00:00,4612.144148892271
2017-03-19 05:00:00,4619.894797480014
2017-03-19 06:00:00,4684.95189876988
2017-03-19 07:00:00,4694.236336691674
2017-03-19 08:00:00,4693.972070992372
2017-03-19 09:00:00,4707.995588800796
2017-03-19 10:00:00,4676.100168264885
2017-03-19 11:00:00,4641.427164392779
2017-03-19 12:00:00,4644.624124623272
2017-03-19 13:00:00,4647.078498799743
2017-03-19 14:00:00,4637.419559161587
2017-03-19 15:00:00,4626.853861687533
2017-03-19 16:00:00,4641.88767770869
2017-03-19 17:00:00,4673.048028162564
2017-03-19 18:00:00,4692.74745483026
2017-03-19 19:00:00,4710.099639084418
2017-03-19 20:00:00,4777.6127344644065
2017-03-19 21:00:00,4798.03155924478
2017-03-19 22:00:00,4631.341337049798
2017-03-19 23:00:00,4508.97194144337
2017-03-20 00:00:00,4474.880971388944
2017-03-20 01:00:00,4524.226784502172
2017-03-20 02:00:00,4639.946651905775
2017-03-20 03:00:00,4675.599786194219
2017-03-20 04:00:00,4692.582092389203
2017-03-20 05:00:00,4733.111873968386
2017-03-20 06:00:00,4875.77664497825
2017-03-20 07:00:00,4986.604008878675
2017-03-20 08:00:00,4801.247015405937
2017-03-20 09:00:00,4683.532134454725
2017-03-20 10:00:00,4685.080633545571
2017-03-20 11:00:00,4686.322508932985
2017-03-20 12:00:00,4672.098001477887
2017-03-20 13:00:00,4669.144754051573
2017-03-20 14:00:00,4663.449958029356
2017-03-20 15:00:00,4642.241632803667
2017-03-20 16:00:00,4646.789831592387
2017-03-20 17:00:00,4662.310503582211
2017-03-20 18:00:00,4672.776042762264
2017-03-20 19:00:00,4694.267678035266
2017-03-20 20:00:00,4759.099518154107
2017-03-20 21:00:00,4781.549049191724
2017-03-20 22:00:00,4611.172317008866
2017-03-20 23:00:00,4454.388384946695
2017-03-21 00:00:00,4426.705911781204
2017-03-21 01:00:00,4476.433883018988
2017-03-21 02:00:00,4591.6368330822415
2017-03-21 03:00:00,4624.639788689052
2017-03-21 04:00:00,4643.034629863393
2017-03-21 05:00:00,4674.31329737771
2017-03-21 06:00:00,4815.917484959095
2017-03-21 07:00:00,4924.165221001196
2017-03-21 08:00:00,4740.872319833972
2017-03-21 09:00:00,4661.942527311249
2017-03-21 10:00:00,4665.927701875558
2017-03-21 11:00:00,4681.203339743598
2017-03-21 12:00:00,4667.406243086225
2017-03-21 13:00:00,4662.663543764584
2017-03-21 14:00:00,4660.2866521272745
2017-03-21 15:00:00,4639.257686170121
2017-03-21 16:00:00,4643.433453570955
2017-03-21 17:00:00,4661.241927433314
2017-03-21 18:00:00,4674.5331575455575
2017-03-21 19:00:00,4696.427422249575
2017-03-21 20:00:00,4760.836794184396
2017-03-21 21:00:00,4784.194050766668
2017-03-21 22:00:00,4626.842562700229
2017-03-21 23:00:00,4470.058630638057
2017-03-22 00:00:00,4429.695690352159
2017-03-22 01:00:00,4479.235541045534
2017-03-22 02:00:00,4593.074194775341
2017-03-22 03:00:00,4624.215437710527
2017-03-22 04:00:00,4642.610278884868
2017-03-22 05:00:00,4669.687798613487
2017-03-22 06:00:00,4811.345553666858
2017-03-22 07:00:00,4919.593289708959
2017-03-22 08:00:00,4735.528291373822
2017-03-22 09:00:00,4656.928404838307
2017-03-22 10:00:00,4660.913579402615
2017-03-22 11:00:00,4674.852647780562
2017-03-22 12:00:00,4661.055551123188
2017-03-22 13:00:00,4656.312851801547
2017-03-22 14:00:00,4653.935960164237
2017-03-22 15:00:00,4632.906994207085
2017-03-22 16:00:00,4637.082761607919
2017-03-22 17:00:00,4654.795739700827
2017-03-22 18:00:00,4669.606234944059
2017-03-22 19:00:00,4691.500499648077
2017-03-22 20:00:00,4756.8245831817785
2017-03-22 21:00:00,4780.18183976405
2017-03-22 22:00:00,4622.830351697612
2017-03-22 23:00:00,4470.418542986563
2017-03-23 00:00:00,4423.781265980836
2017-03-23 01:00:00,4473.151556041432
2017-03-23 02:00:00,4586.990209771238
2017-03-23 03:00:00,4618.131452706424
2017-03-23 04:00:00,4636.5262938807655
2017-03-23 05:00:00,4663.603813609384
2017-03-23 06:00:00,4805.261568662755
2017-03-23 07:00:00,4913.509304704856
2017-03-23 08:00:00,4729.444306369719
2017-03-23 09:00:00,4651.703369789379
2017-03-23 10:00:00,4655.688544353688
2017-03-23 11:00:00,4669.627612731634
2017-03-23 12:00:00,4655.83051607426
2017-03-23 13:00:00,4651.087816752619
2017-03-23 14:00:00,4648.71092511531
2017-03-23 15:00:00,4627.661244473376
2017-03-23 16:00:00,4631.8370118742105
2017-03-23 17:00:00,4649.549989967119
2017-03-23 18:00:00,4664.360485210351
2017-03-23 19:00:00,4686.335164550812
2017-03-23 20:00:00,4751.677375395099
2017-03-23 21:00:00,4775.034631977371
2017-03-23 22:00:00,4618.766409747719
2017-03-23 23:00:00,4468.963656107301
2017-03-24 00:00:00,4422.558780673524
2017-03-24 01:00:00,4465.768884233183
2017-03-24 02:00:00,4576.28407865597
2017-03-24 03:00:00,4607.425321591152
2017-03-24 04:00:00,4626.265824673649
2017-03-24 05:00:00,4653.635355534948
2017-03-24 06:00:00,4794.0261750148975
2017-03-24 07:00:00,4897.737644014998
2017-03-24 08:00:00,4719.112981432932
2017-03-24 09:00:00,4649.844179450529
2017-03-24 10:00:00,4653.209390720415
2017-03-24 11:00:00,4677.564142174137
2017-03-24 12:00:00,4662.095815611603
2017-03-24 13:00:00,4657.453381697854
2017-03-24 14:00:00,4656.744241689994
2017-03-24 15:00:00,4635.69456104806
2017-03-24 16:00:00,4637.747443477754
2017-03-24 17:00:00,4655.647176703399
2017-03-24 18:00:00,4664.72478932951
2017-03-24 19:00:00,4684.1845370763285
2017-03-24 20:00:00,4742.982880030257
2017-03-24 21:00:00,4765.876410651692
2017-03-24 22:00:00,4625.795303242947
2017-03-24 23:00:00,4503.9452434844015
2017-03-25 00:00:00,4422.857713514249
2017-03-25 01:00:00,4451.158349117384
2017-03-25 02:00:00,4554.488609239443
2017-03-25 03:00:00,4585.74341164448
2017-03-25 04:00:00,4604.76966558235
2017-03-25 05:00:00,4616.160741238872
2017-03-25 06:00:00,4679.384026535976
2017-03-25 07:00:00,4689.083819178883
2017-03-25 08:00:00,4691.526628716424
2017-03-25 09:00:00,4702.28052015462
2017-03-25 10:00:00,4686.444313452292
2017-03-25 11:00:00,4655.135013595615
2017-03-25 12:00:00,4637.142537434744
2017-03-25 13:00:00,4634.856677822047
2017-03-25 14:00:00,4631.389129997371
2017-03-25 15:00:00,4620.825440929736
2017-03-25 16:00:00,4635.14403667666
2017-03-25 17:00:00,4659.491949373422
2017-03-25 18:00:00,4670.969047904455
2017-03-25 19:00:00,4690.638758645102
2017-03-25 20:00:00,4749.437101599031
2017-03-25 21:00:00,4772.330632220464
2017-03-25 22:00:00,4626.4175749418455
2017-03-25 23:00:00,4509.905501994075
2017-03-26 00:00:00,4437.351193366273
2017-03-26 01:00:00,4457.924451107408
2017-03-26 02:00:00,4559.992795263012
2017-03-26 03:00:00,4591.247597668048
2017-03-26 04:00:00,4614.142132971848
2017-03-26 05:00:00,4621.892781559591
2017-03-26 06:00:00,4686.949882849457
2017-03-26 07:00:00,4696.234320771251
2017-03-26 08:00:00,4695.970055071949
2017-03-26 09:00:00,4709.993572880373
2017-03-26 10:00:00,4678.098152344462
2017-03-26 11:00:00,4643.425148472355
2017-03-26 12:00:00,4646.622108702849
2017-03-26 13:00:00,4649.07648287932
2017-03-26 14:00:00,4639.417543241165
2017-03-26 15:00:00,4628.851845767111
2017-03-26 16:00:00,4643.885661788267
2017-03-26 17:00:00,4675.046012242141
2017-03-26 18:00:00,4694.745438909837
2017-03-26 19:00:00,4712.097623163996
2017-03-26 20:00:00,4779.610718543984
2017-03-26 21:00:00,4800.029543324356
2017-03-26 22:00:00,4633.339321129375
2017-03-26 23:00:00,4510.969925522948
2017-03-27 00:00:00,4476.800387357006
2017-03-27 01:00:00,4526.146200470235
2017-03-27 02:00:00,4641.866067873836
2017-03-27 03:00:00,4677.519202162281
2017-03-27 04:00:00,4694.501508357265
2017-03-27 05:00:00,4735.031289936448
2017-03-27 06:00:00,4877.696060946312
2017-03-27 07:00:00,4988.523424846737
2017-03-27 08:00:00,4803.166431373999
2017-03-27 09:00:00,4685.451550422787
2017-03-27 10:00:00,4687.000049513633
2017-03-27 11:00:00,4688.241924901046
2017-03-27 12:00:00,4674.017417445949
2017-03-27 13:00:00,4671.064170019635
2017-03-27 14:00:00,4665.369373997418
2017-03-27 15:00:00,4644.161048771728
2017-03-27 16:00:00,4648.709247560449
2017-03-27 17:00:00,4664.229919550273
2017-03-27 18:00:00,4674.695458730325
2017-03-27 19:00:00,4696.187094003328
2017-03-27 20:00:00,4757.892705207902
2017-03-27 21:00:00,4788.956725128253
2017-03-27 22:00:00,4618.579992945395
2017-03-27 23:00:00,4456.412978655452
2017-03-28 00:00:00,4425.935725055163
2017-03-28 01:00:00,4475.663696292946
2017-03-28 02:00:00,4590.866646356199
2017-03-28 03:00:00,4623.86960196301
2017-03-28 04:00:00,4642.264443137351
2017-03-28 05:00:00,4673.543110651668
2017-03-28 06:00:00,4815.147298233053
2017-03-28 07:00:00,4923.395034275154
2017-03-28 08:00:00,4740.10213310793
2017-03-28 09:00:00,4661.172340585207
2017-03-28 10:00:00,4665.157515149516
2017-03-28 11:00:00,4680.433153017556
2017-03-28 12:00:00,4666.636056360183
2017-03-28 13:00:00,4661.893357038542
2017-03-28 14:00:00,4659.516465401232
2017-03-28 15:00:00,4638.487499444079
2017-03-28 16:00:00,4642.663266844913
2017-03-28 17:00:00,4660.471740707272
2017-03-28 18:00:00,4673.762970819515
2017-03-28 19:00:00,4695.657235523533
2017-03-28 20:00:00,4756.940378544087
2017-03-28 21:00:00,4788.9121240090935
2017-03-28 22:00:00,4631.560635942655
2017-03-28 23:00:00,4469.393621652711
2017-03-29 00:00:00,4428.925503626117
2017-03-29 01:00:00,4478.465354319492
2017-03-29 02:00:00,4592.304008049299
2017-03-29 03:00:00,4623.445250984485
2017-03-29 04:00:00,4641.840092158826
2017-03-29 05:00:00,4668.917611887445
2017-03-29 06:00:00,4810.575366940816
2017-03-29 07:00:00,4918.823102982917
2017-03-29 08:00:00,4734.75810464778
2017-03-29 09:00:00,4656.158218112265
2017-03-29 10:00:00,4660.143392676573
2017-03-29 11:00:00,4674.08246105452
2017-03-29 12:00:00,4660.285364397146
2017-03-29 13:00:00,4655.542665075505
2017-03-29 14:00:00,4653.165773438195
2017-03-29 15:00:00,4632.1368074810425
2017-03-29 16:00:00,4636.312574881877
2017-03-29 17:00:00,4654.025552974785
2017-03-29 18:00:00,4668.836048218017
2017-03-29 19:00:00,4690.7303129220345
2017-03-29 20:00:00,4752.92816754147
2017-03-29 21:00:00,4784.899913006476
2017-03-29 22:00:00,4627.548424940037
2017-03-29 23:00:00,4469.7535340012155
2017-03-30 00:00:00,4423.011079254795
2017-03-30 01:00:00,4472.38136931539
2017-03-30 02:00:00,4586.220023045196
2017-03-30 03:00:00,4617.361265980382
2017-03-30 04:00:00,4635.756107154723
2017-03-30 05:00:00,4662.833626883342
2017-03-30 06:00:00,4804.491381936713
2017-03-30 07:00:00,4912.739117978814
2017-03-30 08:00:00,4728.674119643677
2017-03-30 09:00:00,4650.933183063337
2017-03-30 10:00:00,4654.9183576276455
2017-03-30 11:00:00,4668.857426005592
2017-03-30 12:00:00,4655.060329348218
2017-03-30 13:00:00,4650.317630026577
2017-03-30 14:00:00,4647.940738389268
2017-03-30 15:00:00,4626.891057747334
2017-03-30 16:00:00,4631.066825148168
2017-03-30 17:00:00,4648.7798032410765
2017-03-30 18:00:00,4663.590298484309
2017-03-30 19:00:00,4685.56497782477
2017-03-30 20:00:00,4747.780959754791
2017-03-30 21:00:00,4779.752705219797
2017-03-30 22:00:00,4623.484482990144
2017-03-30 23:00:00,4468.298647121954
2017-03-31 00:00:00,4421.174927154187
2017-03-31 01:00:00,4464.3850307138455
2017-03-31 02:00:00,4574.900225136634
2017-03-31 03:00:00,4606.041468071815
2017-03-31 04:00:00,4624.881971154312
2017-03-31 05:00:00,4652.25150201561
2017-03-31 06:00:00,4792.642321495559
2017-03-31 07:00:00,4896.35379049566
2017-03-31 08:00:00,4717.729127913595
2017-03-31 09:00:00,4648.460325931191
2017-03-31 10:00:00,4651.825537201078
2017-03-31 11:00:00,4676.180288654799
2017-03-31 12:00:00,4660.711962092266
2017-03-31 13:00:00,4656.0695281785165
2017-03-31 14:00:00,4655.360388170656
2017-03-31 15:00:00,4634.310707528723
2017-03-31 16:00:00,4636.363589958417
2017-03-31 17:00:00,4654.263323184062
2017-03-31 18:00:00,4663.340935810173
2017-03-31 19:00:00,4682.800683556991
2017-03-31 20:00:00,4738.472797596653
2017-03-31 21:00:00,4770.124497653725
2017-03-31 22:00:00,4630.0433902449795
2017-03-31 23:00:00,4502.810248258662
2017-04-01 00:00:00,4422.100755969948
2017-04-01 01:00:00,4450.401391573085
2017-04-01 02:00:00,4553.731651695143
2017-04-01 03:00:00,4584.986454100181
2017-04-01 04:00:00,4604.012708038051
2017-04-01 05:00:00,4615.403783694573
2017-04-01 06:00:00,4678.627068991676
2017-04-01 07:00:00,4688.326861634583
2017-04-01 08:00:00,4690.769671172125
2017-04-01 09:00:00,4701.52356261032
2017-04-01 10:00:00,4685.687355907992
2017-04-01 11:00:00,4654.378056051315
2017-04-01 12:00:00,4636.385579890444
2017-04-01 13:00:00,4634.099720277747
2017-04-01 14:00:00,4630.632172453071
2017-04-01 15:00:00,4620.068483385436
2017-04-01 16:00:00,4634.387079132361
2017-04-01 17:00:00,4658.734991829123
2017-04-01 18:00:00,4670.212090360154
2017-04-01 19:00:00,4681.645728429196
2017-04-01 20:00:00,4737.3178424688585
2017-04-01 21:00:00,4781.310303179931
2017-04-01 22:00:00,4635.397245901312
2017-04-01 23:00:00,4513.502090725769
2017-04-02 00:00:00,4434.167347807252
2017-04-02 01:00:00,4456.496682127463
2017-04-02 02:00:00,4558.565026283068
2017-04-02 03:00:00,4589.819828688103
2017-04-02 04:00:00,4612.714363991903
2017-04-02 05:00:00,4620.465012579646
2017-04-02 06:00:00,4685.522113869513
2017-04-02 07:00:00,4694.806551791306
2017-04-02 08:00:00,4694.542286092004
2017-04-02 09:00:00,4709.417984424861
2017-04-02 10:00:00,4677.522563888951
2017-04-02 11:00:00,4642.8495600168435
2017-04-02 12:00:00,4646.046520247337
2017-04-02 13:00:00,4648.500894423808
2017-04-02 14:00:00,4638.841954785653
2017-04-02 15:00:00,4628.276257311599
2017-04-02 16:00:00,4643.310073332755
2017-04-02 17:00:00,4674.47042378663
2017-04-02 18:00:00,4690.655275918168
2017-04-02 19:00:00,4694.98960775078
2017-04-02 20:00:00,4759.376474216501
2017-04-02 21:00:00,4821.488572131441
2017-04-02 22:00:00,4650.109071484141
2017-04-02 23:00:00,4508.969645959951
2017-04-03 00:00:00,4473.736143754151
2017-04-03 01:00:00,4524.838033446458
2017-04-03 02:00:00,4640.557900850059
2017-04-03 03:00:00,4676.211035138504
2017-04-03 04:00:00,4693.193341333488
2017-04-03 05:00:00,4733.723122912671
2017-04-03 06:00:00,4876.387893922535
2017-04-03 07:00:00,4987.21525782296
2017-04-03 08:00:00,4801.858264350222
2017-04-03 09:00:00,4685.275437302058
2017-04-03 10:00:00,4686.823936392904
2017-04-03 11:00:00,4688.065811780318
2017-04-03 12:00:00,4673.84130432522
2017-04-03 13:00:00,4670.888056898906
2017-04-03 14:00:00,4665.193260876689
2017-04-03 15:00:00,4643.984935650999
2017-04-03 16:00:00,4648.53313443972
2017-04-03 17:00:00,4664.053806429543
2017-04-03 18:00:00,4671.004771073439
2017-04-03 19:00:00,4679.478553924894
2017-04-03 20:00:00,4741.184165129469
2017-04-03 21:00:00,4805.183288748751
2017-04-03 22:00:00,4630.117278113574
2017-04-03 23:00:00,4454.563316133641
2017-04-04 00:00:00,4427.422431448766
2017-04-04 01:00:00,4478.906479265626
2017-04-04 02:00:00,4590.487379964868
2017-04-04 03:00:00,4623.490335571677
2017-04-04 04:00:00,4641.885176746019
2017-04-04 05:00:00,4673.163844260336
2017-04-04 06:00:00,4814.768031841721
2017-04-04 07:00:00,4923.015767883822
2017-04-04 08:00:00,4739.722866716598
2017-04-04 09:00:00,4661.925128096923
2017-04-04 10:00:00,4665.910302661231
2017-04-04 11:00:00,4681.185940529272
2017-04-04 12:00:00,4667.388843871899
2017-04-04 13:00:00,4662.646144550257
2017-04-04 14:00:00,4660.269252912947
2017-04-04 15:00:00,4639.2402869557945
2017-04-04 16:00:00,4643.416054356629
2017-04-04 17:00:00,4661.224528218987
2017-04-04 18:00:00,4673.222083281999
2017-04-04 19:00:00,4671.538015175075
2017-04-04 20:00:00,4732.821158195629
2017-04-04 21:00:00,4818.691617858279
2017-04-04 22:00:00,4650.092960171969
2017-04-04 23:00:00,4470.182382446155
2017-04-05 00:00:00,4430.41221001972
2017-04-05 01:00:00,4481.708137292172
2017-04-05 02:00:00,4591.924741657968
2017-04-05 03:00:00,4623.065984593152
2017-04-05 04:00:00,4641.4608257674945
2017-04-05 05:00:00,4668.538345496112
2017-04-05 06:00:00,4810.196100549483
2017-04-05 07:00:00,4918.443836591584
2017-04-05 08:00:00,4734.378838256448
2017-04-05 09:00:00,4656.911005623981
2017-04-05 10:00:00,4660.896180188289
2017-04-05 11:00:00,4674.835248566235
2017-04-05 12:00:00,4661.038151908861
2017-04-05 13:00:00,4656.295452587221
2017-04-05 14:00:00,4653.918560949911
2017-04-05 15:00:00,4632.889594992758
2017-04-05 16:00:00,4637.065362393592
2017-04-05 17:00:00,4654.7783404865
2017-04-05 18:00:00,4668.295160680501
2017-04-05 19:00:00,4666.611092573577
2017-04-05 20:00:00,4728.808947193012
2017-04-05 21:00:00,4814.679406855661
2017-04-05 22:00:00,4646.080749169351
2017-04-05 23:00:00,4470.54229479466
2017-04-06 00:00:00,4426.234041222089
2017-04-06 01:00:00,4477.360407861762
2017-04-06 02:00:00,4587.577012227557
2017-04-06 03:00:00,4618.718255162741
2017-04-06 04:00:00,4637.113096337083
2017-04-06 05:00:00,4664.190616065701
2017-04-06 06:00:00,4805.848371119072
2017-04-06 07:00:00,4914.096107161173
2017-04-06 08:00:00,4730.031108826037
2017-04-06 09:00:00,4653.14235277013
2017-04-06 10:00:00,4657.127527334438
2017-04-06 11:00:00,4671.066595712384
2017-04-06 12:00:00,4657.269499055011
2017-04-06 13:00:00,4652.526799733369
2017-04-06 14:00:00,4650.14990809606
2017-04-06 15:00:00,4629.100227454126
2017-04-06 16:00:00,4633.275994854961
2017-04-06 17:00:00,4652.261507618738
2017-04-06 18:00:00,4665.778327812737
2017-04-06 19:00:00,4658.260511449131
2017-04-06 20:00:00,4720.476493379151
2017-04-06 21:00:00,4813.511149870896
2017-04-06 22:00:00,4645.995758021372
2017-04-06 23:00:00,4473.066358717312
2017-04-07 00:00:00,4423.076252732651
2017-04-07 01:00:00,4469.028834262845
2017-04-07 02:00:00,4571.45331882743
2017-04-07 03:00:00,4602.594561762614
2017-04-07 04:00:00,4621.43506484511
2017-04-07 05:00:00,4648.804595706409
2017-04-07 06:00:00,4789.195415186358
2017-04-07 07:00:00,4892.906884186459
2017-04-07 08:00:00,4714.282221604393
2017-04-07 09:00:00,4651.692422158868
2017-04-07 10:00:00,4655.057633428754
2017-04-07 11:00:00,4679.4123848824765
2017-04-07 12:00:00,4663.944058319943
2017-04-07 13:00:00,4659.301624406194
2017-04-07 14:00:00,4658.592484398333
2017-04-07 15:00:00,4637.542803756399
2017-04-07 16:00:00,4639.595686186093
2017-04-07 17:00:00,4658.7679540826075
2017-04-07 18:00:00,4663.875386456533
2017-04-07 19:00:00,4653.842638499284
2017-04-07 20:00:00,4709.514752538946
2017-04-07 21:00:00,4801.755996592392
2017-04-07 22:00:00,4650.427719563776
2017-04-07 23:00:00,4505.4510141415885
2017-04-08 00:00:00,4423.7102878997375
2017-04-08 01:00:00,4454.75340147341
2017-04-08 02:00:00,4549.574726427835
2017-04-08 03:00:00,4580.829528832872
2017-04-08 04:00:00,4599.855782770742
2017-04-08 05:00:00,4611.246858427264
2017-04-08 06:00:00,4674.4701437243675
2017-04-08 07:00:00,4684.169936367274
2017-04-08 08:00:00,4686.612745904816
2017-04-08 09:00:00,4704.04563987989
2017-04-08 10:00:00,4688.2094331775625
2017-04-08 11:00:00,4656.900133320885
2017-04-08 12:00:00,4638.907657160014
2017-04-08 13:00:00,4636.621797547317
2017-04-08 14:00:00,4633.154249722641
2017-04-08 15:00:00,4622.590560655006
2017-04-08 16:00:00,4636.90915640193
2017-04-08 17:00:00,4662.529603769561
2017-04-08 18:00:00,4670.036522048408
2017-04-08 19:00:00,4658.613754531565
2017-04-08 20:00:00,4706.585015719821
2017-04-08 21:00:00,4810.186729378445
2017-04-08 22:00:00,4653.026502479955
2017-04-08 23:00:00,4511.418520679627
2017-04-09 00:00:00,4435.213021531087
2017-04-09 01:00:00,4458.646977552407
2017-04-09 02:00:00,4552.206386540379
2017-04-09 03:00:00,4583.4611889454145
2017-04-09 04:00:00,4606.3557242492125
2017-04-09 05:00:00,4614.106372836955
2017-04-09 06:00:00,4679.1634741268235
2017-04-09 07:00:00,4688.447912048617
2017-04-09 08:00:00,4688.183646349315
2017-04-09 09:00:00,4707.023452380081
2017-04-09 10:00:00,4675.1280318441695
2017-04-09 11:00:00,4640.455027972063
2017-04-09 12:00:00,4643.651988202557
2017-04-09 13:00:00,4646.106362379028
2017-04-09 14:00:00,4636.447422740873
2017-04-09 15:00:00,4625.881725266819
2017-04-09 16:00:00,4640.9155412879745
2017-04-09 17:00:00,4676.7799359198825
2017-04-09 18:00:00,4693.565762419679
2017-04-09 19:00:00,4679.825468416348
2017-04-09 20:00:00,4733.278887732855
2017-04-09 21:00:00,4837.811254125203
2017-04-09 22:00:00,4659.873862310351
2017-04-09 23:00:00,4512.344014430243
2017-04-10 00:00:00,4470.139522189083
2017-04-10 01:00:00,4522.227813272848
2017-04-10 02:00:00,4634.510119075967
2017-04-10 03:00:00,4670.1632533644115
2017-04-10 04:00:00,4687.145559559396
2017-04-10 05:00:00,4727.675341138579
2017-04-10 06:00:00,4870.340112148443
2017-04-10 07:00:00,4981.167476048868
2017-04-10 08:00:00,4795.81048257613
2017-04-10 09:00:00,4685.0544775404105
2017-04-10 10:00:00,4686.602976631257
2017-04-10 11:00:00,4687.844852018671
2017-04-10 12:00:00,4673.620344563574
2017-04-10 13:00:00,4670.667097137259
2017-04-10 14:00:00,4664.972301115043
2017-04-10 15:00:00,4643.763975889353
2017-04-10 16:00:00,4648.3121746780735
2017-04-10 17:00:00,4668.53689084593
2017-04-10 18:00:00,4675.032249773799
2017-04-10 19:00:00,4665.738414871831
2017-04-10 20:00:00,4719.743173225
2017-04-10 21:00:00,4823.349413832593
2017-04-10 22:00:00,4641.725512029864
2017-04-10 23:00:00,4459.845671115136
2017-04-11 00:00:00,4418.616301238906
2017-04-11 01:00:00,4471.086750447225
2017-04-11 02:00:00,4582.852138909998
2017-04-11 03:00:00,4615.855094516806
2017-04-11 04:00:00,4634.2499356911485
2017-04-11 05:00:00,4665.528603205465
2017-04-11 06:00:00,4807.13279078685
2017-04-11 07:00:00,4915.380526828951
2017-04-11 08:00:00,4732.0876256617275
2017-04-11 09:00:00,4660.116709054498
2017-04-11 10:00:00,4664.101883618806
2017-04-11 11:00:00,4679.3775214868465
2017-04-11 12:00:00,4665.580424829473
2017-04-11 13:00:00,4660.837725507832
2017-04-11 14:00:00,4658.460833870522
2017-04-11 15:00:00,4637.431867913369
2017-04-11 16:00:00,4641.607635314203
2017-04-11 17:00:00,4664.1201533545955
2017-04-11 18:00:00,4673.441203214655
2017-04-11 19:00:00,4664.549997743703
2017-04-11 20:00:00,4718.132287912851
2017-04-11 21:00:00,4822.646254065098
2017-04-11 22:00:00,4654.0475963787885
2017-04-11 23:00:00,4472.16775546406
2017-04-12 00:00:00,4426.473196443924
2017-04-12 01:00:00,4478.755525107836
2017-04-12 02:00:00,4584.085243670009
2017-04-12 03:00:00,4615.226486605194
2017-04-12 04:00:00,4633.621327779536
2017-04-12 05:00:00,4660.698847508153
2017-04-12 06:00:00,4802.3566025615255
2017-04-12 07:00:00,4910.604338603626
2017-04-12 08:00:00,4726.5393402684895
2017-04-12 09:00:00,4654.898329648468
2017-04-12 10:00:00,4658.883504212777
2017-04-12 11:00:00,4672.822572590722
2017-04-12 12:00:00,4659.025475933349
2017-04-12 13:00:00,4654.282776611708
2017-04-12 14:00:00,4651.905884974399
2017-04-12 15:00:00,4630.876919017245
2017-04-12 16:00:00,4635.052686418079
2017-04-12 17:00:00,4657.469708689021
2017-04-12 18:00:00,4668.310023680069
2017-04-12 19:00:00,4659.418818209117
2017-04-12 20:00:00,4713.915819977146
2017-04-12 21:00:00,4818.4297861293935
2017-04-12 22:00:00,4649.831128443084
2017-04-12 23:00:00,4472.323410879477
2017-04-13 00:00:00,4421.092950677134
2017-04-13 01:00:00,4473.205718708264
2017-04-13 02:00:00,4578.53543727044
2017-04-13 03:00:00,4609.676680205623
2017-04-13 04:00:00,4628.071521379965
2017-04-13 05:00:00,4655.149041108582
2017-04-13 06:00:00,4796.806796161954
2017-04-13 07:00:00,4905.054532204054
2017-04-13 08:00:00,4720.989533868918
2017-04-13 09:00:00,4649.927599825456
2017-04-13 10:00:00,4653.912774389765
2017-04-13 11:00:00,4667.851842767711
2017-04-13 12:00:00,4654.054746110338
2017-04-13 13:00:00,4649.3120467886965
2017-04-13 14:00:00,4646.935155151387
2017-04-13 15:00:00,4625.885474509453
2017-04-13 16:00:00,4630.061241910287
2017-04-13 17:00:00,4652.478264181229
2017-04-13 18:00:00,4663.318579172277
2017-04-13 19:00:00,4652.384137302992
2017-04-13 20:00:00,4706.899266381607
2017-04-13 21:00:00,4811.413232533854
2017-04-13 22:00:00,4643.897840684331
2017-04-13 23:00:00,4468.999178191356
2017-04-14 00:00:00,4419.219860045816
2017-04-14 01:00:00,4465.227828859057
2017-04-14 02:00:00,4567.234088114208
2017-04-14 03:00:00,4598.375331049394
2017-04-14 04:00:00,4617.21583413189
2017-04-14 05:00:00,4644.585364993189
2017-04-14 06:00:00,4784.976184473138
2017-04-14 07:00:00,4888.687653473239
2017-04-14 08:00:00,4710.062990891173
2017-04-14 09:00:00,4647.473191445648
2017-04-14 10:00:00,4650.838402715535
2017-04-14 11:00:00,4675.193154169257
2017-04-14 12:00:00,4659.724827606723
2017-04-14 13:00:00,4655.082393692974
2017-04-14 14:00:00,4650.804951060705
2017-04-14 15:00:00,4629.103920632345
2017-04-14 16:00:00,4633.2948477300615
2017-04-14 17:00:00,4655.89862513374
2017-04-14 18:00:00,4662.522289246735
2017-04-14 19:00:00,4648.765907701288
2017-04-14 20:00:00,4696.737168889544
2017-04-14 21:00:00,4800.338882548167
2017-04-14 22:00:00,4649.010605519552
2017-04-14 23:00:00,4502.064636908449
2017-04-15 00:00:00,4416.812003900358
2017-04-15 01:00:00,4451.209347068232
2017-04-15 02:00:00,4546.030672022658
2017-04-15 03:00:00,4577.285474427694
2017-04-15 04:00:00,4596.311728365564
2017-04-15 05:00:00,4607.702804022087
2017-04-15 06:00:00,4670.92608931919
2017-04-15 07:00:00,4680.625881962097
2017-04-15 08:00:00,4683.068691499639
2017-04-15 09:00:00,4700.501585474713
2017-04-15 10:00:00,4684.665378772385
2017-04-15 11:00:00,4653.356078915708
2017-04-15 12:00:00,4635.363602754836
2017-04-15 13:00:00,4633.077743142139
2017-04-15 14:00:00,4630.575306247079
2017-04-15 15:00:00,4621.517659785811
2017-04-15 16:00:00,4634.866936520607
2017-04-15 17:00:00,4663.918893395403
2017-04-15 18:00:00,4669.680452359587
2017-04-15 19:00:00,4656.134033807968
2017-04-15 20:00:00,4704.105294996224
2017-04-15 21:00:00,4807.707008654847
2017-04-15 22:00:00,4650.546781756358
2017-04-15 23:00:00,4508.9387999560295
2017-04-16 00:00:00,4431.945077728648
2017-04-16 01:00:00,4458.733263344171
2017-04-16 02:00:00,4552.2926723321425
2017-04-16 03:00:00,4583.547474737179
2017-04-16 04:00:00,4606.442010040977
2017-04-16 05:00:00,4614.19265862872
2017-04-16 06:00:00,4679.249759918588
2017-04-16 07:00:00,4688.534197840381
2017-04-16 08:00:00,4688.269932141079
2017-04-16 09:00:00,4707.1097381718455
2017-04-16 10:00:00,4675.214317635934
2017-04-16 11:00:00,4640.541313763828
2017-04-16 12:00:00,4643.738273994321
2017-04-16 13:00:00,4646.192648170792
2017-04-16 14:00:00,4637.498819462252
2017-04-16 15:00:00,4628.439164594564
2017-04-16 16:00:00,4642.503661603593
2017-04-16 17:00:00,4678.368056235501
2017-04-16 18:00:00,4693.408523420636
2017-04-16 19:00:00,4677.544578382527
2017-04-16 20:00:00,4730.997997699034
2017-04-16 21:00:00,4835.530364091383
2017-04-16 22:00:00,4659.296025311687
2017-04-16 23:00:00,4511.375228166044
2017-04-17 00:00:00,4471.975358508384
2017-04-17 01:00:00,4524.119036875196
2017-04-17 02:00:00,4636.401342678314
2017-04-17 03:00:00,4672.054476966758
2017-04-17 04:00:00,4689.036783161743
2017-04-17 05:00:00,4729.566564740926
2017-04-17 06:00:00,4872.23133575079
2017-04-17 07:00:00,4983.058699651215
2017-04-17 08:00:00,4797.701706178477
2017-04-17 09:00:00,4686.945701142758
2017-04-17 10:00:00,4688.494200233604
2017-04-17 11:00:00,4689.736075621018
2017-04-17 12:00:00,4675.511568165921
2017-04-17 13:00:00,4672.558320739606
2017-04-17 14:00:00,4663.295222092982
2017-04-17 15:00:00,4641.435547080866
2017-04-17 16:00:00,4647.591291788984
2017-04-17 17:00:00,4667.8160079568415
2017-04-17 18:00:00,4675.8275986237795
2017-04-17 19:00:00,4663.779127096793
2017-04-17 20:00:00,4717.783885449962
2017-04-17 21:00:00,4821.390126057555
2017-04-17 22:00:00,4644.827030256867
2017-04-17 23:00:00,4462.556240076603
2017-04-18 00:00:00,4420.07911926573
2017-04-18 01:00:00,4472.604955757095
2017-04-18 02:00:00,4584.370344219866
2017-04-18 03:00:00,4617.373299826676
2017-04-18 04:00:00,4635.768141001018
2017-04-18 05:00:00,4667.046808515335
2017-04-18 06:00:00,4808.65099609672
2017-04-18 07:00:00,4916.898732138821
2017-04-18 08:00:00,4733.605830971597
2017-04-18 09:00:00,4661.634914364367
2017-04-18 10:00:00,4665.620088928676
2017-04-18 11:00:00,4680.895726796716
2017-04-18 12:00:00,4667.098630139342
2017-04-18 13:00:00,4662.355930817702
2017-04-18 14:00:00,4656.410736555985
2017-04-18 15:00:00,4634.730420812405
2017-04-18 16:00:00,4640.513734132637
2017-04-18 17:00:00,4663.026252173029
2017-04-18 18:00:00,4673.863533772158
2017-04-18 19:00:00,4662.217691676187
2017-04-18 20:00:00,4715.799981845336
2017-04-18 21:00:00,4820.313947997583
2017-04-18 22:00:00,4656.776096313315
2017-04-18 23:00:00,4474.505306133051
2017-04-19 00:00:00,4427.8767411938
2017-04-19 01:00:00,4480.214457140757
2017-04-19 02:00:00,4585.54417570293
2017-04-19 03:00:00,4616.685418638115
2017-04-19 04:00:00,4635.080259812457
2017-04-19 05:00:00,4662.157779541075
2017-04-19 06:00:00,4803.815534594447
2017-04-19 07:00:00,4912.063270636548
2017-04-19 08:00:00,4727.998272301411
2017-04-19 09:00:00,4656.357261681389
2017-04-19 10:00:00,4660.342436245698
2017-04-19 11:00:00,4674.281504623644
2017-04-19 12:00:00,4660.484407966271
2017-04-19 13:00:00,4655.741708644629
2017-04-19 14:00:00,4649.796514382912
2017-04-19 15:00:00,4628.116198639333
2017-04-19 16:00:00,4633.899511959566
2017-04-19 17:00:00,4656.3165342305065
2017-04-19 18:00:00,4668.673080960624
2017-04-19 19:00:00,4657.027238864654
2017-04-19 20:00:00,4711.524240632682
2017-04-19 21:00:00,4816.0382067849305
2017-04-19 22:00:00,4652.500355100661
2017-04-19 23:00:00,4474.601688271519
2017-04-20 00:00:00,4422.562154445695
2017-04-20 01:00:00,4474.728522316886
2017-04-20 02:00:00,4580.058240879061
2017-04-20 03:00:00,4611.199483814244
2017-04-20 04:00:00,4629.594324988586
2017-04-20 05:00:00,4656.671844717203
2017-04-20 06:00:00,4798.3295997705745
2017-04-20 07:00:00,4906.577335812676
2017-04-20 08:00:00,4722.512337477539
2017-04-20 09:00:00,4651.450403434078
2017-04-20 10:00:00,4655.435577998386
2017-04-20 11:00:00,4669.374646376332
2017-04-20 12:00:00,4655.577549718959
2017-04-20 13:00:00,4650.8348503973175
2017-04-20 14:00:00,4644.8896561356005
2017-04-20 15:00:00,4623.18862570724
2017-04-20 16:00:00,4628.971939027473
2017-04-20 17:00:00,4651.388961298414
2017-04-20 18:00:00,4663.745508028532
2017-04-20 19:00:00,4652.1800805690045
2017-04-20 20:00:00,4706.69520964762
2017-04-20 21:00:00,4811.209175799867
2017-04-20 22:00:00,4648.754589952385
2017-04-20 23:00:00,4473.464978193873
2017-04-21 00:00:00,4420.822847807609
2017-04-21 01:00:00,4466.829029177862
2017-04-21 02:00:00,4568.835288433014
2017-04-21 03:00:00,4599.976531368199
2017-04-21 04:00:00,4618.817034450695
2017-04-21 05:00:00,4646.186565311994
2017-04-21 06:00:00,4786.577384791944
2017-04-21 07:00:00,4890.2888537920435
2017-04-21 08:00:00,4711.6641912099785
2017-04-21 09:00:00,4649.074391764453
2017-04-21 10:00:00,4652.43960303434
2017-04-21 11:00:00,4676.794354488062
2017-04-21 12:00:00,4661.326027925527
2017-04-21 13:00:00,4656.683594011778
2017-04-21 14:00:00,4652.40615137951
2017-04-21 15:00:00,4630.70512095115
2017-04-21 16:00:00,4634.3655493002425
2017-04-21 17:00:00,4656.969326703921
2017-04-21 18:00:00,4663.592990816916
2017-04-21 19:00:00,4649.205623681226
2017-04-21 20:00:00,4697.176884869482
2017-04-21 21:00:00,4800.778598528106
2017-04-21 22:00:00,4654.5111275015315
2017-04-21 23:00:00,4507.174209624893
2017-04-22 00:00:00,4418.23281915178
2017-04-22 01:00:00,4452.768674589652
2017-04-22 02:00:00,4547.589999544078
2017-04-22 03:00:00,4578.8448019491125
2017-04-22 04:00:00,4597.8710558869825
2017-04-22 05:00:00,4609.262131543505
2017-04-22 06:00:00,4672.485416840609
2017-04-22 07:00:00,4682.185209483516
2017-04-22 08:00:00,4684.628019021057
2017-04-22 09:00:00,4702.060912996131
2017-04-22 10:00:00,4686.224706293804
2017-04-22 11:00:00,4654.915406437127
2017-04-22 12:00:00,4636.922930276256
2017-04-22 13:00:00,4634.637070663559
2017-04-22 14:00:00,4632.134633768498
2017-04-22 15:00:00,4623.0769873072295
2017-04-22 16:00:00,4635.895765293401
2017-04-22 17:00:00,4664.947722168197
2017-04-22 18:00:00,4670.709281132382
2017-04-22 19:00:00,4656.531876990521
2017-04-22 20:00:00,4704.503138178777
2017-04-22 21:00:00,4808.1048518374
2017-04-22 22:00:00,4656.005430940952
2017-04-22 23:00:00,4514.006499875088
2017-04-23 00:00:00,4433.397485724291
2017-04-23 01:00:00,4460.243850163466
2017-04-23 02:00:00,4553.8032591514375
2017-04-23 03:00:00,4585.058061556473
2017-04-23 04:00:00,4607.952596860271
2017-04-23 05:00:00,4615.703245448014
2017-04-23 06:00:00,4680.760346737882
2017-04-23 07:00:00,4690.044784659675
2017-04-23 08:00:00,4689.780518960373
2017-04-23 09:00:00,4708.62032499114
2017-04-23 10:00:00,4676.724904455228
2017-04-23 11:00:00,4642.051900583122
2017-04-23 12:00:00,4645.2488608136155
2017-04-23 13:00:00,4647.7032349900865
2017-04-23 14:00:00,4639.009406281546
2017-04-23 15:00:00,4629.949751413858
2017-04-23 16:00:00,4643.483749674263
2017-04-23 17:00:00,4679.348144306172
2017-04-23 18:00:00,4694.388611491306
2017-04-23 19:00:00,4677.893680862955
2017-04-23 20:00:00,4731.347100179462
2017-04-23 21:00:00,4835.879466571811
2017-04-23 22:00:00,4663.002880759
2017-04-23 23:00:00,4515.082083613356
2017-04-24 00:00:00,4473.795177290495
2017-04-24 01:00:00,4525.856734767975
2017-04-24 02:00:00,4638.139040571093
2017-04-24 03:00:00,4673.792174859536
2017-04-24 04:00:00,4690.774481054522
2017-04-24 05:00:00,4731.304262633705
2017-04-24 06:00:00,4873.969033643569
2017-04-24 07:00:00,4984.796397543993
2017-04-24 08:00:00,4799.439404071256
2017-04-24 09:00:00,4688.683399035536
2017-04-24 10:00:00,4690.2318981263825
2017-04-24 11:00:00,4691.473773513797
2017-04-24 12:00:00,4677.2492660586995
2017-04-24 13:00:00,4674.296018632384
2017-04-24 14:00:00,4665.032919985761
2017-04-24 15:00:00,4643.173244973645
2017-04-24 16:00:00,4649.328989681762
2017-04-24 17:00:00,4669.55370584962
2017-04-24 18:00:00,4677.565296516558
2017-04-24 19:00:00,4665.516824989571
2017-04-24 20:00:00,4719.521583342741
2017-04-24 21:00:00,4823.127823950334
2017-04-24 22:00:00,4646.564728149646
2017-04-24 23:00:00,4464.293937969382
2017-04-25 00:00:00,4420.047996002357
2017-04-25 01:00:00,4472.49171160439
2017-04-25 02:00:00,4584.2571000671605
2017-04-25 03:00:00,4617.260055673971
2017-04-25 04:00:00,4635.654896848312
2017-04-25 05:00:00,4666.933564362629
2017-04-25 06:00:00,4808.537751944014
2017-04-25 07:00:00,4916.785487986115
2017-04-25 08:00:00,4733.492586818891
2017-04-25 09:00:00,4661.521670211662
2017-04-25 10:00:00,4665.50684477597
2017-04-25 11:00:00,4680.78248264401
2017-04-25 12:00:00,4666.985385986637
2017-04-25 13:00:00,4662.242686664996
2017-04-25 14:00:00,4656.29749240328
2017-04-25 15:00:00,4634.6171766597
2017-04-25 16:00:00,4640.400489979932
2017-04-25 17:00:00,4662.913008020324
2017-04-25 18:00:00,4672.777123779435
2017-04-25 19:00:00,4661.131281683465
2017-04-25 20:00:00,4714.713571852613
2017-04-25 21:00:00,4819.22753800486
2017-04-25 22:00:00,4664.708102994947
2017-04-25 23:00:00,4474.031803712797
2017-04-26 00:00:00,4427.828283214952
2017-04-26 01:00:00,4480.083878272576
2017-04-26 02:00:00,4585.413596834749
2017-04-26 03:00:00,4616.554839769935
2017-04-26 04:00:00,4634.949680944277
2017-04-26 05:00:00,4662.027200672895
2017-04-26 06:00:00,4803.684955726266
2017-04-26 07:00:00,4911.9326917683675
2017-04-26 08:00:00,4727.867693433231
2017-04-26 09:00:00,4656.226682813209
2017-04-26 10:00:00,4660.211857377517
2017-04-26 11:00:00,4674.1509257554635
2017-04-26 12:00:00,4660.35382909809
2017-04-26 13:00:00,4655.611129776449
2017-04-26 14:00:00,4649.665935514732
2017-04-26 15:00:00,4627.985619771152
2017-04-26 16:00:00,4633.7689330913845
2017-04-26 17:00:00,4656.185955362326
2017-04-26 18:00:00,4667.569336252426
2017-04-26 19:00:00,4655.9234941564555
2017-04-26 20:00:00,4710.420495924485
2017-04-26 21:00:00,4814.934462076732
2017-04-26 22:00:00,4660.415027066819
2017-04-26 23:00:00,4474.110851135791
2017-04-27 00:00:00,4422.378622445805
2017-04-27 01:00:00,4474.46465687065
2017-04-27 02:00:00,4579.794375432825
2017-04-27 03:00:00,4610.935618368008
2017-04-27 04:00:00,4629.330459542351
2017-04-27 05:00:00,4656.407979270968
2017-04-27 06:00:00,4798.06573432434
2017-04-27 07:00:00,4906.313470366441
2017-04-27 08:00:00,4722.248472031304
2017-04-27 09:00:00,4651.186537987843
2017-04-27 10:00:00,4655.171712552151
2017-04-27 11:00:00,4669.1107809300975
2017-04-27 12:00:00,4655.313684272724
2017-04-27 13:00:00,4650.570984951082
2017-04-27 14:00:00,4644.625790689366
2017-04-27 15:00:00,4622.924760261005
2017-04-27 16:00:00,4628.708073581238
2017-04-27 17:00:00,4651.125095852179
2017-04-27 18:00:00,4662.5084767422795
2017-04-27 19:00:00,4650.943049282752
2017-04-27 20:00:00,4703.106925996312
2017-04-27 21:00:00,4807.62089214856
2017-04-27 22:00:00,4660.312363190067
2017-04-27 23:00:00,4471.244286176825
2017-04-28 00:00:00,4421.635095651758
2017-04-28 01:00:00,4467.560943575666
2017-04-28 02:00:00,4569.567202830818
2017-04-28 03:00:00,4600.708445766003
2017-04-28 04:00:00,4619.548948848499
2017-04-28 05:00:00,4646.918479709798
2017-04-28 06:00:00,4787.309299189747
2017-04-28 07:00:00,4891.020768189847
2017-04-28 08:00:00,4712.396105607782
2017-04-28 09:00:00,4649.806306162257
2017-04-28 10:00:00,4653.171517432143
2017-04-28 11:00:00,4677.526268885866
2017-04-28 12:00:00,4662.057942323331
2017-04-28 13:00:00,4657.415508409582
2017-04-28 14:00:00,4653.138065777314
2017-04-28 15:00:00,4631.437035348954
2017-04-28 16:00:00,4635.097463698046
2017-04-28 17:00:00,4657.701241101725
2017-04-28 18:00:00,4663.3321611172405
2017-04-28 19:00:00,4648.94479398155
2017-04-28 20:00:00,4694.564802804751
2017-04-28 21:00:00,4798.166516463375
2017-04-28 22:00:00,4665.062272630248
2017-04-28 23:00:00,4503.104430856063
2017-04-29 00:00:00,4419.045066995929
2017-04-29 01:00:00,4453.500588987456
2017-04-29 02:00:00,4548.321913941881
2017-04-29 03:00:00,4579.576716346916
2017-04-29 04:00:00,4598.602970284786
2017-04-29 05:00:00,4609.994045941308
2017-04-29 06:00:00,4673.217331238413
2017-04-29 07:00:00,4682.91712388132
2017-04-29 08:00:00,4685.359933418861
2017-04-29 09:00:00,4702.792827393935
2017-04-29 10:00:00,4686.956620691608
2017-04-29 11:00:00,4655.647320834931
2017-04-29 12:00:00,4637.65484467406
2017-04-29 13:00:00,4635.368985061363
2017-04-29 14:00:00,4632.866548166302
2017-04-29 15:00:00,4623.808901705033
2017-04-29 16:00:00,4636.627679691205
2017-04-29 17:00:00,4665.679636566001
2017-04-29 18:00:00,4670.448451432706
2017-04-29 19:00:00,4656.271047290844
2017-04-29 20:00:00,4701.891056114046
2017-04-29 21:00:00,4805.49276977267
2017-04-29 22:00:00,4666.556576069668
2017-04-29 23:00:00,4509.936721106258
2017-04-30 00:00:00,4433.065119285011
2017-04-30 01:00:00,4459.454284356366
2017-04-30 02:00:00,4553.013693344337
2017-04-30 03:00:00,4584.268495749373
2017-04-30 04:00:00,4607.16303105317
2017-04-30 05:00:00,4614.913679640913
2017-04-30 06:00:00,4679.970780930781
2017-04-30 07:00:00,4689.255218852575
2017-04-30 08:00:00,4688.990953153273
2017-04-30 09:00:00,4707.830759184039
2017-04-30 10:00:00,4675.935338648128
2017-04-30 11:00:00,4641.262334776022
2017-04-30 12:00:00,4644.459295006515
2017-04-30 13:00:00,4646.913669182985
2017-04-30 14:00:00,4638.219840474446
2017-04-30 15:00:00,4629.160185606758
2017-04-30 16:00:00,4642.694183867163
2017-04-30 17:00:00,4678.558578499071
2017-04-30 18:00:00,4691.189120694691
2017-04-30 19:00:00,4674.6941900663405
2017-04-30 20:00:00,4725.796357017794
2017-04-30 21:00:00,4830.328723410142
2017-04-30 22:00:00,4678.992707148325
2017-04-30 23:00:00,4509.625565937023
2017-05-01 00:00:00,4467.203302589641
2017-05-01 01:00:00,4518.8076606993
2017-05-01 02:00:00,4631.089966502419
2017-05-01 03:00:00,4666.743100790863
2017-05-01 04:00:00,4683.725406985848
2017-05-01 05:00:00,4724.255188565031
2017-05-01 06:00:00,4866.919959574895
2017-05-01 07:00:00,4966.749847899116
2017-05-01 08:00:00,4794.427390672839
2017-05-01 09:00:00,4700.834615622934
2017-05-01 10:00:00,4702.38311471378
2017-05-01 11:00:00,4699.514950566979
2017-05-01 12:00:00,4685.29044311188
2017-05-01 13:00:00,4682.337195685566
2017-05-01 14:00:00,4673.074097038942
2017-05-01 15:00:00,4651.2144220268265
2017-05-01 16:00:00,4657.370166734944
2017-05-01 17:00:00,4671.537329952415
2017-05-01 18:00:00,4674.3242838015685
2017-05-01 19:00:00,4662.275812274583
2017-05-01 20:00:00,4713.929318262697
2017-05-01 21:00:00,4812.901721362117
2017-05-01 22:00:00,4679.922266736046
2017-05-01 23:00:00,4466.865671582358
2017-05-02 00:00:00,4415.873642828739
2017-05-02 01:00:00,4467.860159062953
2017-05-02 02:00:00,4579.471055573442
2017-05-02 03:00:00,4612.474011180249
2017-05-02 04:00:00,4630.868852354592
2017-05-02 05:00:00,4662.147519868909
2017-05-02 06:00:00,4803.751707450294
2017-05-02 07:00:00,4901.001967916191
2017-05-02 08:00:00,4730.743602995428
2017-05-02 09:00:00,4674.436758203292
2017-05-02 10:00:00,4678.421932767601
2017-05-02 11:00:00,4689.587531101426
2017-05-02 12:00:00,4675.790434444052
2017-05-02 13:00:00,4671.047735122412
2017-05-02 14:00:00,4665.102540860695
2017-05-02 15:00:00,4643.422225117115
2017-05-02 16:00:00,4649.205538437347
2017-05-02 17:00:00,4665.515783032443
2017-05-02 18:00:00,4671.128427813788
2017-05-02 19:00:00,4657.6415490832405
2017-05-02 20:00:00,4708.872586887334
2017-05-02 21:00:00,4808.752715531409
2017-05-02 22:00:00,4687.49591923571
2017-05-02 23:00:00,4474.439324082022
2017-05-03 00:00:00,4425.102777899103
2017-05-03 01:00:00,4475.882644241947
2017-05-03 02:00:00,4581.057870851838
2017-05-03 03:00:00,4612.199113787022
2017-05-03 04:00:00,4630.593954961364
2017-05-03 05:00:00,4657.671474689982
2017-05-03 06:00:00,4799.329229743353
2017-05-03 07:00:00,4896.579490209249
2017-05-03 08:00:00,4725.549028120574
2017-05-03 09:00:00,4669.572089315647
2017-05-03 10:00:00,4673.557263879955
2017-05-03 11:00:00,4683.386292723686
2017-05-03 12:00:00,4669.589196066313
2017-05-03 13:00:00,4664.846496744672
2017-05-03 14:00:00,4658.901302482955
2017-05-03 15:00:00,4637.220986739375
2017-05-03 16:00:00,4643.004300059608
2017-05-03 17:00:00,4659.219048885254
2017-05-03 18:00:00,4666.350958797586
2017-05-03 19:00:00,4652.864080067039
2017-05-03 20:00:00,4705.009829470014
2017-05-03 21:00:00,4804.889958114089
2017-05-03 22:00:00,4683.633161818389
2017-05-03 23:00:00,4474.948690015823
2017-05-04 00:00:00,4420.006809049092
2017-05-04 01:00:00,4470.617114759156
2017-05-04 02:00:00,4575.792341369048
2017-05-04 03:00:00,4606.933584304231
2017-05-04 04:00:00,4625.328425478573
2017-05-04 05:00:00,4652.405945207191
2017-05-04 06:00:00,4794.063700260562
2017-05-04 07:00:00,4891.009490220567
2017-05-04 08:00:00,4719.979028131891
2017-05-04 09:00:00,4664.581165903524
2017-05-04 10:00:00,4668.566340467833
2017-05-04 11:00:00,4678.395369311564
2017-05-04 12:00:00,4664.59827265419
2017-05-04 13:00:00,4659.855573332549
2017-05-04 14:00:00,4653.910379070832
2017-05-04 15:00:00,4632.209348642472
2017-05-04 16:00:00,4637.992661962704
2017-05-04 17:00:00,4654.20741078835
2017-05-04 18:00:00,4661.339320700683
2017-05-04 19:00:00,4647.93285660658
2017-05-04 20:00:00,4700.09673332014
2017-05-04 21:00:00,4799.976861964215
2017-05-04 22:00:00,4682.626094916536
2017-05-04 23:00:00,4471.4107557924835
2017-05-05 00:00:00,4419.4314996300145
2017-05-05 01:00:00,4463.881618839141
2017-05-05 02:00:00,4565.733386142009
2017-05-05 03:00:00,4596.874629077193
2017-05-05 04:00:00,4614.99915815664
2017-05-05 05:00:00,4642.252036332293
2017-05-05 06:00:00,4782.6428558122425
2017-05-05 07:00:00,4875.164622337508
2017-05-05 08:00:00,4709.574496001904
2017-05-05 09:00:00,4662.648768371472
2017-05-05 10:00:00,4666.013979641359
2017-05-05 11:00:00,4686.258691560865
2017-05-05 12:00:00,4670.790364998332
2017-05-05 13:00:00,4666.1479310845825
2017-05-05 14:00:00,4661.870488452315
2017-05-05 15:00:00,4640.169458023955
2017-05-05 16:00:00,4643.829886373047
2017-05-05 17:00:00,4660.23139033143
2017-05-05 18:00:00,4661.610839369178
2017-05-05 19:00:00,4645.509377843717
2017-05-05 20:00:00,4683.908839008696
2017-05-05 21:00:00,4785.032962783508
2017-05-05 22:00:00,4699.884493260478
2017-05-05 23:00:00,4504.232671059868
2017-05-06 00:00:00,4415.620505292789
2017-05-06 01:00:00,4448.600298569535
2017-05-06 02:00:00,4543.267131571676
2017-05-06 03:00:00,4574.521933976713
2017-05-06 04:00:00,4592.832213911533
2017-05-06 05:00:00,4604.106636882408
2017-05-06 06:00:00,4667.329922179512
2017-05-06 07:00:00,4675.446563079308
2017-05-06 08:00:00,4687.325741909728
2017-05-06 09:00:00,4709.999708318242
2017-05-06 10:00:00,4694.163501615913
2017-05-06 11:00:00,4664.852500572559
2017-05-06 12:00:00,4646.860024411688
2017-05-06 13:00:00,4644.574164798991
2017-05-06 14:00:00,4642.07172790393
2017-05-06 15:00:00,4633.014081442661
2017-05-06 16:00:00,4645.832859428833
2017-05-06 17:00:00,4668.682542858333
2017-05-06 18:00:00,4669.199886747271
2017-05-06 19:00:00,4653.308388215639
2017-05-06 20:00:00,4691.7078493806175
2017-05-06 21:00:00,4792.83197315543
2017-05-06 22:00:00,4701.851553762525
2017-05-06 23:00:00,4511.537718372691
2017-05-07 00:00:00,4429.030439375653
2017-05-07 01:00:00,4454.401075100047
2017-05-07 02:00:00,4547.805992135734
2017-05-07 03:00:00,4579.060794540769
2017-05-07 04:00:00,4601.239355841519
2017-05-07 05:00:00,4608.873351743616
2017-05-07 06:00:00,4673.930453033483
2017-05-07 07:00:00,4681.631739212166
2017-05-07 08:00:00,4690.8038428057425
2017-05-07 09:00:00,4714.884721269948
2017-05-07 10:00:00,4682.989300734037
2017-05-07 11:00:00,4650.314595675252
2017-05-07 12:00:00,4653.511555905746
2017-05-07 13:00:00,4655.965930082217
2017-05-07 14:00:00,4647.272101373676
2017-05-07 15:00:00,4638.212446505989
2017-05-07 16:00:00,4651.746444766393
2017-05-07 17:00:00,4681.4085659530065
2017-05-07 18:00:00,4689.787637170859
2017-05-07 19:00:00,4671.578612152738
2017-05-07 20:00:00,4715.460231445969
2017-05-07 21:00:00,4817.515007954505
2017-05-07 22:00:00,4716.094190156415
2017-05-07 23:00:00,4511.27731051251
2017-05-08 00:00:00,4469.65417080404
2017-05-08 01:00:00,4520.239999566738
2017-05-08 02:00:00,4632.367813417573
2017-05-08 03:00:00,4668.020947706017
2017-05-08 04:00:00,4684.287279897953
2017-05-08 05:00:00,4724.70040879149
2017-05-08 06:00:00,4867.365179801354
2017-05-08 07:00:00,4967.953563306903
2017-05-08 08:00:00,4802.784060618051
2017-05-08 09:00:00,4700.721412780033
2017-05-08 10:00:00,4702.269911870879
2017-05-08 11:00:00,4699.401747724078
2017-05-08 12:00:00,4685.17724026898
2017-05-08 13:00:00,4682.223992842665
2017-05-08 14:00:00,4672.960894196041
2017-05-08 15:00:00,4651.101219183925
2017-05-08 16:00:00,4657.256963892043
2017-05-08 17:00:00,4672.32843073044
2017-05-08 18:00:00,4675.115384579593
2017-05-08 19:00:00,4661.352818662836
2017-05-08 20:00:00,4705.785776992728
2017-05-08 21:00:00,4806.91442771651
2017-05-08 22:00:00,4691.502519566038
2017-05-08 23:00:00,4462.899685490868
2017-05-09 00:00:00,4414.067239803999
2017-05-09 01:00:00,4465.035226691251
2017-05-09 02:00:00,4576.64612320174
2017-05-09 03:00:00,4609.649078808548
2017-05-09 04:00:00,4627.327945979841
2017-05-09 05:00:00,4658.489960808512
2017-05-09 06:00:00,4800.094148389897
2017-05-09 07:00:00,4893.62314539829
2017-05-09 08:00:00,4737.491092812006
2017-05-09 09:00:00,4680.291102598091
2017-05-09 10:00:00,4684.276277162399
2017-05-09 11:00:00,4695.441875496224
2017-05-09 12:00:00,4681.644778838851
2017-05-09 13:00:00,4676.90207951721
2017-05-09 14:00:00,4670.956885255493
2017-05-09 15:00:00,4649.276569511913
2017-05-09 16:00:00,4655.059882832146
2017-05-09 17:00:00,4671.370127427243
2017-05-09 18:00:00,4664.677994866292
2017-05-09 19:00:00,4651.31805838055
2017-05-09 20:00:00,4695.328548526421
2017-05-09 21:00:00,4797.364924794857
2017-05-09 22:00:00,4706.1466935989765
2017-05-09 23:00:00,4477.5438595238065
2017-05-10 00:00:00,4421.847527016594
2017-05-10 01:00:00,4472.6273933594375
2017-05-10 02:00:00,4577.802619969329
2017-05-10 03:00:00,4608.943862904513
2017-05-10 04:00:00,4626.6227300758055
2017-05-10 05:00:00,4653.583597118777
2017-05-10 06:00:00,4795.241352172148
2017-05-10 07:00:00,4888.770349180541
2017-05-10 08:00:00,4731.866199426346
2017-05-10 09:00:00,4674.996115199638
2017-05-10 10:00:00,4678.981289763946
2017-05-10 11:00:00,4688.810318607677
2017-05-10 12:00:00,4675.013221950304
2017-05-10 13:00:00,4670.270522628663
2017-05-10 14:00:00,4664.3253283669455
2017-05-10 15:00:00,4642.645012623366
2017-05-10 16:00:00,4648.428325943599
2017-05-10 17:00:00,4664.643074769245
2017-05-10 18:00:00,4659.470207339282
2017-05-10 19:00:00,4646.110270853541
2017-05-10 20:00:00,4691.035472598293
2017-05-10 21:00:00,4793.071848866729
2017-05-10 22:00:00,4701.8536176708485
2017-05-10 23:00:00,4477.622906946799
2017-05-11 00:00:00,4416.505735593914
2017-05-11 01:00:00,4467.116041303978
2017-05-11 02:00:00,4572.291267913869
2017-05-11 03:00:00,4603.432510849052
2017-05-11 04:00:00,4621.111378020346
2017-05-11 05:00:00,4648.0722450633175
2017-05-11 06:00:00,4789.730000116689
2017-05-11 07:00:00,4883.258997125082
2017-05-11 08:00:00,4726.354847370885
2017-05-11 09:00:00,4670.0638397207385
2017-05-11 10:00:00,4674.049014285047
2017-05-11 11:00:00,4683.878043128778
2017-05-11 12:00:00,4670.080946471404
2017-05-11 13:00:00,4665.338247149763
2017-05-11 14:00:00,4659.393052888046
2017-05-11 15:00:00,4637.692022459686
2017-05-11 16:00:00,4643.475335779918
2017-05-11 17:00:00,4659.690084605564
2017-05-11 18:00:00,4654.517217175602
2017-05-11 19:00:00,4641.237695326305
2017-05-11 20:00:00,4686.181024381642
2017-05-11 21:00:00,4788.217400650078
2017-05-11 22:00:00,4698.082435290983
2017-05-11 23:00:00,4476.460779637566
2017-05-12 00:00:00,4415.325927167978
2017-05-12 01:00:00,4459.776046377105
2017-05-12 02:00:00,4561.627813679973
2017-05-12 03:00:00,4592.769056615157
2017-05-12 04:00:00,4610.8935856946055
2017-05-12 05:00:00,4638.146463870257
2017-05-12 06:00:00,4778.537283350207
2017-05-12 07:00:00,4867.530013316599
2017-05-12 08:00:00,4716.066199315474
2017-05-12 09:00:00,4668.247326263263
2017-05-12 10:00:00,4671.612537533149
2017-05-12 11:00:00,4691.857249452656
2017-05-12 12:00:00,4676.388922890123
2017-05-12 13:00:00,4671.746488976373
2017-05-12 14:00:00,4667.469046344106
2017-05-12 15:00:00,4645.768015915744
2017-05-12 16:00:00,4649.428444264838
2017-05-12 17:00:00,4665.8299482232205
2017-05-12 18:00:00,4654.904619918673
2017-05-12 19:00:00,4638.803158393212
2017-05-12 20:00:00,4677.202619558191
2017-05-12 21:00:00,4778.326743333004
2017-05-12 22:00:00,4705.301866774329
2017-05-12 23:00:00,4509.650044573719
2017-05-13 00:00:00,4411.294251751074
2017-05-13 01:00:00,4444.27404502782
2017-05-13 02:00:00,4538.940878029962
2017-05-13 03:00:00,4570.195680434993
2017-05-13 04:00:00,4588.505960369818
2017-05-13 05:00:00,4599.780383340693
2017-05-13 06:00:00,4663.003668637798
2017-05-13 07:00:00,4671.52229751603
2017-05-13 08:00:00,4690.662887480525
2017-05-13 09:00:00,4716.2028882819395
2017-05-13 10:00:00,4700.366681579611
2017-05-13 11:00:00,4671.055680536256
2017-05-13 12:00:00,4653.063204375385
2017-05-13 13:00:00,4650.777344762688
2017-05-13 14:00:00,4648.274907867627
2017-05-13 15:00:00,4639.217261406358
2017-05-13 16:00:00,4652.036039392531
2017-05-13 17:00:00,4674.885722822031
2017-05-13 18:00:00,4663.098289368673
2017-05-13 19:00:00,4649.3263679185175
2017-05-13 20:00:00,4679.689557636962
2017-05-13 21:00:00,4780.813681411773
2017-05-13 22:00:00,4715.345274558567
2017-05-13 23:00:00,4516.72958448574
2017-05-14 00:00:00,4424.704185833938
2017-05-14 01:00:00,4450.074821558332
2017-05-14 02:00:00,4543.47973859402
2017-05-14 03:00:00,4574.734540999056
2017-05-14 04:00:00,4596.9131022998035
2017-05-14 05:00:00,4604.5470982019
2017-05-14 06:00:00,4669.604199491769
2017-05-14 07:00:00,4677.7074736488885
2017-05-14 08:00:00,4694.14098837654
2017-05-14 09:00:00,4721.087901233645
2017-05-14 10:00:00,4689.192480697734
2017-05-14 11:00:00,4656.517775638949
2017-05-14 12:00:00,4659.714735869444
2017-05-14 13:00:00,4662.169110045914
2017-05-14 14:00:00,4653.475281337374
2017-05-14 15:00:00,4644.415626469687
2017-05-14 16:00:00,4657.94962473009
2017-05-14 17:00:00,4687.6117459167035
2017-05-14 18:00:00,4683.686039792262
2017-05-14 19:00:00,4667.596591855617
2017-05-14 20:00:00,4703.441939702312
2017-05-14 21:00:00,4805.496716210849
2017-05-14 22:00:00,4729.587910952457
2017-05-14 23:00:00,4516.469176625558
2017-05-15 00:00:00,4464.288959062119
2017-05-15 01:00:00,4514.874787824817
2017-05-15 02:00:00,4627.002601675653
2017-05-15 03:00:00,4662.6557359640965
2017-05-15 04:00:00,4678.922068156033
2017-05-15 05:00:00,4719.33519704957
2017-05-15 06:00:00,4861.999968059434
2017-05-15 07:00:00,4958.10859292615
2017-05-15 08:00:00,4800.988849963505
2017-05-15 09:00:00,4710.0582285127275
2017-05-15 10:00:00,4711.606727603574
2017-05-15 11:00:00,4708.738563456773
2017-05-15 12:00:00,4694.514056001675
2017-05-15 13:00:00,4691.56080857536
2017-05-15 14:00:00,4682.297709928736
2017-05-15 15:00:00,4660.43803491662
2017-05-15 16:00:00,4666.593779624738
2017-05-15 17:00:00,4681.665246463135
2017-05-15 18:00:00,4671.13835076647
2017-05-15 19:00:00,4659.495361931189
2017-05-15 20:00:00,4693.849542340677
2017-05-15 21:00:00,4794.9781930644585
2017-05-15 22:00:00,4710.838429003532
2017-05-15 23:00:00,4473.933740245368
2017-05-16 00:00:00,4414.815949716656
2017-05-16 01:00:00,4465.783936603908
2017-05-16 02:00:00,4577.3948331143965
2017-05-16 03:00:00,4610.397788721205
2017-05-16 04:00:00,4628.076655892498
2017-05-16 05:00:00,4659.238670721169
2017-05-16 06:00:00,4800.842858302553
2017-05-16 07:00:00,4894.371855310947
2017-05-16 08:00:00,4739.316204653816
2017-05-16 09:00:00,4682.116214439901
2017-05-16 10:00:00,4686.1013890042095
2017-05-16 11:00:00,4697.266987338035
2017-05-16 12:00:00,4683.469890680661
2017-05-16 13:00:00,4678.72719135902
2017-05-16 14:00:00,4672.781997097303
2017-05-16 15:00:00,4651.1016813537235
2017-05-16 16:00:00,4656.884994673956
2017-05-16 17:00:00,4673.195239269053
2017-05-16 18:00:00,4666.503106708101
2017-05-16 19:00:00,4655.2627473038365
2017-05-16 20:00:00,4689.1944595293035
2017-05-16 21:00:00,4791.23083579774
2017-05-16 22:00:00,4716.877911364909
2017-05-16 23:00:00,4479.9732226067445
2017-05-17 00:00:00,4422.3940039581885
2017-05-17 01:00:00,4473.173870301032
2017-05-17 02:00:00,4578.349096910923
2017-05-17 03:00:00,4609.4903398461065
2017-05-17 04:00:00,4627.275511097113
2017-05-17 05:00:00,4654.059595210547
2017-05-17 06:00:00,4795.717350263918
2017-05-17 07:00:00,4889.347363882984
2017-05-17 08:00:00,4733.519616057941
2017-05-17 09:00:00,4676.649531831234
2017-05-17 10:00:00,4680.634706395542
2017-05-17 11:00:00,4690.463735239273
2017-05-17 12:00:00,4676.666638581899
2017-05-17 13:00:00,4671.9239392602585
2017-05-17 14:00:00,4665.9787449985415
2017-05-17 15:00:00,4644.298429254962
2017-05-17 16:00:00,4650.081742575194
2017-05-17 17:00:00,4666.29649140084
2017-05-17 18:00:00,4661.123623970878
2017-05-17 19:00:00,4649.8832645666125
2017-05-17 20:00:00,4684.729688390961
2017-05-17 21:00:00,4773.789228662781
2017-05-17 22:00:00,4717.277775493319
2017-05-17 23:00:00,4485.422434061585
2017-05-18 00:00:00,4417.052212535509
2017-05-18 01:00:00,4467.662518245573
2017-05-18 02:00:00,4572.837744855464
2017-05-18 03:00:00,4603.978987790647
2017-05-18 04:00:00,4621.764159041653
2017-05-18 05:00:00,4648.548243155086
2017-05-18 06:00:00,4790.2059982084575
2017-05-18 07:00:00,4883.836011827524
2017-05-18 08:00:00,4728.008264002481
2017-05-18 09:00:00,4671.717256352334
2017-05-18 10:00:00,4675.702430916642
2017-05-18 11:00:00,4685.531459760373
2017-05-18 12:00:00,4671.734363103
2017-05-18 13:00:00,4666.9916637813585
2017-05-18 14:00:00,4661.0464695196415
2017-05-18 15:00:00,4639.345439091281
2017-05-18 16:00:00,4645.128752411514
2017-05-18 17:00:00,4661.343501237159
2017-05-18 18:00:00,4656.170633807197
2017-05-18 19:00:00,4645.010689039376
2017-05-18 20:00:00,4679.8752401743095
2017-05-18 21:00:00,4768.9347804461295
2017-05-18 22:00:00,4713.506593113453
2017-05-18 23:00:00,4484.260306752351
2017-05-19 00:00:00,4415.733409111527
2017-05-19 01:00:00,4460.183528320655
2017-05-19 02:00:00,4562.035295623522
2017-05-19 03:00:00,4593.176538558706
2017-05-19 04:00:00,4611.407371717867
2017-05-19 05:00:00,4638.483466963982
2017-05-19 06:00:00,4778.874286443931
2017-05-19 07:00:00,4867.968033020997
2017-05-19 08:00:00,4717.580620949025
2017-05-19 09:00:00,4669.761747896813
2017-05-19 10:00:00,4673.1269591667
2017-05-19 11:00:00,4693.371671086206
2017-05-19 12:00:00,4677.903344523673
2017-05-19 13:00:00,4673.2609106099235
2017-05-19 14:00:00,4668.983467977656
2017-05-19 15:00:00,4647.2824375492955
2017-05-19 16:00:00,4650.942865898388
2017-05-19 17:00:00,4667.344369856771
2017-05-19 18:00:00,4656.4190415522235
2017-05-19 19:00:00,4642.437157108239
2017-05-19 20:00:00,4670.757840352814
2017-05-19 21:00:00,4758.90512813101
2017-05-19 22:00:00,4720.587029598753
2017-05-19 23:00:00,4517.31057669046
2017-05-20 00:00:00,4412.76614392744
2017-05-20 01:00:00,4445.745937204186
2017-05-20 02:00:00,4540.412770206327
2017-05-20 03:00:00,4571.667572611359
2017-05-20 04:00:00,4590.084156625897
2017-05-20 05:00:00,4601.284111521346
2017-05-20 06:00:00,4664.50739681845
2017-05-20 07:00:00,4671.4347004364945
2017-05-20 08:00:00,4692.384936232672
2017-05-20 09:00:00,4717.924937034086
2017-05-20 10:00:00,4702.088730331759
2017-05-20 11:00:00,4672.777729288403
2017-05-20 12:00:00,4654.785253127532
2017-05-20 13:00:00,4652.499393514835
2017-05-20 14:00:00,4649.996956619774
2017-05-20 15:00:00,4640.939310158506
2017-05-20 16:00:00,4653.758088144678
2017-05-20 17:00:00,4676.6077715741785
2017-05-20 18:00:00,4664.82033812082
2017-05-20 19:00:00,4651.048416670665
2017-05-20 20:00:00,4669.637851835937
2017-05-20 21:00:00,4755.0003615380465
2017-05-20 22:00:00,4730.589092575465
2017-05-20 23:00:00,4532.650626477946
2017-05-21 00:00:00,4423.083613621675
2017-05-21 01:00:00,4448.454249346069
2017-05-21 02:00:00,4541.859166381757
2017-05-21 03:00:00,4573.113968786793
2017-05-21 04:00:00,4595.398834167253
2017-05-21 05:00:00,4602.958361993923
2017-05-21 06:00:00,4668.015463283792
2017-05-21 07:00:00,4674.527412180723
2017-05-21 08:00:00,4695.347285078002
2017-05-21 09:00:00,4722.294197935108
2017-05-21 10:00:00,4690.398777399197
2017-05-21 11:00:00,4657.724072340412
2017-05-21 12:00:00,4660.9210325709055
2017-05-21 13:00:00,4663.3754067473765
2017-05-21 14:00:00,4654.681578038837
2017-05-21 15:00:00,4645.621923171149
2017-05-21 16:00:00,4659.155921431553
2017-05-21 17:00:00,4688.818042618166
2017-05-21 18:00:00,4684.892336493724
2017-05-21 19:00:00,4668.802888557079
2017-05-21 20:00:00,4686.840862248415
2017-05-21 21:00:00,4773.134024684248
2017-05-21 22:00:00,4749.402408980181
2017-05-21 23:00:00,4530.467852479026
2017-05-22 00:00:00,4462.612398620369
2017-05-22 01:00:00,4513.198227383067
2017-05-22 02:00:00,4625.326041233903
2017-05-22 03:00:00,4660.979175522347
2017-05-22 04:00:00,4678.631308278047
2017-05-22 05:00:00,4717.313853779676
2017-05-22 06:00:00,4859.97862478954
2017-05-22 07:00:00,4954.831585707734
2017-05-22 08:00:00,4802.0982009147165
2017-05-22 09:00:00,4711.167579463939
2017-05-22 10:00:00,4712.716078554785
2017-05-22 11:00:00,4709.847914407984
2017-05-22 12:00:00,4695.6234069528855
2017-05-22 13:00:00,4692.670159526571
2017-05-22 14:00:00,4683.4070608799475
2017-05-22 15:00:00,4661.5473858678315
2017-05-22 16:00:00,4667.70313057595
2017-05-22 17:00:00,4682.774597414346
2017-05-22 18:00:00,4672.247701717681
2017-05-22 19:00:00,4660.6047128824
2017-05-22 20:00:00,4679.194025610397
2017-05-22 21:00:00,4764.561062261476
2017-05-22 22:00:00,4729.121600567166
2017-05-22 23:00:00,4486.401089634746
2017-05-23 00:00:00,4412.070619479731
2017-05-23 01:00:00,4463.038606366983
2017-05-23 02:00:00,4574.64950287747
2017-05-23 03:00:00,4607.65245848428
2017-05-23 04:00:00,4625.437629735286
2017-05-23 05:00:00,4656.52517648853
2017-05-23 06:00:00,4798.129364069915
2017-05-23 07:00:00,4890.06703581812
2017-05-23 08:00:00,4739.397743330616
2017-05-23 09:00:00,4682.197753116701
2017-05-23 10:00:00,4686.1829276810095
2017-05-23 11:00:00,4697.3485260148345
2017-05-23 12:00:00,4683.5514293574615
2017-05-23 13:00:00,4678.80873003582
2017-05-23 14:00:00,4672.863535774103
2017-05-23 15:00:00,4651.183220030523
2017-05-23 16:00:00,4656.966533350756
2017-05-23 17:00:00,4673.276777945853
2017-05-23 18:00:00,4666.584645384902
2017-05-23 19:00:00,4655.344285980637
2017-05-23 20:00:00,4673.511130524614
2017-05-23 21:00:00,4759.785892720346
2017-05-23 22:00:00,4734.133270654132
2017-05-23 23:00:00,4491.412759721712
2017-05-24 00:00:00,4418.297548469104
2017-05-24 01:00:00,4469.077414811948
2017-05-24 02:00:00,4574.252641421837
2017-05-24 03:00:00,4605.393884357023
2017-05-24 04:00:00,4623.179055608028
2017-05-24 05:00:00,4650.065454575573
2017-05-24 06:00:00,4791.7232096289445
2017-05-24 07:00:00,4883.66088137715
2017-05-24 08:00:00,4732.219491721734
2017-05-24 09:00:00,4676.098788570861
2017-05-24 10:00:00,4680.083963135169
2017-05-24 11:00:00,4689.9129919789
2017-05-24 12:00:00,4676.115895321527
2017-05-24 13:00:00,4671.373195999886
2017-05-24 14:00:00,4665.428001738169
2017-05-24 15:00:00,4643.747685994589
2017-05-24 16:00:00,4649.530999314821
2017-05-24 17:00:00,4665.745748140467
2017-05-24 18:00:00,4660.572880710505
2017-05-24 19:00:00,4649.33252130624
2017-05-24 20:00:00,4668.414077449098
2017-05-24 21:00:00,4754.68883964483
2017-05-24 22:00:00,4729.036217578616
2017-05-24 23:00:00,4490.687829997318
2017-05-25 00:00:00,4411.222969284627
2017-05-25 01:00:00,4461.833274994691
2017-05-25 02:00:00,4567.00850160458
2017-05-25 03:00:00,4598.1497445397645
2017-05-25 04:00:00,4615.934915790771
2017-05-25 05:00:00,4642.8213147583165
2017-05-25 06:00:00,4784.479069811688
2017-05-25 07:00:00,4872.797863830925
2017-05-25 08:00:00,4729.692688239151
2017-05-25 09:00:00,4672.181011804705
2017-05-25 10:00:00,4676.166186369013
2017-05-25 11:00:00,4685.995215212744
2017-05-25 12:00:00,4672.198118555371
2017-05-25 13:00:00,4667.45541923373
2017-05-25 14:00:00,4661.510224972013
2017-05-25 15:00:00,4639.809194543653
2017-05-25 16:00:00,4645.592507863885
2017-05-25 17:00:00,4661.807256689531
2017-05-25 18:00:00,4656.634389259569
2017-05-25 19:00:00,4644.651601020048
2017-05-25 20:00:00,4663.75128447349
2017-05-25 21:00:00,4750.0260466692225
2017-05-25 22:00:00,4725.456690439794
2017-05-25 23:00:00,4489.7173579291275
2017-05-26 00:00:00,4408.074912983255
2017-05-26 01:00:00,4452.525032192382
2017-05-26 02:00:00,4554.3767994952495
2017-05-26 03:00:00,4585.5180424304335
2017-05-26 04:00:00,4603.748875589595
2017-05-26 05:00:00,4630.927285689821
2017-05-26 06:00:00,4771.31810516977
2017-05-26 07:00:00,4855.100632147007
2017-05-26 08:00:00,4722.391790391456
2017-05-26 09:00:00,4673.352248554947
2017-05-26 10:00:00,4676.717459824834
2017-05-26 11:00:00,4681.842818903038
2017-05-26 12:00:00,4666.374492340504
2017-05-26 13:00:00,4661.7320584267545
2017-05-26 14:00:00,4666.091331319779
2017-05-26 15:00:00,4645.084311199802
2017-05-26 16:00:00,4651.894536137248
2017-05-26 17:00:00,4668.296040095631
2017-05-26 18:00:00,4658.482726378498
2017-05-26 19:00:00,4643.677998462813
2017-05-26 20:00:00,4656.233814025897
2017-05-26 21:00:00,4730.868293438814
2017-05-26 22:00:00,4738.796093244031
2017-05-26 23:00:00,4523.321723095095
2017-05-27 00:00:00,4403.76366482897
2017-05-27 01:00:00,4436.743458105716
2017-05-27 02:00:00,4531.410291107857
2017-05-27 03:00:00,4562.665093512889
2017-05-27 04:00:00,4581.081677527425
2017-05-27 05:00:00,4592.281632422875
2017-05-27 06:00:00,4655.50491771998
2017-05-27 07:00:00,4658.8133436090575
2017-05-27 08:00:00,4698.099588915975
2017-05-27 09:00:00,4720.816960491937
2017-05-27 10:00:00,4704.9807537896095
2017-05-27 11:00:00,4675.445408376023
2017-05-27 12:00:00,4657.452932215152
2017-05-27 13:00:00,4655.167072602455
2017-05-27 14:00:00,4651.011910908042
2017-05-27 15:00:00,4642.454150543571
2017-05-27 16:00:00,4655.1689583728285
2017-05-27 17:00:00,4678.018641802329
2017-05-27 18:00:00,4667.343222936385
2017-05-27 19:00:00,4652.748458014529
2017-05-27 20:00:00,4665.3042735776135
2017-05-27 21:00:00,4739.938752990531
2017-05-27 22:00:00,4742.034602925873
2017-05-27 23:00:00,4531.898219587712
2017-05-28 00:00:00,4417.173598911834
2017-05-28 01:00:00,4442.544234636228
2017-05-28 02:00:00,4535.949151671915
2017-05-28 03:00:00,4567.203954076947
2017-05-28 04:00:00,4589.488819457411
2017-05-28 05:00:00,4597.048347284082
2017-05-28 06:00:00,4662.1054485739505
2017-05-28 07:00:00,4664.998519741915
2017-05-28 08:00:00,4701.577689811989
2017-05-28 09:00:00,4725.7019734436435
2017-05-28 10:00:00,4693.806552907732
2017-05-28 11:00:00,4660.9075034787165
2017-05-28 12:00:00,4664.104463709211
2017-05-28 13:00:00,4666.558837885681
2017-05-28 14:00:00,4656.21228437779
2017-05-28 15:00:00,4647.652515606898
2017-05-28 16:00:00,4661.082543710388
2017-05-28 17:00:00,4690.744664897001
2017-05-28 18:00:00,4687.930973359973
2017-05-28 19:00:00,4671.018681951628
2017-05-28 20:00:00,4689.056655642964
2017-05-28 21:00:00,4764.621787789605
2017-05-28 22:00:00,4756.277239319762
2017-05-28 23:00:00,4531.637811727531
2017-05-29 00:00:00,4456.161495445007
2017-05-29 01:00:00,4506.747324207705
2017-05-29 02:00:00,4618.87513805854
2017-05-29 03:00:00,4654.528272346984
2017-05-29 04:00:00,4672.180405102684
2017-05-29 05:00:00,4710.862950604313
2017-05-29 06:00:00,4853.527721614177
2017-05-29 07:00:00,4944.761804803404
2017-05-29 08:00:00,4807.787717183182
2017-05-29 09:00:00,4715.658480951435
2017-05-29 10:00:00,4717.206980042281
2017-05-29 11:00:00,4699.219463054178
2017-05-29 12:00:00,4684.99495559908
2017-05-29 13:00:00,4682.0417081727655
2017-05-29 14:00:00,4681.415325051434
2017-05-29 15:00:00,4660.249660347701
2017-05-29 16:00:00,4669.5552016441725
2017-05-29 17:00:00,4684.626668482569
2017-05-29 18:00:00,4675.211787373319
2017-05-29 19:00:00,4662.745955066337
2017-05-29 20:00:00,4681.335267794334
2017-05-29 21:00:00,4749.359284297539
2017-05-29 22:00:00,4739.456704481618
2017-05-29 23:00:00,4488.036798667902
2017-05-30 00:00:00,4406.524232643894
2017-05-30 01:00:00,4457.4922195311465
2017-05-30 02:00:00,4569.103116041633
2017-05-30 03:00:00,4602.1060716484435
2017-05-30 04:00:00,4619.891242899448
2017-05-30 05:00:00,4650.978789652692
2017-05-30 06:00:00,4792.582977234078
2017-05-30 07:00:00,4880.901771253316
2017-05-30 08:00:00,4745.991775938608
2017-05-30 09:00:00,4685.969156499241
2017-05-30 10:00:00,4689.954331063549
2017-05-30 11:00:00,4686.000576556072
2017-05-30 12:00:00,4672.203479898699
2017-05-30 13:00:00,4667.460780577057
2017-05-30 14:00:00,4670.152301840632
2017-05-30 15:00:00,4649.165996405436
2017-05-30 16:00:00,4658.099106314022
2017-05-30 17:00:00,4674.409350909118
2017-05-30 18:00:00,4668.829232935582
2017-05-30 19:00:00,4656.766030059617
2017-05-30 20:00:00,4674.9328746035935
2017-05-30 21:00:00,4743.864616651452
2017-05-30 22:00:00,4743.7488764636255
2017-05-30 23:00:00,4492.328970649911
2017-05-31 00:00:00,4414.29667314206
2017-05-31 01:00:00,4465.076539484904
2017-05-31 02:00:00,4570.251766094793
2017-05-31 03:00:00,4601.393009029978
2017-05-31 04:00:00,4619.178180280984
2017-05-31 05:00:00,4646.064579248529
2017-05-31 06:00:00,4787.7223343019
2017-05-31 07:00:00,4876.041128321139
2017-05-31 08:00:00,4740.359035838518
2017-05-31 09:00:00,4680.666322386359
2017-05-31 10:00:00,4684.651496950667
2017-05-31 11:00:00,4679.361172953096
2017-05-31 12:00:00,4665.564076295722
2017-05-31 13:00:00,4660.821376974081
2017-05-31 14:00:00,4663.512898237656
2017-05-31 15:00:00,4642.52659280246
2017-05-31 16:00:00,4651.459702711046
2017-05-31 17:00:00,4667.674451536692
2017-05-31 18:00:00,4663.613598694144
2017-05-31 19:00:00,4651.550395818179
2017-05-31 20:00:00,4670.631951961036
2017-05-31 21:00:00,4739.563694008895
2017-05-31 22:00:00,4739.447953821069
2017-05-31 23:00:00,4492.400171358475
2017-06-01 00:00:00,4409.776530853045
2017-06-01 01:00:00,4460.38683656311
2017-06-01 02:00:00,4565.562063172998
2017-06-01 03:00:00,4596.703306108183
2017-06-01 04:00:00,4614.488477359189
2017-06-01 05:00:00,4641.374876326735
2017-06-01 06:00:00,4783.032631380106
2017-06-01 07:00:00,4871.351425399344
2017-06-01 08:00:00,4735.669332916724
2017-06-01 09:00:00,4676.555696041125
2017-06-01 10:00:00,4680.540870605433
2017-06-01 11:00:00,4675.250546607861
2017-06-01 12:00:00,4661.453449950488
2017-06-01 13:00:00,4656.710750628847
2017-06-01 14:00:00,4659.4022718924225
2017-06-01 15:00:00,4638.395251772446
2017-06-01 16:00:00,4647.328361681031
2017-06-01 17:00:00,4663.543110506676
2017-06-01 18:00:00,4663.492180346122
2017-06-01 19:00:00,4644.327135992948
2017-06-01 20:00:00,4661.120116403915
2017-06-01 21:00:00,4725.142407446078
2017-06-01 22:00:00,4738.254347495196
2017-06-01 23:00:00,4493.815620103234
2017-06-02 00:00:00,4408.41795950587
2017-06-02 01:00:00,4452.868078714997
2017-06-02 02:00:00,4554.719846017865
2017-06-02 03:00:00,4585.861088953048
2017-06-02 04:00:00,4604.091922112209
2017-06-02 05:00:00,4631.270332212436
2017-06-02 06:00:00,4771.661151692385
2017-06-02 07:00:00,4855.443678669622
2017-06-02 08:00:00,4725.201921940074
2017-06-02 09:00:00,4674.56041966241
2017-06-02 10:00:00,4677.925630932297
2017-06-02 11:00:00,4683.050990010501
2017-06-02 12:00:00,4667.582663447967
2017-06-02 13:00:00,4662.940229534218
2017-06-02 14:00:00,4667.299502427242
2017-06-02 15:00:00,4646.292482307265
2017-06-02 16:00:00,4653.1027072447105
2017-06-02 17:00:00,4669.504211203093
2017-06-02 18:00:00,4663.700820167955
2017-06-02 19:00:00,4641.713836138616
2017-06-02 20:00:00,4651.962948659225
2017-06-02 21:00:00,4715.0729872077645
2017-06-02 22:00:00,4745.295016057303
2017-06-02 23:00:00,4526.826122118149
2017-06-03 00:00:00,4404.718622073609
2017-06-03 01:00:00,4437.698415350355
2017-06-03 02:00:00,4532.365248352497
2017-06-03 03:00:00,4563.620050757529
2017-06-03 04:00:00,4582.036634772065
2017-06-03 05:00:00,4593.236589667515
2017-06-03 06:00:00,4656.459874964619
2017-06-03 07:00:00,4659.768300853697
2017-06-03 08:00:00,4699.054546160614
2017-06-03 09:00:00,4721.771917736577
2017-06-03 10:00:00,4705.935711034249
2017-06-03 11:00:00,4676.400365620663
2017-06-03 12:00:00,4658.4078894597915
2017-06-03 13:00:00,4656.122029847094
2017-06-03 14:00:00,4651.966868152682
2017-06-03 15:00:00,4643.40910778821
2017-06-03 16:00:00,4656.123915617468
2017-06-03 17:00:00,4678.973599046968
2017-06-03 18:00:00,4672.308102863019
2017-06-03 19:00:00,4650.531081827508
2017-06-03 20:00:00,4660.780194348117
2017-06-03 21:00:00,4723.890232896658
2017-06-03 22:00:00,4748.28031187632
2017-06-03 23:00:00,4535.149404747943
2017-06-04 00:00:00,4418.118817557063
2017-06-04 01:00:00,4443.489453281457
2017-06-04 02:00:00,4536.894370317144
2017-06-04 03:00:00,4568.149172722176
2017-06-04 04:00:00,4590.43403810264
2017-06-04 05:00:00,4597.9935659293105
2017-06-04 06:00:00,4663.0506672191805
2017-06-04 07:00:00,4665.943738387145
2017-06-04 08:00:00,4702.522908457219
2017-06-04 09:00:00,4726.6471920888725
2017-06-04 10:00:00,4694.751771552962
2017-06-04 11:00:00,4661.8527221239465
2017-06-04 12:00:00,4665.04968235444
2017-06-04 13:00:00,4667.504056530911
2017-06-04 14:00:00,4657.157503023019
2017-06-04 15:00:00,4648.597734252128
2017-06-04 16:00:00,4662.027762355618
2017-06-04 17:00:00,4691.689883542231
2017-06-04 18:00:00,4692.886114687197
2017-06-04 19:00:00,4668.791567165197
2017-06-04 20:00:00,4684.522837814058
2017-06-04 21:00:00,4748.563529096322
2017-06-04 22:00:00,4762.5132096708
2017-06-04 23:00:00,4534.879258288351
2017-06-05 00:00:00,4457.600313362031
2017-06-05 01:00:00,4508.186142124729
2017-06-05 02:00:00,4620.313955975565
2017-06-05 03:00:00,4655.967090264008
2017-06-05 04:00:00,4673.619223019708
2017-06-05 05:00:00,4712.301768521336
2017-06-05 06:00:00,4854.9665395312
2017-06-05 07:00:00,4943.138226807709
2017-06-05 08:00:00,4809.33294511232
2017-06-05 09:00:00,4717.203708880573
2017-06-05 10:00:00,4718.752207971419
2017-06-05 11:00:00,4700.764690983315
2017-06-05 12:00:00,4686.540183528217
2017-06-05 13:00:00,4683.586936101903
2017-06-05 14:00:00,4682.960552980571
2017-06-05 15:00:00,4661.794888276839
2017-06-05 16:00:00,4671.10042957331
2017-06-05 17:00:00,4686.171896411706
2017-06-05 18:00:00,4680.766937984449
2017-06-05 19:00:00,4661.118849563814
2017-06-05 20:00:00,4677.198542032429
2017-06-05 21:00:00,4736.621345604458
2017-06-05 22:00:00,4744.5126202167385
2017-06-05 23:00:00,4493.092714403023
2017-06-06 00:00:00,4406.993904639889
2017-06-06 01:00:00,4457.96189152714
2017-06-06 02:00:00,4569.572788037627
2017-06-06 03:00:00,4602.575743644437
2017-06-06 04:00:00,4620.360914895443
2017-06-06 05:00:00,4651.448461648687
2017-06-06 06:00:00,4793.052649230072
2017-06-06 07:00:00,4878.309047336591
2017-06-06 08:00:00,4746.567857946716
2017-06-06 09:00:00,4686.703766308654
2017-06-06 10:00:00,4690.688940872962
2017-06-06 11:00:00,4686.735186365485
2017-06-06 12:00:00,4672.938089708112
2017-06-06 13:00:00,4668.1953903864705
2017-06-06 14:00:00,4670.8869116500455
2017-06-06 15:00:00,4649.900606214849
2017-06-06 16:00:00,4658.833716123435
2017-06-06 17:00:00,4675.143960718531
2017-06-06 18:00:00,4673.573765426989
2017-06-06 19:00:00,4654.32830643737
2017-06-06 20:00:00,4669.985530721964
2017-06-06 21:00:00,4730.316059838647
2017-06-06 22:00:00,4747.994174079023
2017-06-06 23:00:00,4496.574268265307
2017-06-07 00:00:00,4414.249123272017
2017-06-07 01:00:00,4462.637618695415
2017-06-07 02:00:00,4567.028841078907
2017-06-07 03:00:00,4598.170084014095
2017-06-07 04:00:00,4615.955255265099
2017-06-07 05:00:00,4642.841654232645
2017-06-07 06:00:00,4784.499409286016
2017-06-07 07:00:00,4851.9301937166865
2017-06-07 08:00:00,4742.60127398683
2017-06-07 09:00:00,4683.067088335976
2017-06-07 10:00:00,4687.052262900284
2017-06-07 11:00:00,4681.761938902712
2017-06-07 12:00:00,4667.964842245339
2017-06-07 13:00:00,4663.222142923698
2017-06-07 14:00:00,4665.913664187274
2017-06-07 15:00:00,4644.927358752077
2017-06-07 16:00:00,4653.860468660663
2017-06-07 17:00:00,4670.075217486308
2017-06-07 18:00:00,4670.024287325754
2017-06-07 19:00:00,4651.432916432629
2017-06-07 20:00:00,4668.004852316105
2017-06-07 21:00:00,4721.141568385872
2017-06-07 22:00:00,4748.310985625356
2017-06-07 23:00:00,4501.669208111585
2017-06-08 00:00:00,4408.907331849337
2017-06-08 01:00:00,4457.126266639956
2017-06-08 02:00:00,4561.517489023448
2017-06-08 03:00:00,4592.658731958633
2017-06-08 04:00:00,4610.44390320964
2017-06-08 05:00:00,4637.330302177185
2017-06-08 06:00:00,4778.9880572305565
2017-06-08 07:00:00,4846.418841661227
2017-06-08 08:00:00,4737.089921931371
2017-06-08 09:00:00,4678.134812857076
2017-06-08 10:00:00,4682.119987421384
2017-06-08 11:00:00,4676.829663423813
2017-06-08 12:00:00,4663.032566766439
2017-06-08 13:00:00,4658.289867444799
2017-06-08 14:00:00,4660.981388708374
2017-06-08 15:00:00,4639.974368588397
2017-06-08 16:00:00,4648.907478496983
2017-06-08 17:00:00,4665.1222273226285
2017-06-08 18:00:00,4665.071297162074
2017-06-08 19:00:00,4646.560340905393
2017-06-08 20:00:00,4663.150404099453
2017-06-08 21:00:00,4716.2871201692205
2017-06-08 22:00:00,4744.539803245491
2017-06-08 23:00:00,4500.507080802352
2017-06-09 00:00:00,4407.958489233497
2017-06-09 01:00:00,4450.017237523179
2017-06-09 02:00:00,4551.085000599651
2017-06-09 03:00:00,4582.190858275634
2017-06-09 04:00:00,4600.421691434795
2017-06-09 05:00:00,4627.600101535021
2017-06-09 06:00:00,4767.99092101497
2017-06-09 07:00:00,4830.8854384036395
2017-06-09 08:00:00,4726.996854426855
2017-06-09 09:00:00,4676.533955755974
2017-06-09 10:00:00,4679.89916702586
2017-06-09 11:00:00,4685.0245261040645
2017-06-09 12:00:00,4669.55619954153
2017-06-09 13:00:00,4664.913765627782
2017-06-09 14:00:00,4669.273038520805
2017-06-09 15:00:00,4648.266018400829
2017-06-09 16:00:00,4655.076243338274
2017-06-09 17:00:00,4671.477747296657
2017-06-09 18:00:00,4665.674356261518
2017-06-09 19:00:00,4644.296526497529
2017-06-09 20:00:00,4654.342721801231
2017-06-09 21:00:00,4706.567185377375
2017-06-09 22:00:00,4751.929957254065
2017-06-09 23:00:00,4533.281435970328
2017-06-10 00:00:00,4402.418726346625
2017-06-10 01:00:00,4434.916854168092
2017-06-10 02:00:00,4528.799682943838
2017-06-10 03:00:00,4560.019100089669
2017-06-10 04:00:00,4578.4356841042045
2017-06-10 05:00:00,4589.6356389996545
2017-06-10 06:00:00,4652.85892429676
2017-06-10 07:00:00,4648.800207611572
2017-06-10 08:00:00,4702.459778555826
2017-06-10 09:00:00,4725.355753738571
2017-06-10 10:00:00,4709.519547036243
2017-06-10 11:00:00,4679.984201622658
2017-06-10 12:00:00,4661.991725461786
2017-06-10 13:00:00,4659.705865849089
2017-06-10 14:00:00,4655.550704154676
2017-06-10 15:00:00,4646.992943790205
2017-06-10 16:00:00,4659.707751619462
2017-06-10 17:00:00,4682.557435048962
2017-06-10 18:00:00,4675.891938865013
2017-06-10 19:00:00,4654.724072094852
2017-06-10 20:00:00,4664.770267398554
2017-06-10 21:00:00,4716.198007211855
2017-06-10 22:00:00,4755.72882921867
2017-06-10 23:00:00,4543.813367100128
2017-06-11 00:00:00,4415.828660429489
2017-06-11 01:00:00,4440.717630698604
2017-06-11 02:00:00,4533.338543507896
2017-06-11 03:00:00,4564.557960653728
2017-06-11 04:00:00,4586.842826034192
2017-06-11 05:00:00,4594.402353860862
2017-06-11 06:00:00,4659.459455150731
2017-06-11 07:00:00,4654.98538374443
2017-06-11 08:00:00,4705.937879451842
2017-06-11 09:00:00,4730.240766690277
2017-06-11 10:00:00,4698.345346154366
2017-06-11 11:00:00,4665.446296725351
2017-06-11 12:00:00,4668.643256955845
2017-06-11 13:00:00,4671.097631132315
2017-06-11 14:00:00,4660.7510776244235
2017-06-11 15:00:00,4652.191308853532
2017-06-11 16:00:00,4665.621336957021
2017-06-11 17:00:00,4695.283458143635
2017-06-11 18:00:00,4696.479689288601
2017-06-11 19:00:00,4672.994296031951
2017-06-11 20:00:00,4688.5226494639055
2017-06-11 21:00:00,4740.881042010929
2017-06-11 22:00:00,4769.97146561256
2017-06-11 23:00:00,4543.552959239946
2017-06-12 00:00:00,4458.548022788502
2017-06-12 01:00:00,4506.742480631754
2017-06-12 02:00:00,4618.086290256194
2017-06-12 03:00:00,4653.704039285437
2017-06-12 04:00:00,4671.356172041137
2017-06-12 05:00:00,4709.295457094873
2017-06-12 06:00:00,4851.960228104736
2017-06-12 07:00:00,4922.556581574622
2017-06-12 08:00:00,4811.935666707165
2017-06-12 09:00:00,4719.964958276723
2017-06-12 10:00:00,4721.51345736757
2017-06-12 11:00:00,4703.525940379465
2017-06-12 12:00:00,4689.301432924368
2017-06-12 13:00:00,4686.348185498054
2017-06-12 14:00:00,4685.721802376722
2017-06-12 15:00:00,4664.556137672989
2017-06-12 16:00:00,4673.861678969461
2017-06-12 17:00:00,4688.933145807857
2017-06-12 18:00:00,4683.5281873806
2017-06-12 19:00:00,4664.489253225314
2017-06-12 20:00:00,4680.568945693929
2017-06-12 21:00:00,4732.001212456199
2017-06-12 22:00:00,4749.383790067588
2017-06-12 23:00:00,4499.7649615571145
2017-06-13 00:00:00,4406.921617910741
2017-06-13 01:00:00,4455.498233878547
2017-06-13 02:00:00,4566.3251261626365
2017-06-13 03:00:00,4599.292696510248
2017-06-13 04:00:00,4617.0778677612525
2017-06-13 05:00:00,4647.422154066604
2017-06-13 06:00:00,4789.026341647989
2017-06-13 07:00:00,4857.05650454358
2017-06-13 08:00:00,4748.499681981636
2017-06-13 09:00:00,4688.635590343574
2017-06-13 10:00:00,4692.620764907882
2017-06-13 11:00:00,4688.667010400404
2017-06-13 12:00:00,4674.869913743031
2017-06-13 13:00:00,4670.12721442139
2017-06-13 14:00:00,4672.818735684966
2017-06-13 15:00:00,4651.8324302497695
2017-06-13 16:00:00,4660.765540158355
2017-06-13 17:00:00,4677.075784753451
2017-06-13 18:00:00,4675.505589461908
2017-06-13 19:00:00,4656.86928473764
2017-06-13 20:00:00,4672.526509022234
2017-06-13 21:00:00,4725.169040920346
2017-06-13 22:00:00,4752.338458159829
2017-06-13 23:00:00,4502.719629649356
2017-06-14 00:00:00,4414.701905123335
2017-06-14 01:00:00,4463.090400546733
2017-06-14 02:00:00,4567.481622930226
2017-06-14 03:00:00,4598.587480606213
2017-06-14 04:00:00,4616.3726518572175
2017-06-14 05:00:00,4642.5157903768695
2017-06-14 06:00:00,4784.173545430241
2017-06-14 07:00:00,4852.203708325831
2017-06-14 08:00:00,4742.874788595975
2017-06-14 09:00:00,4683.340602945121
2017-06-14 10:00:00,4687.325777509429
2017-06-14 11:00:00,4682.035453511858
2017-06-14 12:00:00,4668.238356854484
2017-06-14 13:00:00,4663.495657532843
2017-06-14 14:00:00,4666.187178796418
2017-06-14 15:00:00,4645.200873361222
2017-06-14 16:00:00,4654.133983269808
2017-06-14 17:00:00,4670.348732095454
2017-06-14 18:00:00,4670.297801934899
2017-06-14 19:00:00,4651.66149721063
2017-06-14 20:00:00,4668.233433094105
2017-06-14 21:00:00,4720.875964992217
2017-06-14 22:00:00,4748.045382231701
2017-06-14 23:00:00,4502.798677072349
2017-06-15 00:00:00,4409.521448753558
2017-06-15 01:00:00,4457.740383544176
2017-06-15 02:00:00,4562.131605927669
2017-06-15 03:00:00,4593.237463603655
2017-06-15 04:00:00,4611.02263485466
2017-06-15 05:00:00,4637.165773374313
2017-06-15 06:00:00,4778.823528427684
2017-06-15 07:00:00,4846.853691323275
2017-06-15 08:00:00,4737.524771593418
2017-06-15 09:00:00,4678.569662519124
2017-06-15 10:00:00,4682.554837083433
2017-06-15 11:00:00,4677.264513085861
2017-06-15 12:00:00,4663.467416428488
2017-06-15 13:00:00,4658.724717106847
2017-06-15 14:00:00,4661.4162383704215
2017-06-15 15:00:00,4640.409218250445
2017-06-15 16:00:00,4649.34232815903
2017-06-15 17:00:00,4665.557076984676
2017-06-15 18:00:00,4665.506146824122
2017-06-15 19:00:00,4646.950256736297
2017-06-15 20:00:00,4663.540319930357
2017-06-15 21:00:00,4716.182851828469
2017-06-15 22:00:00,4744.435534904739
2017-06-15 23:00:00,4501.797884816018
2017-06-16 00:00:00,4410.161261561192
2017-06-16 01:00:00,4452.220009850874
2017-06-16 02:00:00,4553.287772927346
2017-06-16 03:00:00,4584.39363060333
2017-06-16 04:00:00,4602.62446376249
2017-06-16 05:00:00,4629.059613414824
2017-06-16 06:00:00,4769.450432894773
2017-06-16 07:00:00,4832.944328748363
2017-06-16 08:00:00,4729.055744771577
2017-06-16 09:00:00,4678.592846100697
2017-06-16 10:00:00,4681.958057370583
2017-06-16 11:00:00,4687.083416448787
2017-06-16 12:00:00,4671.615089886253
2017-06-16 13:00:00,4666.972655972504
2017-06-16 14:00:00,4671.331928865528
2017-06-16 15:00:00,4650.3249087455515
2017-06-16 16:00:00,4657.135133682998
2017-06-16 17:00:00,4673.53663764138
2017-06-16 18:00:00,4667.733246606242
2017-06-16 19:00:00,4646.355416842252
2017-06-16 20:00:00,4656.401612145954
2017-06-16 21:00:00,4706.768480588682
2017-06-16 22:00:00,4752.131252465372
2017-06-16 23:00:00,4534.877803536054
2017-06-17 00:00:00,4401.588098926451
2017-06-17 01:00:00,4434.086226747918
2017-06-17 02:00:00,4527.969055523663
2017-06-17 03:00:00,4559.188472669495
2017-06-17 04:00:00,4577.60505668403
2017-06-17 05:00:00,4588.061751131588
2017-06-17 06:00:00,4651.285036428693
2017-06-17 07:00:00,4647.825698208425
2017-06-17 08:00:00,4701.485269152679
2017-06-17 09:00:00,4724.3812443354245
2017-06-17 10:00:00,4708.545037633096
2017-06-17 11:00:00,4679.009692219511
2017-06-17 12:00:00,4661.017216058639
2017-06-17 13:00:00,4658.731356445942
2017-06-17 14:00:00,4654.576194751529
2017-06-17 15:00:00,4646.018434387058
2017-06-17 16:00:00,4658.733242216315
2017-06-17 17:00:00,4681.5829256458155
2017-06-17 18:00:00,4674.917429461866
2017-06-17 19:00:00,4653.749562691706
2017-06-17 20:00:00,4663.795757995407
2017-06-17 21:00:00,4714.162626438136
2017-06-17 22:00:00,4753.693448444951
2017-06-17 23:00:00,4541.777986326409
2017-06-18 00:00:00,4414.9977256402435
2017-06-18 01:00:00,4439.886695909358
2017-06-18 02:00:00,4532.50760871865
2017-06-18 03:00:00,4563.727025864481
2017-06-18 04:00:00,4586.011891244945
2017-06-18 05:00:00,4592.828158623723
2017-06-18 06:00:00,4657.885259913593
2017-06-18 07:00:00,4654.010566972211
2017-06-18 08:00:00,4704.963062679622
2017-06-18 09:00:00,4729.265949918059
2017-06-18 10:00:00,4697.370529382148
2017-06-18 11:00:00,4664.471479953132
2017-06-18 12:00:00,4667.6684401836255
2017-06-18 13:00:00,4670.1228143600965
2017-06-18 14:00:00,4659.776260852204
2017-06-18 15:00:00,4651.216492081314
2017-06-18 16:00:00,4664.646520184803
2017-06-18 17:00:00,4694.308641371416
2017-06-18 18:00:00,4695.504872516382
2017-06-18 19:00:00,4672.019479259733
2017-06-18 20:00:00,4687.547832691687
2017-06-18 21:00:00,4738.845353868139
2017-06-18 22:00:00,4767.93577746977
2017-06-18 23:00:00,4541.517271097155
2017-06-19 00:00:00,4460.199252445816
2017-06-19 01:00:00,4508.393710289068
2017-06-19 02:00:00,4619.737519913508
2017-06-19 03:00:00,4655.355268942751
2017-06-19 04:00:00,4673.007401698451
2017-06-19 05:00:00,4710.946686752186
2017-06-19 06:00:00,4853.61145776205
2017-06-19 07:00:00,4924.207811231936
2017-06-19 08:00:00,4813.586896364479
2017-06-19 09:00:00,4721.616187934037
2017-06-19 10:00:00,4723.164687024883
2017-06-19 11:00:00,4705.177170036779
2017-06-19 12:00:00,4690.952662581682
2017-06-19 13:00:00,4687.999415155367
2017-06-19 14:00:00,4687.3730320340355
2017-06-19 15:00:00,4666.207367330303
2017-06-19 16:00:00,4675.512908626774
2017-06-19 17:00:00,4690.5843754651705
2017-06-19 18:00:00,4685.1794170379135
2017-06-19 19:00:00,4666.140482882629
2017-06-19 20:00:00,4682.220175351244
2017-06-19 21:00:00,4733.954981704701
2017-06-19 22:00:00,4751.337559316089
2017-06-19 23:00:00,4501.718730805615
2017-06-20 00:00:00,4408.882889781024
2017-06-20 01:00:00,4457.45950574883
2017-06-20 02:00:00,4568.28639803292
2017-06-20 03:00:00,4601.253968380532
2017-06-20 04:00:00,4619.039139631536
2017-06-20 05:00:00,4649.383425936889
2017-06-20 06:00:00,4790.987613518273
2017-06-20 07:00:00,4859.017776413863
2017-06-20 08:00:00,4750.46095385192
2017-06-20 09:00:00,4690.596862213858
2017-06-20 10:00:00,4694.582036778166
2017-06-20 11:00:00,4690.628282270689
2017-06-20 12:00:00,4676.831185613315
2017-06-20 13:00:00,4672.088486291674
2017-06-20 14:00:00,4674.7800075552495
2017-06-20 15:00:00,4653.793702120053
2017-06-20 16:00:00,4662.726812028639
2017-06-20 17:00:00,4679.037056623735
2017-06-20 18:00:00,4677.466861332192
2017-06-20 19:00:00,4658.830556607923
2017-06-20 20:00:00,4674.487780892518
2017-06-20 21:00:00,4727.130312790629
2017-06-20 22:00:00,4754.299730030113
2017-06-20 23:00:00,4504.6809015196395
2017-06-21 00:00:00,4416.623912314684
2017-06-21 01:00:00,4465.012407738082
2017-06-21 02:00:00,4569.4036301215765
2017-06-21 03:00:00,4600.5094877975625
2017-06-21 04:00:00,4618.294659048567
2017-06-21 05:00:00,4644.437797568219
2017-06-21 06:00:00,4786.09555262159
2017-06-21 07:00:00,4854.125715517181
2017-06-21 08:00:00,4744.796795787324
2017-06-21 09:00:00,4685.26261013647
2017-06-21 10:00:00,4689.2477847007785
2017-06-21 11:00:00,4683.957460703206
2017-06-21 12:00:00,4670.160364045833
2017-06-21 13:00:00,4665.417664724192
2017-06-21 14:00:00,4668.109185987768
2017-06-21 15:00:00,4647.122880552572
2017-06-21 16:00:00,4656.055990461157
2017-06-21 17:00:00,4672.270739286803
2017-06-21 18:00:00,4672.219809126249
2017-06-21 19:00:00,4653.58350440198
2017-06-21 20:00:00,4670.1554402854545
2017-06-21 21:00:00,4722.797972183566
2017-06-21 22:00:00,4749.967389423051
2017-06-21 23:00:00,4504.720684263699
2017-06-22 00:00:00,4411.282120892005
2017-06-22 01:00:00,4459.501055682624
2017-06-22 02:00:00,4563.892278066116
2017-06-22 03:00:00,4594.998135742101
2017-06-22 04:00:00,4612.783306993107
2017-06-22 05:00:00,4638.9264455127595
2017-06-22 06:00:00,4780.584200566131
2017-06-22 07:00:00,4848.614363461721
2017-06-22 08:00:00,4739.285443731865
2017-06-22 09:00:00,4680.33033465757
2017-06-22 10:00:00,4684.3155092218785
2017-06-22 11:00:00,4679.025185224307
2017-06-22 12:00:00,4665.228088566933
2017-06-22 13:00:00,4660.485389245293
2017-06-22 14:00:00,4663.176910508868
2017-06-22 15:00:00,4642.169890388892
2017-06-22 16:00:00,4651.103000297477
2017-06-22 17:00:00,4667.317749123123
2017-06-22 18:00:00,4667.266818962568
2017-06-22 19:00:00,4648.710928874743
2017-06-22 20:00:00,4665.300992068804
2017-06-22 21:00:00,4717.943523966916
2017-06-22 22:00:00,4746.1962070431855
2017-06-22 23:00:00,4503.5585569544655
2017-06-23 00:00:00,4409.924207885648
2017-06-23 01:00:00,4451.982956175329
2017-06-23 02:00:00,4553.050719251801
2017-06-23 03:00:00,4584.156576927784
2017-06-23 04:00:00,4602.387410086945
2017-06-23 05:00:00,4628.822559739278
2017-06-23 06:00:00,4769.213379219227
2017-06-23 07:00:00,4832.7072750728175
2017-06-23 08:00:00,4728.818691096032
2017-06-23 09:00:00,4678.355792425151
2017-06-23 10:00:00,4681.721003695038
2017-06-23 11:00:00,4686.846362773242
2017-06-23 12:00:00,4671.378036210708
2017-06-23 13:00:00,4666.735602296959
2017-06-23 14:00:00,4671.094875189983
2017-06-23 15:00:00,4650.087855070006
2017-06-23 16:00:00,4656.898080007451
2017-06-23 17:00:00,4673.299583965834
2017-06-23 18:00:00,4667.4961929306955
2017-06-23 19:00:00,4646.118363166706
2017-06-23 20:00:00,4656.164558470408
2017-06-23 21:00:00,4706.531426913137
2017-06-23 22:00:00,4751.894198789827
2017-06-23 23:00:00,4534.640749860509
2017-06-24 00:00:00,4401.348745616935
2017-06-24 01:00:00,4433.846873438402
2017-06-24 02:00:00,4527.729702214148
2017-06-24 03:00:00,4558.949119359979
2017-06-24 04:00:00,4577.365703374514
2017-06-24 05:00:00,4587.822397822071
2017-06-24 06:00:00,4651.045683119177
2017-06-24 07:00:00,4647.5863448989085
2017-06-24 08:00:00,4701.245915843164
2017-06-24 09:00:00,4724.141891025908
2017-06-24 10:00:00,4708.305684323581
2017-06-24 11:00:00,4678.770338909994
2017-06-24 12:00:00,4660.777862749123
2017-06-24 13:00:00,4658.492003136426
2017-06-24 14:00:00,4654.336841442014
2017-06-24 15:00:00,4645.779081077541
2017-06-24 16:00:00,4658.4938889068
2017-06-24 17:00:00,4681.3435723363
2017-06-24 18:00:00,4674.6780761523505
2017-06-24 19:00:00,4653.51020938219
2017-06-24 20:00:00,4663.556404685892
2017-06-24 21:00:00,4713.92327312862
2017-06-24 22:00:00,4753.454095135436
2017-06-24 23:00:00,4541.538633016893
2017-06-25 00:00:00,4414.6979269046205
2017-06-25 01:00:00,4439.586897173736
2017-06-25 02:00:00,4532.207809983028
2017-06-25 03:00:00,4563.427227128859
2017-06-25 04:00:00,4585.712092509322
2017-06-25 05:00:00,4592.5283598881
2017-06-25 06:00:00,4657.58546117797
2017-06-25 07:00:00,4653.710768236588
2017-06-25 08:00:00,4704.6632639439995
2017-06-25 09:00:00,4728.966151182436
2017-06-25 10:00:00,4697.070730646525
2017-06-25 11:00:00,4664.171681217509
2017-06-25 12:00:00,4667.368641448003
2017-06-25 13:00:00,4669.823015624474
2017-06-25 14:00:00,4659.476462116581
2017-06-25 15:00:00,4650.916693345691
2017-06-25 16:00:00,4664.34672144918
2017-06-25 17:00:00,4694.008842635793
2017-06-25 18:00:00,4695.205073780759
2017-06-25 19:00:00,4671.71968052411
2017-06-25 20:00:00,4687.248033956064
2017-06-25 21:00:00,4738.545555132516
2017-06-25 22:00:00,4767.635978734147
2017-06-25 23:00:00,4541.217472361533
2017-06-26 00:00:00,4459.931435156002
2017-06-26 01:00:00,4508.025334648233
2017-06-26 02:00:00,4619.369144272672
2017-06-26 03:00:00,4654.986893301916
2017-06-26 04:00:00,4672.639026057616
2017-06-26 05:00:00,4710.5783111113515
2017-06-26 06:00:00,4853.243082121216
2017-06-26 07:00:00,4923.839435591101
2017-06-26 08:00:00,4813.218520723643
2017-06-26 09:00:00,4721.247812293202
2017-06-26 10:00:00,4722.796311384048
2017-06-26 11:00:00,4704.8087943959445
2017-06-26 12:00:00,4690.584286940846
2017-06-26 13:00:00,4687.631039514532
2017-06-26 14:00:00,4687.0046563932
2017-06-26 15:00:00,4665.8389916894685
2017-06-26 16:00:00,4675.144532985939
2017-06-26 17:00:00,4690.215999824335
2017-06-26 18:00:00,4684.811041397079
2017-06-26 19:00:00,4665.7721072417935
2017-06-26 20:00:00,4681.851799710408
2017-06-26 21:00:00,4733.5866060638655
2017-06-26 22:00:00,4750.9691836752545
2017-06-26 23:00:00,4501.350355164782
2017-06-27 00:00:00,4408.989742460155
2017-06-27 01:00:00,4457.088360642084
2017-06-27 02:00:00,4567.915252926174
2017-06-27 03:00:00,4600.882823273785
2017-06-27 04:00:00,4618.667994524791
2017-06-27 05:00:00,4649.012280830142
2017-06-27 06:00:00,4790.6164684115265
2017-06-27 07:00:00,4858.646631307117
2017-06-27 08:00:00,4750.089808745173
2017-06-27 09:00:00,4690.225717107111
2017-06-27 10:00:00,4694.21089167142
2017-06-27 11:00:00,4690.257137163942
2017-06-27 12:00:00,4676.4600405065685
2017-06-27 13:00:00,4671.717341184927
2017-06-27 14:00:00,4674.408862448503
2017-06-27 15:00:00,4653.422557013307
2017-06-27 16:00:00,4662.355666921892
2017-06-27 17:00:00,4678.665911516989
2017-06-27 18:00:00,4677.095716225446
2017-06-27 19:00:00,4658.459411501177
2017-06-27 20:00:00,4674.116635785771
2017-06-27 21:00:00,4726.759167683883
2017-06-27 22:00:00,4753.9285849233665
2017-06-27 23:00:00,4504.309756412893
2017-06-28 00:00:00,4416.536913940441
2017-06-28 01:00:00,4464.447411577963
2017-06-28 02:00:00,4568.838633961455
2017-06-28 03:00:00,4599.944491637442
2017-06-28 04:00:00,4617.729662888447
2017-06-28 05:00:00,4643.872801408099
2017-06-28 06:00:00,4785.53055646147
2017-06-28 07:00:00,4853.56071935706
2017-06-28 08:00:00,4744.231799627204
2017-06-28 09:00:00,4684.69761397635
2017-06-28 10:00:00,4688.682788540658
2017-06-28 11:00:00,4683.392464543087
2017-06-28 12:00:00,4669.595367885713
2017-06-28 13:00:00,4664.852668564073
2017-06-28 14:00:00,4667.544189827648
2017-06-28 15:00:00,4646.557884392451
2017-06-28 16:00:00,4655.490994301037
2017-06-28 17:00:00,4671.705743126683
2017-06-28 18:00:00,4671.654812966129
2017-06-28 19:00:00,4653.018508241859
2017-06-28 20:00:00,4669.590444125335
2017-06-28 21:00:00,4722.232976023446
2017-06-28 22:00:00,4749.402393262931
2017-06-28 23:00:00,4504.1556881035785
2017-06-29 00:00:00,4409.901352389808
2017-06-29 01:00:00,4457.64228939455
2017-06-29 02:00:00,4562.033511778042
2017-06-29 03:00:00,4593.1393694540275
2017-06-29 04:00:00,4610.924540705034
2017-06-29 05:00:00,4637.067679224687
2017-06-29 06:00:00,4778.725434278058
2017-06-29 07:00:00,4846.755597173648
2017-06-29 08:00:00,4737.426677443792
2017-06-29 09:00:00,4678.471568369498
2017-06-29 10:00:00,4683.336747835708
2017-06-29 11:00:00,4678.0464238381355
2017-06-29 12:00:00,4664.2493271807625
2017-06-29 13:00:00,4659.506627859121
2017-06-29 14:00:00,4662.198149122697
2017-06-29 15:00:00,4641.19112900272
2017-06-29 16:00:00,4650.124238911306
2017-06-29 17:00:00,4666.338987736951
2017-06-29 18:00:00,4666.2880575763975
2017-06-29 19:00:00,4647.732167488572
2017-06-29 20:00:00,4664.322230682632
2017-06-29 21:00:00,4716.964762580744
2017-06-29 22:00:00,4747.486686639771
2017-06-29 23:00:00,4504.84903655105
2017-06-30 00:00:00,4408.972338214824
2017-06-30 01:00:00,4450.553088718628
2017-06-30 02:00:00,4551.6208517951
2017-06-30 03:00:00,4582.726709471083
2017-06-30 04:00:00,4600.9575426302445
2017-06-30 05:00:00,4627.392692282578
2017-06-30 06:00:00,4767.783511762527
2017-06-30 07:00:00,4831.277407616117
2017-06-30 08:00:00,4727.388823639331
2017-06-30 09:00:00,4676.925924968451
2017-06-30 10:00:00,4681.171141140239
2017-06-30 11:00:00,4686.296500218443
2017-06-30 12:00:00,4670.828173655909
2017-06-30 13:00:00,4666.18573974216
2017-06-30 14:00:00,4670.545012635184
2017-06-30 15:00:00,4649.537992515207
2017-06-30 16:00:00,4656.3482174526525
2017-06-30 17:00:00,4672.749721411035
2017-06-30 18:00:00,4666.946330375897
2017-06-30 19:00:00,4645.568500611907
2017-06-30 20:00:00,4655.614695915609
2017-06-30 21:00:00,4705.981564358338
2017-06-30 22:00:00,4753.613577217784
2017-06-30 23:00:00,4536.360128288466
2017-07-01 00:00:00,4401.546090804694
2017-07-01 01:00:00,4431.345287545411
2017-07-01 02:00:00,4525.228116321157
2017-07-01 03:00:00,4556.447533466988
2017-07-01 04:00:00,4574.864117481524
2017-07-01 05:00:00,4585.32081192908
2017-07-01 06:00:00,4648.544097226186
2017-07-01 07:00:00,4645.084759005918
2017-07-01 08:00:00,4698.744329950173
2017-07-01 09:00:00,4721.640305132917
2017-07-01 10:00:00,4706.684103332491
2017-07-01 11:00:00,4677.148757918905
2017-07-01 12:00:00,4659.156281758034
2017-07-01 13:00:00,4656.870422145337
2017-07-01 14:00:00,4652.715260450925
2017-07-01 15:00:00,4644.157500086452
2017-07-01 16:00:00,4656.87230791571
2017-07-01 17:00:00,4679.721991345211
2017-07-01 18:00:00,4673.056495161261
2017-07-01 19:00:00,4656.349502141773
2017-07-01 20:00:00,4666.395697445474
2017-07-01 21:00:00,4708.504459935793
2017-07-01 22:00:00,4750.304522925366
2017-07-01 23:00:00,4544.405821329717
2017-07-02 00:00:00,4412.1006533688
2017-07-02 01:00:00,4434.290692557165
2017-07-02 02:00:00,4526.911605366457
2017-07-02 03:00:00,4558.131022512288
2017-07-02 04:00:00,4580.415887892752
2017-07-02 05:00:00,4587.232155271529
2017-07-02 06:00:00,4652.289256561398
2017-07-02 07:00:00,4648.414563620017
2017-07-02 08:00:00,4699.367059327429
2017-07-02 09:00:00,4723.669946565865
2017-07-02 10:00:00,4692.860597504031
2017-07-02 11:00:00,4659.961548075015
2017-07-02 12:00:00,4663.158508305509
2017-07-02 13:00:00,4665.61288248198
2017-07-02 14:00:00,4655.266328974088
2017-07-02 15:00:00,4646.706560203197
2017-07-02 16:00:00,4660.1365883066865
2017-07-02 17:00:00,4689.7987094933
2017-07-02 18:00:00,4691.369342489836
2017-07-02 19:00:00,4672.344822983859
2017-07-02 20:00:00,4687.873176415812
2017-07-02 21:00:00,4730.912591639855
2017-07-02 22:00:00,4762.2722562242425
2017-07-02 23:00:00,4541.8705103745215
2017-07-03 00:00:00,4458.651329123774
2017-07-03 01:00:00,4504.146855886276
2017-07-03 02:00:00,4615.490665510715
2017-07-03 03:00:00,4651.108414539959
2017-07-03 04:00:00,4668.760547295659
2017-07-03 05:00:00,4706.6998323493945
2017-07-03 06:00:00,4849.364603359259
2017-07-03 07:00:00,4919.960956829144
2017-07-03 08:00:00,4809.340041961687
2017-07-03 09:00:00,4717.3693335312455
2017-07-03 10:00:00,4720.003904096168
2017-07-03 11:00:00,4702.016387108065
2017-07-03 12:00:00,4687.791879652967
2017-07-03 13:00:00,4684.838632226652
2017-07-03 14:00:00,4684.212249105321
2017-07-03 15:00:00,4663.046584401588
2017-07-03 16:00:00,4672.352125698059
2017-07-03 17:00:00,4687.4235925364555
2017-07-03 18:00:00,4682.393035960769
2017-07-03 19:00:00,4667.814975556156
2017-07-03 20:00:00,4683.894668024771
2017-07-03 21:00:00,4727.371368425819
2017-07-03 22:00:00,4747.023187019964
2017-07-03 23:00:00,4503.421119032385
2017-07-04 00:00:00,4404.691438692431
2017-07-04 01:00:00,4450.5691235794875
2017-07-04 02:00:00,4561.396015863577
2017-07-04 03:00:00,4594.36358621119
2017-07-04 04:00:00,4612.148757462194
2017-07-04 05:00:00,4642.493043767546
2017-07-04 06:00:00,4784.097231348931
2017-07-04 07:00:00,4852.127394244521
2017-07-04 08:00:00,4741.700271809152
2017-07-04 09:00:00,4681.836180171089
2017-07-04 10:00:00,4686.875391870371
2017-07-04 11:00:00,4682.921637362892
2017-07-04 12:00:00,4669.124540705519
2017-07-04 13:00:00,4664.381841383878
2017-07-04 14:00:00,4667.073362647454
2017-07-04 15:00:00,4646.087057212258
2017-07-04 16:00:00,4655.020167120843
2017-07-04 17:00:00,4671.33041171594
2017-07-04 18:00:00,4670.134618275967
2017-07-04 19:00:00,4655.959187302369
2017-07-04 20:00:00,4671.616411586963
2017-07-04 21:00:00,4716.000837532667
2017-07-04 22:00:00,4745.439495754907
2017-07-04 23:00:00,4505.560825978161
2017-07-05 00:00:00,4418.534651083791
2017-07-05 01:00:00,4464.224215426439
2017-07-05 02:00:00,4568.615437809932
2017-07-05 03:00:00,4599.721295485919
2017-07-05 04:00:00,4617.506466736923
2017-07-05 05:00:00,4643.649605256576
2017-07-05 06:00:00,4785.307360309947
2017-07-05 07:00:00,4853.337523205538
2017-07-05 08:00:00,4744.032634885175
2017-07-05 09:00:00,4684.498449234321
2017-07-05 10:00:00,4689.537660933602
2017-07-05 11:00:00,4684.669961578627
2017-07-05 12:00:00,4670.8728649212535
2017-07-05 13:00:00,4666.130165599613
2017-07-05 14:00:00,4668.821686863188
2017-07-05 15:00:00,4647.835381427992
2017-07-05 16:00:00,4656.768491336577
2017-07-05 17:00:00,4672.983240162223
2017-07-05 18:00:00,4673.306711853239
2017-07-05 19:00:00,4659.131280879642
2017-07-05 20:00:00,4675.703216763117
2017-07-05 21:00:00,4722.08365492659
2017-07-05 22:00:00,4746.103218767424
2017-07-05 23:00:00,4508.193252006994
2017-07-06 00:00:00,4413.1928596611115
2017-07-06 01:00:00,4458.71286337098
2017-07-06 02:00:00,4563.104085754472
2017-07-06 03:00:00,4594.209943430457
2017-07-06 04:00:00,4611.995114681464
2017-07-06 05:00:00,4638.138253201116
2017-07-06 06:00:00,4779.796008254488
2017-07-06 07:00:00,4847.826171150078
2017-07-06 08:00:00,4738.521282829715
2017-07-06 09:00:00,4679.566173755421
2017-07-06 10:00:00,4684.605385454703
2017-07-06 11:00:00,4679.737686099727
2017-07-06 12:00:00,4665.940589442354
2017-07-06 13:00:00,4661.197890120713
2017-07-06 14:00:00,4663.889411384288
2017-07-06 15:00:00,4642.882391264312
2017-07-06 16:00:00,4651.815501172897
2017-07-06 17:00:00,4668.030249998543
2017-07-06 18:00:00,4668.353721689559
2017-07-06 19:00:00,4654.258705352406
2017-07-06 20:00:00,4670.848768546466
2017-07-06 21:00:00,4717.229206709938
2017-07-06 22:00:00,4742.332036387559
2017-07-06 23:00:00,4507.03112469776
2017-07-07 00:00:00,4412.290968658849
2017-07-07 01:00:00,4451.6507858677805
2017-07-07 02:00:00,4552.718548944253
2017-07-07 03:00:00,4583.824406620236
2017-07-07 04:00:00,4602.055239779397
2017-07-07 05:00:00,4628.49038943173
2017-07-07 06:00:00,4768.881208911679
2017-07-07 07:00:00,4832.375104765269
2017-07-07 08:00:00,4728.510552197978
2017-07-07 09:00:00,4678.047653527096
2017-07-07 10:00:00,4682.466901931956
2017-07-07 11:00:00,4688.014885652757
2017-07-07 12:00:00,4672.546559090223
2017-07-07 13:00:00,4667.904125176474
2017-07-07 14:00:00,4672.263398069498
2017-07-07 15:00:00,4651.256377949521
2017-07-07 16:00:00,4658.066602886967
2017-07-07 17:00:00,4674.46810684535
2017-07-07 18:00:00,4669.039117661781
2017-07-07 19:00:00,4652.1221616484645
2017-07-07 20:00:00,4662.1683569521665
2017-07-07 21:00:00,4706.273131660255
2017-07-07 22:00:00,4748.4860501382955
2017-07-07 23:00:00,4538.569339607899
2017-07-08 00:00:00,4403.72131130944
2017-07-08 01:00:00,4433.520508050158
2017-07-08 02:00:00,4527.403336825903
2017-07-08 03:00:00,4558.622753971735
2017-07-08 04:00:00,4577.03933798627
2017-07-08 05:00:00,4587.496032433826
2017-07-08 06:00:00,4650.719317730933
2017-07-08 07:00:00,4647.259979510664
2017-07-08 08:00:00,4700.943581864413
2017-07-08 09:00:00,4723.8395570471575
2017-07-08 10:00:00,4709.057387479803
2017-07-08 11:00:00,4679.944666708813
2017-07-08 12:00:00,4661.952190547942
2017-07-08 13:00:00,4659.666330935245
2017-07-08 14:00:00,4655.511169240833
2017-07-08 15:00:00,4646.953408876361
2017-07-08 16:00:00,4659.668216705619
2017-07-08 17:00:00,4682.517900135119
2017-07-08 18:00:00,4676.226805802739
2017-07-08 19:00:00,4659.519812783251
2017-07-08 20:00:00,4669.566008086953
2017-07-08 21:00:00,4713.670782795041
2017-07-08 22:00:00,4750.051751403207
2017-07-08 23:00:00,4545.473027683587
2017-07-09 00:00:00,4416.140438229264
2017-07-09 01:00:00,4438.330477417629
2017-07-09 02:00:00,4530.951390226921
2017-07-09 03:00:00,4562.170807372751
2017-07-09 04:00:00,4584.455672753216
2017-07-09 05:00:00,4591.271940131994
2017-07-09 06:00:00,4656.329041421863
2017-07-09 07:00:00,4652.454348480481
2017-07-09 08:00:00,4703.430875597387
2017-07-09 09:00:00,4727.733762835823
2017-07-09 10:00:00,4696.892379434885
2017-07-09 11:00:00,4664.415954648466
2017-07-09 12:00:00,4667.61291487896
2017-07-09 13:00:00,4670.067289055431
2017-07-09 14:00:00,4659.720735547538
2017-07-09 15:00:00,4651.160966776648
2017-07-09 16:00:00,4664.590994880137
2017-07-09 17:00:00,4694.25311606675
2017-07-09 18:00:00,4695.823749063286
2017-07-09 19:00:00,4676.799229557309
2017-07-09 20:00:00,4692.327582989263
2017-07-09 21:00:00,4737.363010431075
2017-07-09 22:00:00,4763.303580634057
2017-07-09 23:00:00,4544.221812660364
2017-07-10 00:00:00,4461.154927553441
2017-07-10 01:00:00,4507.0778999594995
2017-07-10 02:00:00,4618.4217095839385
2017-07-10 03:00:00,4654.039458613182
2017-07-10 04:00:00,4671.691591368883
2017-07-10 05:00:00,4709.630876422618
2017-07-10 06:00:00,4852.295647432482
2017-07-10 07:00:00,4922.892000902368
2017-07-10 08:00:00,4812.295117444404
2017-07-10 09:00:00,4720.3244090139615
2017-07-10 10:00:00,4722.926945239781
2017-07-10 11:00:00,4705.362052894274
2017-07-10 12:00:00,4691.137545439176
2017-07-10 13:00:00,4688.184298012862
2017-07-10 14:00:00,4687.55791489153
2017-07-10 15:00:00,4666.392250187798
2017-07-10 16:00:00,4675.697791484269
2017-07-10 17:00:00,4690.769258322665
2017-07-10 18:00:00,4685.738701746979
2017-07-10 19:00:00,4671.160641342365
2017-07-10 20:00:00,4687.24033381098
2017-07-10 21:00:00,4732.713046429798
2017-07-10 22:00:00,4746.945770642537
2017-07-10 23:00:00,4504.663680530986
2017-07-11 00:00:00,4409.719425768601
2017-07-11 01:00:00,4456.024556299213
2017-07-11 02:00:00,4566.851448583303
2017-07-11 03:00:00,4599.819018930914
2017-07-11 04:00:00,4617.604190181919
2017-07-11 05:00:00,4647.94847648727
2017-07-11 06:00:00,4789.552664068656
2017-07-11 07:00:00,4857.582826964246
2017-07-11 08:00:00,4749.050035811796
2017-07-11 09:00:00,4689.185944173734
2017-07-11 10:00:00,4694.225155873016
2017-07-11 11:00:00,4690.694026008135
2017-07-11 12:00:00,4676.896929350762
2017-07-11 13:00:00,4672.15423002912
2017-07-11 14:00:00,4674.845751292695
2017-07-11 15:00:00,4653.8594458575
2017-07-11 16:00:00,4662.792555766085
2017-07-11 17:00:00,4679.102800361181
2017-07-11 18:00:00,4677.907006921208
2017-07-11 19:00:00,4663.731575947611
2017-07-11 20:00:00,4679.3888002322055
2017-07-11 21:00:00,4725.769238395678
2017-07-11 22:00:00,4749.788802236512
2017-07-11 23:00:00,4507.506712124961
2017-07-12 00:00:00,4417.726796321367
2017-07-12 01:00:00,4463.843806307573
2017-07-12 02:00:00,4568.235028691065
2017-07-12 03:00:00,4599.340886367052
2017-07-12 04:00:00,4617.126057618057
2017-07-12 05:00:00,4643.2691961377095
2017-07-12 06:00:00,4784.926951191081
2017-07-12 07:00:00,4852.957114086671
2017-07-12 08:00:00,4743.652225766308
2017-07-12 09:00:00,4684.118040115454
2017-07-12 10:00:00,4689.157251814735
2017-07-12 11:00:00,4684.289552459761
2017-07-12 12:00:00,4670.492455802387
2017-07-12 13:00:00,4665.749756480746
2017-07-12 14:00:00,4668.441277744321
2017-07-12 15:00:00,4647.454972309125
2017-07-12 16:00:00,4656.388082217711
2017-07-12 17:00:00,4672.602831043357
2017-07-12 18:00:00,4672.926302734372
2017-07-12 19:00:00,4658.750871760775
2017-07-12 20:00:00,4675.32280764425
2017-07-12 21:00:00,4721.703245807723
2017-07-12 22:00:00,4745.722809648557
2017-07-12 23:00:00,4507.812842888127
2017-07-13 00:00:00,4412.385004898688
2017-07-13 01:00:00,4458.332454252113
2017-07-13 02:00:00,4562.723676635605
2017-07-13 03:00:00,4593.829534311591
2017-07-13 04:00:00,4611.614705562597
2017-07-13 05:00:00,4637.757844082249
2017-07-13 06:00:00,4779.415599135621
2017-07-13 07:00:00,4847.445762031211
2017-07-13 08:00:00,4738.140873710849
2017-07-13 09:00:00,4679.185764636554
2017-07-13 10:00:00,4684.224976335836
2017-07-13 11:00:00,4679.357276980861
2017-07-13 12:00:00,4665.560180323488
2017-07-13 13:00:00,4660.817481001846
2017-07-13 14:00:00,4663.509002265421
2017-07-13 15:00:00,4642.501982145445
2017-07-13 16:00:00,4651.43509205403
2017-07-13 17:00:00,4667.649840879676
2017-07-13 18:00:00,4667.9733125706925
2017-07-13 19:00:00,4653.878296233539
2017-07-13 20:00:00,4670.468359427599
2017-07-13 21:00:00,4716.848797591071
2017-07-13 22:00:00,4741.951627268692
2017-07-13 23:00:00,4506.650715578894
2017-07-14 00:00:00,4411.763650625989
2017-07-14 01:00:00,4452.07858974428
2017-07-14 02:00:00,4552.190552523756
2017-07-14 03:00:00,4583.2964101997395
2017-07-14 04:00:00,4601.527243358901
2017-07-14 05:00:00,4627.962393011234
2017-07-14 06:00:00,4768.353212491183
2017-07-14 07:00:00,4831.847108344773
2017-07-14 08:00:00,4727.982555777481
2017-07-14 09:00:00,4677.519657106601
2017-07-14 10:00:00,4681.93890551146
2017-07-14 11:00:00,4687.486889232261
2017-07-14 12:00:00,4672.018562669727
2017-07-14 13:00:00,4667.376128755977
2017-07-14 14:00:00,4671.735401649002
2017-07-14 15:00:00,4650.728381529026
2017-07-14 16:00:00,4657.538606466471
2017-07-14 17:00:00,4673.940110424854
2017-07-14 18:00:00,4668.511121241285
2017-07-14 19:00:00,4647.60103947782
2017-07-14 20:00:00,4657.6472347815225
2017-07-14 21:00:00,4708.310981545924
2017-07-14 22:00:00,4750.523900023964
2017-07-14 23:00:00,4535.943608268941
2017-07-15 00:00:00,4403.243384698428
2017-07-15 01:00:00,4433.997703348505
2017-07-15 02:00:00,4526.924731827254
2017-07-15 03:00:00,4558.144148973085
2017-07-15 04:00:00,4576.560732987621
2017-07-15 05:00:00,4587.017427435177
2017-07-15 06:00:00,4650.240712732283
2017-07-15 07:00:00,4646.781374512015
2017-07-15 08:00:00,4700.464976865764
2017-07-15 09:00:00,4723.360952048508
2017-07-15 10:00:00,4708.578782481152
2017-07-15 11:00:00,4679.466061710164
2017-07-15 12:00:00,4661.473585549293
2017-07-15 13:00:00,4659.187725936596
2017-07-15 14:00:00,4655.032564242183
2017-07-15 15:00:00,4646.474803877711
2017-07-15 16:00:00,4659.189611706968
2017-07-15 17:00:00,4682.039295136469
2017-07-15 18:00:00,4675.74820080409
2017-07-15 19:00:00,4655.048082034454
2017-07-15 20:00:00,4665.094277338156
2017-07-15 21:00:00,4715.758024102557
2017-07-15 22:00:00,4752.138992710723
2017-07-15 23:00:00,4542.896687766475
2017-07-16 00:00:00,4415.737965129572
2017-07-16 01:00:00,4438.883126227297
2017-07-16 02:00:00,4530.548238739592
2017-07-16 03:00:00,4561.767655885424
2017-07-16 04:00:00,4584.052521265889
2017-07-16 05:00:00,4590.868788644666
2017-07-16 06:00:00,4655.925889934534
2017-07-16 07:00:00,4652.051196993153
2017-07-16 08:00:00,4703.027724110058
2017-07-16 09:00:00,4727.330611348495
2017-07-16 10:00:00,4693.747891587572
2017-07-16 11:00:00,4661.271466801153
2017-07-16 12:00:00,4667.323882442573
2017-07-16 13:00:00,4669.7782566190435
2017-07-16 14:00:00,4659.431703111152
2017-07-16 15:00:00,4650.871934340261
2017-07-16 16:00:00,4664.301962443751
2017-07-16 17:00:00,4693.964083630364
2017-07-16 18:00:00,4695.5347166269
2017-07-16 19:00:00,4672.517071370776
2017-07-16 20:00:00,4688.045424802729
2017-07-16 21:00:00,4739.639824300854
2017-07-16 22:00:00,4765.580394503835
2017-07-16 23:00:00,4541.835045305515
2017-07-17 00:00:00,4461.381287113717
2017-07-17 01:00:00,4507.83193578558
2017-07-17 02:00:00,4618.219945113023
2017-07-17 03:00:00,4653.837694142266
2017-07-17 04:00:00,4671.489826897966
2017-07-17 05:00:00,4709.429111951702
2017-07-17 06:00:00,4852.093882961565
2017-07-17 07:00:00,4922.690236431451
2017-07-17 08:00:00,4812.0933529734875
2017-07-17 09:00:00,4720.122644543046
2017-07-17 10:00:00,4722.661670512746
2017-07-17 11:00:00,4705.09677816724
2017-07-17 12:00:00,4690.793595735691
2017-07-17 13:00:00,4687.840348309377
2017-07-17 14:00:00,4687.213965188045
2017-07-17 15:00:00,4666.048300484313
2017-07-17 16:00:00,4675.353841780784
2017-07-17 17:00:00,4690.42530861918
2017-07-17 18:00:00,4685.394752043494
2017-07-17 19:00:00,4667.754738491381
2017-07-17 20:00:00,4683.834430959996
2017-07-17 21:00:00,4735.247513965546
2017-07-17 22:00:00,4749.480238178285
2017-07-17 23:00:00,4502.534566842108
2017-07-18 00:00:00,4409.945785328877
2017-07-18 01:00:00,4456.7785921252935
2017-07-18 02:00:00,4566.649684112386
2017-07-18 03:00:00,4599.617254459998
2017-07-18 04:00:00,4617.402425711003
2017-07-18 05:00:00,4647.746712016355
2017-07-18 06:00:00,4789.35089959774
2017-07-18 07:00:00,4857.38106249333
2017-07-18 08:00:00,4748.84827134088
2017-07-18 09:00:00,4688.984179702818
2017-07-18 10:00:00,4693.959881145981
2017-07-18 11:00:00,4690.428751281101
2017-07-18 12:00:00,4676.5529796472765
2017-07-18 13:00:00,4671.810280325635
2017-07-18 14:00:00,4674.50180158921
2017-07-18 15:00:00,4653.515496154015
2017-07-18 16:00:00,4662.4486060625995
2017-07-18 17:00:00,4678.758850657696
2017-07-18 18:00:00,4677.563057217723
2017-07-18 19:00:00,4660.325673096628
2017-07-18 20:00:00,4675.982897381222
2017-07-18 21:00:00,4728.303705931426
2017-07-18 22:00:00,4752.323269772261
2017-07-18 23:00:00,4505.377598436082
2017-07-19 00:00:00,4418.942924503839
2017-07-19 01:00:00,4465.587610755848
2017-07-19 02:00:00,4569.023032842344
2017-07-19 03:00:00,4600.128890518331
2017-07-19 04:00:00,4617.914061769336
2017-07-19 05:00:00,4644.0572002889885
2017-07-19 06:00:00,4785.71495534236
2017-07-19 07:00:00,4853.74511823795
2017-07-19 08:00:00,4740.807175397706
2017-07-19 09:00:00,4684.085093987919
2017-07-19 10:00:00,4689.060795431083
2017-07-19 11:00:00,4684.193096076107
2017-07-19 12:00:00,4670.317324442283
2017-07-19 13:00:00,4665.574625120643
2017-07-19 14:00:00,4668.266146384218
2017-07-19 15:00:00,4647.2798409490215
2017-07-19 16:00:00,4656.212950857607
2017-07-19 17:00:00,4672.427699683253
2017-07-19 18:00:00,4672.751171374269
2017-07-19 19:00:00,4655.513787253173
2017-07-19 20:00:00,4672.085723136648
2017-07-19 21:00:00,4724.406531686853
2017-07-19 22:00:00,4748.426095527687
2017-07-19 23:00:00,4505.85254754263
2017-07-20 00:00:00,4414.099075024304
2017-07-20 01:00:00,4460.574200643532
2017-07-20 02:00:00,4564.009622730028
2017-07-20 03:00:00,4595.115480406013
2017-07-20 04:00:00,4612.900651657019
2017-07-20 05:00:00,4639.043790176672
2017-07-20 06:00:00,4780.701545230043
2017-07-20 07:00:00,4848.731708125633
2017-07-20 08:00:00,4735.584692242595
2017-07-20 09:00:00,4679.441687409369
2017-07-20 10:00:00,4684.417388852532
2017-07-20 11:00:00,4679.549689497557
2017-07-20 12:00:00,4665.673917863733
2017-07-20 13:00:00,4660.931218542092
2017-07-20 14:00:00,4663.622739805667
2017-07-20 15:00:00,4642.615719685691
2017-07-20 16:00:00,4651.548829594276
2017-07-20 17:00:00,4667.763578419922
2017-07-20 18:00:00,4668.0870501109375
2017-07-20 19:00:00,4650.930080626285
2017-07-20 20:00:00,4665.91911136823
2017-07-20 21:00:00,4729.070833791352
2017-07-20 22:00:00,4740.754192962985
2017-07-20 23:00:00,4500.789700048561
2017-07-21 00:00:00,4413.170060849318
2017-07-21 01:00:00,4453.48499996761
2017-07-21 02:00:00,4553.596962747085
2017-07-21 03:00:00,4584.702820423068
2017-07-21 04:00:00,4602.93365358223
2017-07-21 05:00:00,4629.3688032345635
2017-07-21 06:00:00,4769.759622714512
2017-07-21 07:00:00,4833.253518568102
2017-07-21 08:00:00,4725.546838438135
2017-07-21 09:00:00,4677.896044008322
2017-07-21 10:00:00,4682.251782157064
2017-07-21 11:00:00,4687.799765877864
2017-07-21 12:00:00,4672.252764338879
2017-07-21 13:00:00,4667.61033042513
2017-07-21 14:00:00,4671.969603318154
2017-07-21 15:00:00,4650.9625831981775
2017-07-21 16:00:00,4657.772808135624
2017-07-21 17:00:00,4674.174312094006
2017-07-21 18:00:00,4668.745322910438
2017-07-21 19:00:00,4648.766413749622
2017-07-21 20:00:00,4657.2115766012075
2017-07-21 21:00:00,4718.087635568946
2017-07-21 22:00:00,4746.881083540999
2017-07-21 23:00:00,4532.300791785976
2017-07-22 00:00:00,4404.580736409856
2017-07-22 01:00:00,4435.335055059933
2017-07-22 02:00:00,4528.262083538682
2017-07-22 03:00:00,4559.481500684514
2017-07-22 04:00:00,4577.898084699048
2017-07-22 05:00:00,4588.354779146605
2017-07-22 06:00:00,4651.578064443711
2017-07-22 07:00:00,4648.1187262234425
2017-07-22 08:00:00,4697.960201014516
2017-07-22 09:00:00,4723.668280438328
2017-07-22 10:00:00,4708.822600614855
2017-07-22 11:00:00,4679.7098798438665
2017-07-22 12:00:00,4661.6387287065445
2017-07-22 13:00:00,4659.352869093847
2017-07-22 14:00:00,4655.197707399435
2017-07-22 15:00:00,4646.6399470349625
2017-07-22 16:00:00,4659.354754864221
2017-07-22 17:00:00,4682.204438293721
2017-07-22 18:00:00,4675.9133439613415
2017-07-22 19:00:00,4656.1443977943545
2017-07-22 20:00:00,4664.58956064594
2017-07-22 21:00:00,4725.465619613678
2017-07-22 22:00:00,4748.427117715857
2017-07-22 23:00:00,4539.18481277161
2017-07-23 00:00:00,4417.035221473368
2017-07-23 01:00:00,4440.180382571094
2017-07-23 02:00:00,4531.845495083389
2017-07-23 03:00:00,4563.064912229221
2017-07-23 04:00:00,4585.349777609685
2017-07-23 05:00:00,4592.166044988462
2017-07-23 06:00:00,4657.223146278331
2017-07-23 07:00:00,4653.348453336949
2017-07-23 08:00:00,4700.48285289118
2017-07-23 09:00:00,4727.597844370684
2017-07-23 10:00:00,4694.01512460976
2017-07-23 11:00:00,4661.538699823342
2017-07-23 12:00:00,4667.591115464762
2017-07-23 13:00:00,4670.045489641233
2017-07-23 14:00:00,4659.698936133341
2017-07-23 15:00:00,4651.13916736245
2017-07-23 16:00:00,4664.56919546594
2017-07-23 17:00:00,4694.231316652553
2017-07-23 18:00:00,4695.801949649089
2017-07-23 19:00:00,4673.715476995613
2017-07-23 20:00:00,4687.642797975451
2017-07-23 21:00:00,4749.449509676912
2017-07-23 22:00:00,4761.970609373907
2017-07-23 23:00:00,4538.225260175588
2017-07-24 00:00:00,4462.367859626223
2017-07-24 01:00:00,4508.818508298085
2017-07-24 02:00:00,4619.206517625527
2017-07-24 03:00:00,4654.824266654771
2017-07-24 04:00:00,4672.4763994104715
2017-07-24 05:00:00,4710.415684464207
2017-07-24 06:00:00,4853.080455474071
2017-07-24 07:00:00,4923.7204077842225
2017-07-24 08:00:00,4809.281396763584
2017-07-24 09:00:00,4720.652829293849
2017-07-24 10:00:00,4723.191855263551
2017-07-24 11:00:00,4705.626962918043
2017-07-24 12:00:00,4691.323780486495
2017-07-24 13:00:00,4688.370533060181
2017-07-24 14:00:00,4687.744149938849
2017-07-24 15:00:00,4666.578485235117
2017-07-24 16:00:00,4675.884026531588
2017-07-24 17:00:00,4690.955493369984
2017-07-24 18:00:00,4685.9249367942975
2017-07-24 19:00:00,4668.284923242186
2017-07-24 20:00:00,4682.833582207193
2017-07-24 21:00:00,4745.077579085661
2017-07-24 22:00:00,4745.890832792413
2017-07-24 23:00:00,4498.945161456236
2017-07-25 00:00:00,4412.325969464357
2017-07-25 01:00:00,4459.158776260773
2017-07-25 02:00:00,4569.029868247866
2017-07-25 03:00:00,4601.997438595477
2017-07-25 04:00:00,4619.782609846482
2017-07-25 05:00:00,4650.126896151834
2017-07-25 06:00:00,4791.731083733219
2017-07-25 07:00:00,4859.804845469075
2017-07-25 08:00:00,4745.494344177346
2017-07-25 09:00:00,4688.972393499991
2017-07-25 10:00:00,4693.9480949431545
2017-07-25 11:00:00,4690.416965078273
2017-07-25 12:00:00,4676.541193444449
2017-07-25 13:00:00,4671.798494122809
2017-07-25 14:00:00,4674.490015386384
2017-07-25 15:00:00,4653.503709951187
2017-07-25 16:00:00,4662.436819859773
2017-07-25 17:00:00,4678.747064454869
2017-07-25 18:00:00,4677.551271014897
2017-07-25 19:00:00,4660.313886893801
2017-07-25 20:00:00,4678.839407561087
2017-07-25 21:00:00,4749.104103951867
2017-07-25 22:00:00,4736.859064705007
2017-07-25 23:00:00,4501.820490509801
2017-07-26 00:00:00,4420.333340017124
2017-07-26 01:00:00,4466.978026269133
2017-07-26 02:00:00,4570.41344835563
2017-07-26 03:00:00,4601.519306031615
2017-07-26 04:00:00,4619.30447728262
2017-07-26 05:00:00,4645.447615802273
2017-07-26 06:00:00,4787.105370855644
2017-07-26 07:00:00,4855.1791325915
2017-07-26 08:00:00,4740.096534131858
2017-07-26 09:00:00,4683.904489441711
2017-07-26 10:00:00,4688.8801908848745
2017-07-26 11:00:00,4684.012491529899
2017-07-26 12:00:00,4670.136719896075
2017-07-26 13:00:00,4665.394020574434
2017-07-26 14:00:00,4668.08554183801
2017-07-26 15:00:00,4647.099236402813
2017-07-26 16:00:00,4656.032346311399
2017-07-26 17:00:00,4672.247095137044
2017-07-26 18:00:00,4672.570566828061
2017-07-26 19:00:00,4655.333182706965
2017-07-26 20:00:00,4674.773414973131
2017-07-26 21:00:00,4745.038111363912
2017-07-26 22:00:00,4732.793072117051
2017-07-26 23:00:00,4502.126621272967
2017-07-27 00:00:00,4415.427512484352
2017-07-27 01:00:00,4461.90263810358
2017-07-27 02:00:00,4565.338060190076
2017-07-27 03:00:00,4596.443917866061
2017-07-27 04:00:00,4614.229089117067
2017-07-27 05:00:00,4640.37222763672
2017-07-27 06:00:00,4782.029982690091
2017-07-27 07:00:00,4852.709848972569
2017-07-27 08:00:00,4720.633468687689
2017-07-27 09:00:00,4679.639622346718
2017-07-27 10:00:00,4684.615323789882
2017-07-27 11:00:00,4679.747624434906
2017-07-27 12:00:00,4665.871852801083
2017-07-27 13:00:00,4661.129153479442
2017-07-27 14:00:00,4663.820674743017
2017-07-27 15:00:00,4642.81365462304
2017-07-27 16:00:00,4651.746764531626
2017-07-27 17:00:00,4667.9615133572715
2017-07-27 18:00:00,4668.284985048287
2017-07-27 19:00:00,4651.128015563635
2017-07-27 20:00:00,4670.586375140388
2017-07-27 21:00:00,4740.851071531168
2017-07-27 22:00:00,4729.689298121094
2017-07-27 23:00:00,4501.631902347641
2017-07-28 00:00:00,4414.476224989673
2017-07-28 01:00:00,4454.7911641079645
2017-07-28 02:00:00,4554.90312688744
2017-07-28 03:00:00,4586.008984563423
2017-07-28 04:00:00,4604.239817722584
2017-07-28 05:00:00,4630.674967374917
2017-07-28 06:00:00,4771.065786854866
2017-07-28 07:00:00,4837.209386095343
2017-07-28 08:00:00,4710.573341563535
2017-07-28 09:00:00,4678.071705625977
2017-07-28 10:00:00,4682.427443774719
2017-07-28 11:00:00,4687.975427495519
2017-07-28 12:00:00,4672.428425956535
2017-07-28 13:00:00,4667.785992042785
2017-07-28 14:00:00,4672.14526493581
2017-07-28 15:00:00,4651.138244815834
2017-07-28 16:00:00,4657.948469753279
2017-07-28 17:00:00,4674.349973711662
2017-07-28 18:00:00,4668.920984528093
2017-07-28 19:00:00,4648.9420753672775
2017-07-28 20:00:00,4661.856567053671
2017-07-28 21:00:00,4729.8455999890675
2017-07-28 22:00:00,4735.793915379413
2017-07-28 23:00:00,4533.120720765362
2017-07-29 00:00:00,4405.955959062111
2017-07-29 01:00:00,4436.710277712188
2017-07-29 02:00:00,4529.637306190937
2017-07-29 03:00:00,4560.8567233367685
2017-07-29 04:00:00,4579.273307351303
2017-07-29 05:00:00,4589.730001798859
2017-07-29 06:00:00,4652.953287095966
2017-07-29 07:00:00,4652.1436522625845
2017-07-29 08:00:00,4683.055762651817
2017-07-29 09:00:00,4723.913000567884
2017-07-29 10:00:00,4709.0673207444115
2017-07-29 11:00:00,4679.954599973423
2017-07-29 12:00:00,4661.883448836101
2017-07-29 13:00:00,4659.597589223404
2017-07-29 14:00:00,4655.442427528991
2017-07-29 15:00:00,4646.884667164519
2017-07-29 16:00:00,4659.599474993776
2017-07-29 17:00:00,4682.449158423277
2017-07-29 18:00:00,4676.158064090898
2017-07-29 19:00:00,4656.389117923911
2017-07-29 20:00:00,4669.303609610304
2017-07-29 21:00:00,4737.292642545701
2017-07-29 22:00:00,4737.409008066172
2017-07-29 23:00:00,4540.073800262897
2017-07-30 00:00:00,4418.487490340776
2017-07-30 01:00:00,4441.632651438501
2017-07-30 02:00:00,4533.297763950796
2017-07-30 03:00:00,4564.517181096628
2017-07-30 04:00:00,4586.802046477091
2017-07-30 05:00:00,4593.618313855868
2017-07-30 06:00:00,4658.675415145737
2017-07-30 07:00:00,4657.4504255912425
2017-07-30 08:00:00,4685.655460743632
2017-07-30 09:00:00,4727.919610715392
2017-07-30 10:00:00,4694.336890954468
2017-07-30 11:00:00,4661.86046616805
2017-07-30 12:00:00,4667.9128818094705
2017-07-30 13:00:00,4670.367255985941
2017-07-30 14:00:00,4660.020702478049
2017-07-30 15:00:00,4651.460933707158
2017-07-30 16:00:00,4664.890961810648
2017-07-30 17:00:00,4694.55308299726
2017-07-30 18:00:00,4696.123715993797
2017-07-30 19:00:00,4674.037243340321
2017-07-30 20:00:00,4692.433893154966
2017-07-30 21:00:00,4761.353578824087
2017-07-30 22:00:00,4751.029545939373
2017-07-30 23:00:00,4539.191293882026
2017-07-31 00:00:00,4464.592048921308
2017-07-31 01:00:00,4511.0426975931705
2017-07-31 02:00:00,4621.277095589972
2017-07-31 03:00:00,4656.894844619216
2017-07-31 04:00:00,4674.546977374916
2017-07-31 05:00:00,4712.486262428652
2017-07-31 06:00:00,4855.151033438516
2017-07-31 07:00:00,4928.397090295289
2017-07-31 08:00:00,4795.028714872808
2017-07-31 09:00:00,4721.01926917569
2017-07-31 10:00:00,4723.558295145391
2017-07-31 11:00:00,4705.993402799884
2017-07-31 12:00:00,4691.690220368336
2017-07-31 13:00:00,4688.736972942021
2017-07-31 14:00:00,4688.110589820689
2017-07-31 15:00:00,4666.944925116957
2017-07-31 16:00:00,4676.250466413428
2017-07-31 17:00:00,4691.321933251825
2017-07-31 18:00:00,4686.291376676138
2017-07-31 19:00:00,4668.651363124026
2017-07-31 20:00:00,4687.599351975332
2017-07-31 21:00:00,4756.956322821458
2017-07-31 22:00:00,4734.924443946502
2017-07-31 23:00:00,4499.885869751297
2017-08-01 00:00:00,4416.4875109375935
2017-08-01 01:00:00,4460.645640330571
2017-08-01 02:00:00,4570.363120987025
2017-08-01 03:00:00,4603.330691334635
2017-08-01 04:00:00,4621.11586258564
2017-08-01 05:00:00,4651.460148890992
2017-08-01 06:00:00,4793.064336472376
2017-08-01 07:00:00,4863.744202754854
2017-08-01 08:00:00,4732.439919637887
2017-08-01 09:00:00,4690.537090733149
2017-08-01 10:00:00,4695.512792176312
2017-08-01 11:00:00,4691.981662311431
2017-08-01 12:00:00,4678.105890677607
2017-08-01 13:00:00,4673.363191355966
2017-08-01 14:00:00,4676.0547126195415
2017-08-01 15:00:00,4655.0357649492125
2017-08-01 16:00:00,4663.968874857798
2017-08-01 17:00:00,4680.2791194528945
2017-08-01 18:00:00,4679.083326012922
2017-08-01 19:00:00,4659.8083362044545
2017-08-01 20:00:00,4684.017130071537
2017-08-01 21:00:00,4756.491185537509
2017-08-01 22:00:00,4732.557175718461
2017-08-01 23:00:00,4506.310023468119
2017-08-02 00:00:00,4423.8213829121805
2017-08-02 01:00:00,4467.791391760749
2017-08-02 02:00:00,4571.073202516607
2017-08-02 03:00:00,4602.179060192591
2017-08-02 04:00:00,4619.964231443596
2017-08-02 05:00:00,4646.107369963249
2017-08-02 06:00:00,4787.76512501662
2017-08-02 07:00:00,4865.589962769746
2017-08-02 08:00:00,4725.89961906528
2017-08-02 09:00:00,4684.326696147749
2017-08-02 10:00:00,4689.302397590913
2017-08-02 11:00:00,4684.4346982359375
2017-08-02 12:00:00,4670.558926602113
2017-08-02 13:00:00,4665.816227280472
2017-08-02 14:00:00,4668.507748544048
2017-08-02 15:00:00,4647.488800873719
2017-08-02 16:00:00,4656.421910782305
2017-08-02 17:00:00,4672.63665960795
2017-08-02 18:00:00,4672.960131298966
2017-08-02 19:00:00,4653.685141490499
2017-08-02 20:00:00,4678.808646956463
2017-08-02 21:00:00,4754.56334359756
2017-08-02 22:00:00,4726.474250406818
2017-08-02 23:00:00,4504.599221507598
2017-08-03 00:00:00,4418.787543332197
2017-08-03 01:00:00,4462.587991547985
2017-08-03 02:00:00,4565.869802303841
2017-08-03 03:00:00,4596.975659979827
2017-08-03 04:00:00,4614.760831230833
2017-08-03 05:00:00,4640.903969750485
2017-08-03 06:00:00,4782.561724803856
2017-08-03 07:00:00,4860.386562556983
2017-08-03 08:00:00,4717.971356196768
2017-08-03 09:00:00,4676.9775098557975
2017-08-03 10:00:00,4681.953211298961
2017-08-03 11:00:00,4679.198501801838
2017-08-03 12:00:00,4665.322730168014
2017-08-03 13:00:00,4660.580030846373
2017-08-03 14:00:00,4663.271552109948
2017-08-03 15:00:00,4642.231889754838
2017-08-03 16:00:00,4651.164999663424
2017-08-03 17:00:00,4667.37974848907
2017-08-03 18:00:00,4667.703220180086
2017-08-03 19:00:00,4648.508645008063
2017-08-03 20:00:00,4673.650277784612
2017-08-03 21:00:00,4753.246701847771
2017-08-03 22:00:00,4721.56255260838
2017-08-03 23:00:00,4502.296578779791
2017-08-04 00:00:00,4417.858529157212
2017-08-04 01:00:00,4455.498790872064
2017-08-04 02:00:00,4555.457142320899
2017-08-04 03:00:00,4586.562999996882
2017-08-04 04:00:00,4604.793833156044
2017-08-04 05:00:00,4631.228982808377
2017-08-04 06:00:00,4771.619802288325
2017-08-04 07:00:00,4844.908372999452
2017-08-04 08:00:00,4707.933502392308
2017-08-04 09:00:00,4675.43186645475
2017-08-04 10:00:00,4679.787604603492
2017-08-04 11:00:00,4687.448578182145
2017-08-04 12:00:00,4671.90157664316
2017-08-04 13:00:00,4667.259142729411
2017-08-04 14:00:00,4671.618415622435
2017-08-04 15:00:00,4650.578753267326
2017-08-04 16:00:00,4657.388978204772
2017-08-04 17:00:00,4673.790482163155
2017-08-04 18:00:00,4668.361492979586
2017-08-04 19:00:00,4646.344978131398
2017-08-04 20:00:00,4664.942743017589
2017-08-04 21:00:00,4742.263503625365
2017-08-04 22:00:00,4727.689443186394
2017-08-04 23:00:00,4533.807670517206
2017-08-05 00:00:00,4409.33847032978
2017-08-05 01:00:00,4437.418111576417
2017-08-05 02:00:00,4530.191528724526
2017-08-05 03:00:00,4561.410945870357
2017-08-05 04:00:00,4579.827529884891
2017-08-05 05:00:00,4590.2842243324485
2017-08-05 06:00:00,4653.507509629554
2017-08-05 07:00:00,4659.842846266823
2017-08-05 08:00:00,4680.416130580719
2017-08-05 09:00:00,4721.273368496787
2017-08-05 10:00:00,4706.427688673313
2017-08-05 11:00:00,4679.4279577601765
2017-08-05 12:00:00,4661.356806622855
2017-08-05 13:00:00,4659.070947010158
2017-08-05 14:00:00,4654.915785315745
2017-08-05 15:00:00,4646.325382716141
2017-08-05 16:00:00,4659.040190545398
2017-08-05 17:00:00,4681.889873974898
2017-08-05 18:00:00,4675.092564832239
2017-08-05 19:00:00,4653.286012977881
2017-08-05 20:00:00,4671.883777864072
2017-08-05 21:00:00,4758.738212235896
2017-08-05 22:00:00,4719.01724030322
2017-08-05 23:00:00,4540.0051514104925
2017-08-06 00:00:00,4422.4794357718465
2017-08-06 01:00:00,4442.949919466132
2017-08-06 02:00:00,4534.461420647787
2017-08-06 03:00:00,4565.680837793619
2017-08-06 04:00:00,4587.965703174083
2017-08-06 05:00:00,4594.781970552859
2017-08-06 06:00:00,4659.839071842729
2017-08-06 07:00:00,4665.759053758884
2017-08-06 08:00:00,4682.996696184211
2017-08-06 09:00:00,4725.26084615597
2017-08-06 10:00:00,4691.678126395047
2017-08-06 11:00:00,4661.314691466481
2017-08-06 12:00:00,4667.367107107902
2017-08-06 13:00:00,4669.821481284372
2017-08-06 14:00:00,4659.47492777648
2017-08-06 15:00:00,4650.882516770456
2017-08-06 16:00:00,4664.312544873946
2017-08-06 17:00:00,4693.974666060559
2017-08-06 18:00:00,4695.039084246815
2017-08-06 19:00:00,4670.915005905968
2017-08-06 20:00:00,4694.9949289204105
2017-08-06 21:00:00,4786.065111510645
2017-08-06 22:00:00,4726.568305935651
2017-08-06 23:00:00,4533.053172788852
2017-08-07 00:00:00,4467.905743069201
2017-08-07 01:00:00,4511.681714337624
2017-08-07 02:00:00,4621.9161123344265
2017-08-07 03:00:00,4657.53386136367
2017-08-07 04:00:00,4675.185994119371
2017-08-07 05:00:00,4713.125279173106
2017-08-07 06:00:00,4855.79005018297
2017-08-07 07:00:00,4936.181078510393
2017-08-07 08:00:00,4791.84531036085
2017-08-07 09:00:00,4717.835864663732
2017-08-07 10:00:00,4720.374890633432
2017-08-07 11:00:00,4704.922988145778
2017-08-07 12:00:00,4690.619805714229
2017-08-07 13:00:00,4687.666558287915
2017-08-07 14:00:00,4687.040175166583
2017-08-07 15:00:00,4665.841868227718
2017-08-07 16:00:00,4675.147409524189
2017-08-07 17:00:00,4690.218876362585
2017-08-07 18:00:00,4684.682104976619
2017-08-07 19:00:00,4665.004485737136
2017-08-07 20:00:00,4689.635747788239
2017-08-07 21:00:00,4781.143215555479
2017-08-07 22:00:00,4709.842532601863
2017-08-07 23:00:00,4493.1270773172055
2017-08-08 00:00:00,4417.185949734721
2017-08-08 01:00:00,4461.344079127698
2017-08-08 02:00:00,4571.061559784152
2017-08-08 03:00:00,4604.029130131762
2017-08-08 04:00:00,4621.814301382768
2017-08-08 05:00:00,4651.857986089136
2017-08-08 06:00:00,4793.462173670521
2017-08-08 07:00:00,4873.319290964488
2017-08-08 08:00:00,4729.133417631711
2017-08-08 09:00:00,4687.230588726973
2017-08-08 10:00:00,4692.206290170136
2017-08-08 11:00:00,4690.788150163107
2017-08-08 12:00:00,4676.912378529283
2017-08-08 13:00:00,4672.169679207643
2017-08-08 14:00:00,4674.861200471218
2017-08-08 15:00:00,4653.842252800889
2017-08-08 16:00:00,4662.775362709474
2017-08-08 17:00:00,4679.085607304571
2017-08-08 18:00:00,4677.383599054318
2017-08-08 19:00:00,4658.108609245851
2017-08-08 20:00:00,4682.317403112934
2017-08-08 21:00:00,4774.7325964248275
2017-08-08 22:00:00,4713.314784487688
2017-08-08 23:00:00,4496.599329203029
2017-08-09 00:00:00,4425.115790659874
2017-08-09 01:00:00,4469.0857995084425
2017-08-09 02:00:00,4572.3676102643
2017-08-09 03:00:00,4603.4734679402845
2017-08-09 04:00:00,4621.25863919129
2017-08-09 05:00:00,4647.101176111959
2017-08-09 06:00:00,4788.75893116533
2017-08-09 07:00:00,4868.6160484592965
2017-08-09 08:00:00,4723.658077958608
2017-08-09 09:00:00,4682.085155041077
2017-08-09 10:00:00,4687.0608564842405
2017-08-09 11:00:00,4684.306146987117
2017-08-09 12:00:00,4670.430375353294
2017-08-09 13:00:00,4665.687676031653
2017-08-09 14:00:00,4668.379197295228
2017-08-09 15:00:00,4647.360249624899
2017-08-09 16:00:00,4656.293359533484
2017-08-09 17:00:00,4672.50810835913
2017-08-09 18:00:00,4672.325365239866
2017-08-09 19:00:00,4653.0503754313995
2017-08-09 20:00:00,4678.173880897363
2017-08-09 21:00:00,4770.589074209257
2017-08-09 22:00:00,4709.171262272116
2017-08-09 23:00:00,4496.82793033858
2017-08-10 00:00:00,4419.830793704767
2017-08-10 01:00:00,4463.631241920556
2017-08-10 02:00:00,4566.913052676412
2017-08-10 03:00:00,4598.018910352397
2017-08-10 04:00:00,4615.804081603403
2017-08-10 05:00:00,4641.6466185240715
2017-08-10 06:00:00,4783.304373577444
2017-08-10 07:00:00,4863.16149087141
2017-08-10 08:00:00,4718.203520370721
2017-08-10 09:00:00,4677.20967402975
2017-08-10 10:00:00,4682.185375472914
2017-08-10 11:00:00,4679.430665975791
2017-08-10 12:00:00,4665.554894341967
2017-08-10 13:00:00,4660.812195020326
2017-08-10 14:00:00,4663.503716283901
2017-08-10 15:00:00,4642.464053928792
2017-08-10 16:00:00,4651.397163837377
2017-08-10 17:00:00,4667.611912663023
2017-08-10 18:00:00,4667.429169543759
2017-08-10 19:00:00,4648.2345943717355
2017-08-10 20:00:00,4673.376227148285
2017-08-10 21:00:00,4765.791420460178
2017-08-10 22:00:00,4705.456874359825
2017-08-10 23:00:00,4495.72259749692
2017-08-11 00:00:00,4424.490055224679
2017-08-11 01:00:00,4462.130316939531
2017-08-11 02:00:00,4562.088668388366
2017-08-11 03:00:00,4593.19452606435
2017-08-11 04:00:00,4611.425359223512
2017-08-11 05:00:00,4637.559907276862
2017-08-11 06:00:00,4777.950726756811
2017-08-11 07:00:00,4853.271577008776
2017-08-11 08:00:00,4703.224553698237
2017-08-11 09:00:00,4670.72291776068
2017-08-11 10:00:00,4675.078655909421
2017-08-11 11:00:00,4682.739629488075
2017-08-11 12:00:00,4667.19262794909
2017-08-11 13:00:00,4662.550194035341
2017-08-11 14:00:00,4666.909466928365
2017-08-11 15:00:00,4645.869804573255
2017-08-11 16:00:00,4652.6800295107005
2017-08-11 17:00:00,4669.081533469083
2017-08-11 18:00:00,4663.146329475236
2017-08-11 19:00:00,4643.6086795844585
2017-08-11 20:00:00,4662.206444470649
2017-08-11 21:00:00,4752.34597432716
2017-08-11 22:00:00,4709.121517027225
2017-08-11 23:00:00,4524.771441323722
2017-08-12 00:00:00,4416.17379292991
2017-08-12 01:00:00,4444.253434176548
2017-08-12 02:00:00,4537.0268513246565
2017-08-12 03:00:00,4568.246268470488
2017-08-12 04:00:00,4586.662852485022
2017-08-12 05:00:00,4596.818945333597
2017-08-12 06:00:00,4660.042230630702
2017-08-12 07:00:00,4668.4098468088105
2017-08-12 08:00:00,4675.9109784193115
2017-08-12 09:00:00,4716.768216335379
2017-08-12 10:00:00,4701.9225365119055
2017-08-12 11:00:00,4674.922805598769
2017-08-12 12:00:00,4656.851654461447
2017-08-12 13:00:00,4654.56579484875
2017-08-12 14:00:00,4650.410633154337
2017-08-12 15:00:00,4641.820230554733
2017-08-12 16:00:00,4654.5350383839905
2017-08-12 17:00:00,4677.384721813491
2017-08-12 18:00:00,4670.587412670831
2017-08-12 19:00:00,4651.2597257738835
2017-08-12 20:00:00,4669.857490660074
2017-08-12 21:00:00,4753.552053162399
2017-08-12 22:00:00,4700.808133829394
2017-08-12 23:00:00,4537.123745211609
2017-08-13 00:00:00,4428.628277993423
2017-08-13 01:00:00,4449.098761687708
2017-08-13 02:00:00,4540.610262869363
2017-08-13 03:00:00,4571.829680015197
2017-08-13 04:00:00,4594.114545395659
2017-08-13 05:00:00,4600.630211175452
2017-08-13 06:00:00,4665.687312465322
2017-08-13 07:00:00,4673.639573922317
2017-08-13 08:00:00,4678.433630295975
2017-08-13 09:00:00,4720.697780267734
2017-08-13 10:00:00,4687.115060506811
2017-08-13 11:00:00,4656.751625578245
2017-08-13 12:00:00,4662.804041219665
2017-08-13 13:00:00,4665.258415396136
2017-08-13 14:00:00,4654.911861888244
2017-08-13 15:00:00,4646.31945088222
2017-08-13 16:00:00,4659.74947898571
2017-08-13 17:00:00,4689.411600172322
2017-08-13 18:00:00,4690.4760183585795
2017-08-13 19:00:00,4668.830804975142
2017-08-13 20:00:00,4692.910727989585
2017-08-13 21:00:00,4777.535943225633
2017-08-13 22:00:00,4714.351625487443
2017-08-13 23:00:00,4536.164192615587
2017-08-14 00:00:00,4473.411039768859
2017-08-14 01:00:00,4517.187011037282
2017-08-14 02:00:00,4627.421409034085
2017-08-14 03:00:00,4663.039158063328
2017-08-14 04:00:00,4680.691290819028
2017-08-14 05:00:00,4718.32997427378
2017-08-14 06:00:00,4860.994745283644
2017-08-14 07:00:00,4950.777664323547
2017-08-14 08:00:00,4774.8875887715
2017-08-14 09:00:00,4706.6440451414255
2017-08-14 10:00:00,4709.183071111126
2017-08-14 11:00:00,4693.731168623472
2017-08-14 12:00:00,4679.427986191923
2017-08-14 13:00:00,4676.474738765609
2017-08-14 14:00:00,4675.848355644277
2017-08-14 15:00:00,4654.650048705412
2017-08-14 16:00:00,4663.955590001883
2017-08-14 17:00:00,4679.027056840279
2017-08-14 18:00:00,4673.4902854543125
2017-08-14 19:00:00,4656.291531172241
2017-08-14 20:00:00,4693.679346835292
2017-08-14 21:00:00,4769.01395710129
2017-08-14 22:00:00,4678.40815908027
2017-08-14 23:00:00,4490.367008762651
2017-08-15 00:00:00,4421.904735897057
2017-08-15 01:00:00,4466.062865290034
2017-08-15 02:00:00,4575.780345946489
2017-08-15 03:00:00,4608.747916294098
2017-08-15 04:00:00,4626.533087545104
2017-08-15 05:00:00,4656.576772251472
2017-08-15 06:00:00,4798.180959832857
2017-08-15 07:00:00,4885.397688298464
2017-08-15 08:00:00,4716.428319982293
2017-08-15 09:00:00,4680.291393144598
2017-08-15 10:00:00,4685.267094587761
2017-08-15 11:00:00,4683.848954580732
2017-08-15 12:00:00,4669.973182946908
2017-08-15 13:00:00,4665.230483625268
2017-08-15 14:00:00,4667.922004888843
2017-08-15 15:00:00,4646.903057218514
2017-08-15 16:00:00,4655.8361671270995
2017-08-15 17:00:00,4672.146411722196
2017-08-15 18:00:00,4670.444403471944
2017-08-15 19:00:00,4653.648278620887
2017-08-15 20:00:00,4690.613626099917
2017-08-15 21:00:00,4766.85596191057
2017-08-15 22:00:00,4686.133034906025
2017-08-15 23:00:00,4498.091884588405
2017-08-16 00:00:00,4429.811929073529
2017-08-16 01:00:00,4473.781937922098
2017-08-16 02:00:00,4577.063748677956
2017-08-16 03:00:00,4608.169606353941
2017-08-16 04:00:00,4625.954777604946
2017-08-16 05:00:00,4651.797314525615
2017-08-16 06:00:00,4793.455069578986
2017-08-16 07:00:00,4883.797463170095
2017-08-16 08:00:00,4711.0310840786915
2017-08-16 09:00:00,4675.224063228205
2017-08-16 10:00:00,4680.199764671367
2017-08-16 11:00:00,4677.445055174245
2017-08-16 12:00:00,4663.569283540421
2017-08-16 13:00:00,4658.826584218779
2017-08-16 14:00:00,4661.518105482355
2017-08-16 15:00:00,4640.499157812026
2017-08-16 16:00:00,4649.432267720611
2017-08-16 17:00:00,4665.647016546257
2017-08-16 18:00:00,4665.464273426994
2017-08-16 19:00:00,4648.668148575937
2017-08-16 20:00:00,4702.359272265939
2017-08-16 21:00:00,4759.999292876577
2017-08-16 22:00:00,4672.135985937471
2017-08-16 23:00:00,4488.466958970972
2017-08-17 00:00:00,4424.428738134935
2017-08-17 01:00:00,4468.2291863507235
2017-08-17 02:00:00,4571.510997106581
2017-08-17 03:00:00,4602.616854782565
2017-08-17 04:00:00,4620.40202603357
2017-08-17 05:00:00,4646.24456295424
2017-08-17 06:00:00,4787.902318007611
2017-08-17 07:00:00,4877.930775161305
2017-08-17 08:00:00,4705.538264349197
2017-08-17 09:00:00,4670.310320075269
2017-08-17 10:00:00,4675.286021518432
2017-08-17 11:00:00,4672.5313120213095
2017-08-17 12:00:00,4658.655540387485
2017-08-17 13:00:00,4653.912841065844
2017-08-17 14:00:00,4656.60436232942
2017-08-17 15:00:00,4635.56469997431
2017-08-17 16:00:00,4644.497809882896
2017-08-17 17:00:00,4660.712558708541
2017-08-17 18:00:00,4660.529815589278
2017-08-17 19:00:00,4643.814105374665
2017-08-17 20:00:00,4697.523356375252
2017-08-17 21:00:00,4754.903568015345
2017-08-17 22:00:00,4665.617589729851
2017-08-17 23:00:00,4486.746420291329
2017-08-18 00:00:00,4423.49972395995
2017-08-18 01:00:00,4461.139985674802
2017-08-18 02:00:00,4561.098337123637
2017-08-18 03:00:00,4592.2041947996195
2017-08-18 04:00:00,4610.435027958782
2017-08-18 05:00:00,4636.569576012131
2017-08-18 06:00:00,4776.96039549208
2017-08-18 07:00:00,4862.4525856037735
2017-08-18 08:00:00,4695.500410544736
2017-08-18 09:00:00,4668.764676674222
2017-08-18 10:00:00,4673.1204148229635
2017-08-18 11:00:00,4680.781388401617
2017-08-18 12:00:00,4665.234386862632
2017-08-18 13:00:00,4660.591952948883
2017-08-18 14:00:00,4664.951225841907
2017-08-18 15:00:00,4643.911563486798
2017-08-18 16:00:00,4650.721788424243
2017-08-18 17:00:00,4667.1232923826265
2017-08-18 18:00:00,4661.188088388777
2017-08-18 19:00:00,4641.650438498001
2017-08-18 20:00:00,4688.815821608229
2017-08-18 21:00:00,4743.920369792938
2017-08-18 22:00:00,4671.744480307864
2017-08-18 23:00:00,4518.257512028744
2017-08-19 00:00:00,4414.276568414126
2017-08-19 01:00:00,4442.356209660763
2017-08-19 02:00:00,4535.129626808872
2017-08-19 03:00:00,4566.349043954704
2017-08-19 04:00:00,4584.765627969238
2017-08-19 05:00:00,4594.9217208178125
2017-08-19 06:00:00,4658.145006114917
2017-08-19 07:00:00,4671.339990919734
2017-08-19 08:00:00,4668.45581199549
2017-08-19 09:00:00,4714.412147732295
2017-08-19 10:00:00,4699.566467908821
2017-08-19 11:00:00,4672.566736995685
2017-08-19 12:00:00,4654.495585858363
2017-08-19 13:00:00,4652.2097262456655
2017-08-19 14:00:00,4648.054564551253
2017-08-19 15:00:00,4639.464161951649
2017-08-19 16:00:00,4652.178969780906
2017-08-19 17:00:00,4675.028653210406
2017-08-19 18:00:00,4668.231344067747
2017-08-19 19:00:00,4648.903657170799
2017-08-19 20:00:00,4699.346126450082
2017-08-19 21:00:00,4754.450674634791
2017-08-19 22:00:00,4667.719578200118
2017-08-19 23:00:00,4527.081752535773
2017-08-20 00:00:00,4428.251695217869
2017-08-20 01:00:00,4448.722178912155
2017-08-20 02:00:00,4540.23368009381
2017-08-20 03:00:00,4571.453097239643
2017-08-20 04:00:00,4593.7379626201055
2017-08-20 05:00:00,4600.2536283999
2017-08-20 06:00:00,4665.310729689769
2017-08-20 07:00:00,4682.65875469662
2017-08-20 08:00:00,4669.573518326628
2017-08-20 09:00:00,4718.117829369684
2017-08-20 10:00:00,4684.53510960876
2017-08-20 11:00:00,4654.0259283671085
2017-08-20 12:00:00,4660.078344008529
2017-08-20 13:00:00,4662.532718185
2017-08-20 14:00:00,4652.186164677108
2017-08-20 15:00:00,4643.593753671084
2017-08-20 16:00:00,4657.023781774574
2017-08-20 17:00:00,4686.685902961187
2017-08-20 18:00:00,4687.750321147443
2017-08-20 19:00:00,4666.105107764007
2017-08-20 20:00:00,4729.801339827607
2017-08-20 21:00:00,4784.863288107452
2017-08-20 22:00:00,4659.803790079004
2017-08-20 23:00:00,4525.349658552292
2017-08-21 00:00:00,4471.785858597026
2017-08-21 01:00:00,4515.561829865448
2017-08-21 02:00:00,4625.796227862251
2017-08-21 03:00:00,4661.413976891495
2017-08-21 04:00:00,4679.066109647195
2017-08-21 05:00:00,4716.704793101947
2017-08-21 06:00:00,4859.369564111811
2017-08-21 07:00:00,4962.969465103931
2017-08-21 08:00:00,4769.567613794279
2017-08-21 09:00:00,4700.945010477931
2017-08-21 10:00:00,4703.484036447631
2017-08-21 11:00:00,4691.657209961913
2017-08-21 12:00:00,4677.354027530365
2017-08-21 13:00:00,4674.40078010405
2017-08-21 14:00:00,4673.774396982718
2017-08-21 15:00:00,4652.576090043854
2017-08-21 16:00:00,4661.881631340324
2017-08-21 17:00:00,4676.953098178721
2017-08-21 18:00:00,4671.416326792754
2017-08-21 19:00:00,4654.217572510682
2017-08-21 20:00:00,4720.958180547157
2017-08-21 21:00:00,4775.324688344824
2017-08-21 22:00:00,4649.176268248882
2017-08-21 23:00:00,4481.03204999904
2017-08-22 00:00:00,4421.548064100601
2017-08-22 01:00:00,4465.706193493577
2017-08-22 02:00:00,4575.423674150033
2017-08-22 03:00:00,4608.391244497641
2017-08-22 04:00:00,4626.176415748646
2017-08-22 05:00:00,4656.220100455014
2017-08-22 06:00:00,4797.8242880364
2017-08-22 07:00:00,4898.857998454225
2017-08-22 08:00:00,4712.0960612643485
2017-08-22 09:00:00,4675.58007474038
2017-08-22 10:00:00,4680.5557761835435
2017-08-22 11:00:00,4682.762712178451
2017-08-22 12:00:00,4668.886940544627
2017-08-22 13:00:00,4664.144241222986
2017-08-22 14:00:00,4666.835762486561
2017-08-22 15:00:00,4645.816814816232
2017-08-22 16:00:00,4654.749924724818
2017-08-22 17:00:00,4671.060169319914
2017-08-22 18:00:00,4671.055568755532
2017-08-22 19:00:00,4657.142309883796
2017-08-22 20:00:00,4726.832423811216
2017-08-22 21:00:00,4783.2393828127215
2017-08-22 22:00:00,4646.853990556461
2017-08-22 23:00:00,4485.0923695446945
2017-08-23 00:00:00,4429.160947724589
2017-08-23 01:00:00,4473.130956573159
2017-08-23 02:00:00,4576.412767329016
2017-08-23 03:00:00,4607.518625005
2017-08-23 04:00:00,4625.303796256005
2017-08-23 05:00:00,4651.022627250558
2017-08-23 06:00:00,4792.680382303929
2017-08-23 07:00:00,4900.715252069417
2017-08-23 08:00:00,4702.906432164201
2017-08-23 09:00:00,4666.720351627439
2017-08-23 10:00:00,4671.696053070603
2017-08-23 11:00:00,4675.650824914441
2017-08-23 12:00:00,4661.775053280617
2017-08-23 13:00:00,4657.032353958975
2017-08-23 14:00:00,4659.723875222551
2017-08-23 15:00:00,4638.704927552222
2017-08-23 16:00:00,4647.638037460807
2017-08-23 17:00:00,4663.852786286453
2017-08-23 18:00:00,4666.402711621151
2017-08-23 19:00:00,4652.489452749416
2017-08-23 20:00:00,4726.50651196576
2017-08-23 21:00:00,4782.913470967265
2017-08-23 22:00:00,4641.243575223176
2017-08-23 23:00:00,4483.854077562531
2017-08-24 00:00:00,4423.927027710688
2017-08-24 01:00:00,4467.727475926477
2017-08-24 02:00:00,4571.009286682334
2017-08-24 03:00:00,4602.115144358318
2017-08-24 04:00:00,4619.900315609323
2017-08-24 05:00:00,4645.619146603876
2017-08-24 06:00:00,4787.276901657247
2017-08-24 07:00:00,4895.311771422735
2017-08-24 08:00:00,4697.502951517518
2017-08-24 09:00:00,4661.895947557317
2017-08-24 10:00:00,4666.871649000481
2017-08-24 11:00:00,4670.826420844319
2017-08-24 12:00:00,4656.950649210495
2017-08-24 13:00:00,4652.207949888853
2017-08-24 14:00:00,4654.899471152429
2017-08-24 15:00:00,4633.85980879732
2017-08-24 16:00:00,4642.792918705905
2017-08-24 17:00:00,4659.00766753155
2017-08-24 18:00:00,4661.557592866249
2017-08-24 19:00:00,4647.724748630957
2017-08-24 20:00:00,4721.7599351578865
2017-08-24 21:00:00,4778.166894159392
2017-08-24 22:00:00,4638.092942484695
2017-08-24 23:00:00,4483.312499894682
2017-08-25 00:00:00,4424.070963638336
2017-08-25 01:00:00,4461.711225353189
2017-08-25 02:00:00,4561.669576802024
2017-08-25 03:00:00,4592.775434478006
2017-08-25 04:00:00,4611.006267637167
2017-08-25 05:00:00,4637.017109764401
2017-08-25 06:00:00,4777.407929244349
2017-08-25 07:00:00,4880.906531967837
2017-08-25 08:00:00,4686.118876664796
2017-08-25 09:00:00,4659.004083108008
2017-08-25 10:00:00,4663.3598212567495
2017-08-25 11:00:00,4677.730276176363
2017-08-25 12:00:00,4662.183274637378
2017-08-25 13:00:00,4657.54084072363
2017-08-25 14:00:00,4661.9001136166535
2017-08-25 15:00:00,4640.860451261544
2017-08-25 16:00:00,4647.67067619899
2017-08-25 17:00:00,4664.072180157373
2017-08-25 18:00:00,4660.084061359081
2017-08-25 19:00:00,4633.158156195323
2017-08-25 20:00:00,4702.028436909684
2017-08-25 21:00:00,4756.159732455805
2017-08-25 22:00:00,4645.102707589852
2017-08-25 23:00:00,4517.521338037413
2017-08-26 00:00:00,4421.084293059124
2017-08-26 01:00:00,4449.03788041993
2017-08-26 02:00:00,4541.811297568039
2017-08-26 03:00:00,4573.030714713872
2017-08-26 04:00:00,4591.447298728405
2017-08-26 05:00:00,4602.001715440582
2017-08-26 06:00:00,4665.225000737688
2017-08-26 07:00:00,4697.695970853026
2017-08-26 08:00:00,4660.371553251766
2017-08-26 09:00:00,4708.332933303496
2017-08-26 10:00:00,4693.459171973829
2017-08-26 11:00:00,4668.17922731968
2017-08-26 12:00:00,4650.108076182359
2017-08-26 13:00:00,4647.822216569662
2017-08-26 14:00:00,4643.667054875248
2017-08-26 15:00:00,4635.076652275644
2017-08-26 16:00:00,4647.7914601049015
2017-08-26 17:00:00,4670.641143534402
2017-08-26 18:00:00,4665.790919587299
2017-08-26 19:00:00,4639.07497741737
2017-08-26 20:00:00,4708.00428199912
2017-08-26 21:00:00,4762.135577545242
2017-08-26 22:00:00,4641.5823429122875
2017-08-26 23:00:00,4519.428202180267
2017-08-27 00:00:00,4437.171546185959
2017-08-27 01:00:00,4457.515975994413
2017-08-27 02:00:00,4549.027477176067
2017-08-27 03:00:00,4580.246894321901
2017-08-27 04:00:00,4602.531759702362
2017-08-27 05:00:00,4609.445749345762
2017-08-27 06:00:00,4674.50285063563
2017-08-27 07:00:00,4706.558466029855
2017-08-27 08:00:00,4666.526973191752
2017-08-27 09:00:00,4715.895265299174
2017-08-27 10:00:00,4682.284464032056
2017-08-27 11:00:00,4653.640815362478
2017-08-27 12:00:00,4659.693231003898
2017-08-27 13:00:00,4662.147605180369
2017-08-27 14:00:00,4651.801051672477
2017-08-27 15:00:00,4643.208640666453
2017-08-27 16:00:00,4656.638668769943
2017-08-27 17:00:00,4686.300789956556
2017-08-27 18:00:00,4689.226873843603
2017-08-27 19:00:00,4671.138690971653
2017-08-27 20:00:00,4744.316337881046
2017-08-27 21:00:00,4799.378286160891
2017-08-27 22:00:00,4642.113392415161
2017-08-27 23:00:00,4520.088257877559
2017-08-28 00:00:00,4481.339810703862
2017-08-28 01:00:00,4525.84973452196
2017-08-28 02:00:00,4636.084132518763
2017-08-28 03:00:00,4671.701881548006
2017-08-28 04:00:00,4689.354014303706
2017-08-28 05:00:00,4726.868991832342
2017-08-28 06:00:00,4869.533762842206
2017-08-28 07:00:00,5002.600179293484
2017-08-28 08:00:00,4757.191567219077
2017-08-28 09:00:00,4689.392944967094
2017-08-28 10:00:00,4691.9038894306
2017-08-28 11:00:00,4683.161468283906
2017-08-28 12:00:00,4668.858285852358
2017-08-28 13:00:00,4665.905038426044
2017-08-28 14:00:00,4665.278655304712
2017-08-28 15:00:00,4644.0803483658465
2017-08-28 16:00:00,4653.385889662318
2017-08-28 17:00:00,4668.457356500714
2017-08-28 18:00:00,4665.653253568709
2017-08-28 19:00:00,4649.574680362412
2017-08-28 20:00:00,4729.337713238211
2017-08-28 21:00:00,4783.704221035878
2017-08-28 22:00:00,4625.664846136206
2017-08-28 23:00:00,4469.78817527176
2017-08-29 00:00:00,4428.136020831143
2017-08-29 01:00:00,4473.028102773795
2017-08-29 02:00:00,4582.745583430249
2017-08-29 03:00:00,4615.713153777859
2017-08-29 04:00:00,4633.498325028863
2017-08-29 05:00:00,4663.418303809115
2017-08-29 06:00:00,4805.0224913905
2017-08-29 07:00:00,4935.522717267483
2017-08-29 08:00:00,4706.740838642507
2017-08-29 09:00:00,4671.048833182905
2017-08-29 10:00:00,4675.996453119873
2017-08-29 11:00:00,4681.287794453805
2017-08-29 12:00:00,4667.412022819981
2017-08-29 13:00:00,4662.6693234983395
2017-08-29 14:00:00,4665.360844761915
2017-08-29 15:00:00,4644.341897091586
2017-08-29 16:00:00,4653.275007000171
2017-08-29 17:00:00,4669.585251595268
2017-08-29 18:00:00,4671.012658424309
2017-08-29 19:00:00,4655.336714649028
2017-08-29 20:00:00,4732.184242404592
2017-08-29 21:00:00,4788.591201406097
2017-08-29 22:00:00,4638.97101880961
2017-08-29 23:00:00,4483.094347945164
2017-08-30 00:00:00,4436.012431424147
2017-08-30 01:00:00,4480.716392822391
2017-08-30 02:00:00,4583.998203578247
2017-08-30 03:00:00,4615.104061254233
2017-08-30 04:00:00,4632.8892325052375
2017-08-30 05:00:00,4658.608063499791
2017-08-30 06:00:00,4800.265818553162
2017-08-30 07:00:00,4930.766044430145
2017-08-30 08:00:00,4701.2120686372555
2017-08-30 09:00:00,4665.849969164861
2017-08-30 10:00:00,4670.7975891018295
2017-08-30 11:00:00,4674.7523609456675
2017-08-30 12:00:00,4660.876589311843
2017-08-30 13:00:00,4656.133889990202
2017-08-30 14:00:00,4658.825411253777
2017-08-30 15:00:00,4637.806463583449
2017-08-30 16:00:00,4646.739573492034
2017-08-30 17:00:00,4662.95432231768
2017-08-30 18:00:00,4665.900994277709
2017-08-30 19:00:00,4650.2250505024285
2017-08-30 20:00:00,4727.987289856874
2017-08-30 21:00:00,4784.394248858378
2017-08-30 22:00:00,4634.774066261891
2017-08-30 23:00:00,4483.269518748567
2017-08-31 00:00:00,4430.542664599023
2017-08-31 01:00:00,4475.077065364487
2017-08-31 02:00:00,4578.358876120345
2017-08-31 03:00:00,4609.464733796329
2017-08-31 04:00:00,4627.249905047333
2017-08-31 05:00:00,4652.968736041887
2017-08-31 06:00:00,4794.626491095258
2017-08-31 07:00:00,4925.1267169722405
2017-08-31 08:00:00,4695.824273097392
2017-08-31 09:00:00,4661.041250201557
2017-08-31 10:00:00,4665.988870138525
2017-08-31 11:00:00,4670.051645990752
2017-08-31 12:00:00,4656.175874356928
2017-08-31 13:00:00,4651.433175035288
2017-08-31 14:00:00,4654.124696298863
2017-08-31 15:00:00,4633.085033943753
2017-08-31 16:00:00,4642.018143852339
2017-08-31 17:00:00,4658.232892677985
2017-08-31 18:00:00,4661.179564638014
2017-08-31 19:00:00,4645.584035499177
2017-08-31 20:00:00,4723.364402164208
2017-08-31 21:00:00,4779.771361165712
2017-08-31 22:00:00,4629.174572599459
2017-08-31 23:00:00,4482.639884244327
2017-09-01 00:00:00,4430.058339248347
2017-09-01 01:00:00,4468.432553512875
2017-09-01 02:00:00,4568.604925462227
2017-09-01 03:00:00,4599.710783138211
2017-09-01 04:00:00,4617.63194022129
2017-09-01 05:00:00,4644.814737638422
2017-09-01 06:00:00,4785.205557118371
2017-09-01 07:00:00,4911.169515953354
2017-09-01 08:00:00,4687.307407831577
2017-09-01 09:00:00,4661.016595339155
2017-09-01 10:00:00,4665.344251981702
2017-09-01 11:00:00,4679.822710909704
2017-09-01 12:00:00,4664.27570937072
2017-09-01 13:00:00,4659.63327545697
2017-09-01 14:00:00,4663.992548349995
2017-09-01 15:00:00,4642.952885994885
2017-09-01 16:00:00,4649.76311093233
2017-09-01 17:00:00,4666.164614890714
2017-09-01 18:00:00,4658.318597398227
2017-09-01 19:00:00,4645.008954232564
2017-09-01 20:00:00,4713.938258814314
2017-09-01 21:00:00,4760.8172286128
2017-09-01 22:00:00,4636.1749601569045
2017-09-01 23:00:00,4510.8536316992
2017-09-02 00:00:00,4421.498929214728
2017-09-02 01:00:00,4450.133008522314
2017-09-02 02:00:00,4543.120446170941
2017-09-02 03:00:00,4574.339863316773
2017-09-02 04:00:00,4592.446771255227
2017-09-02 05:00:00,4604.173143257303
2017-09-02 06:00:00,4667.396428554408
2017-09-02 07:00:00,4699.867398669746
2017-09-02 08:00:00,4662.7713025498015
2017-09-02 09:00:00,4710.732682601531
2017-09-02 10:00:00,4695.858921271864
2017-09-02 11:00:00,4670.686980626104
2017-09-02 12:00:00,4652.615829488783
2017-09-02 13:00:00,4650.329969876086
2017-09-02 14:00:00,4646.174808181673
2017-09-02 15:00:00,4637.584405582068
2017-09-02 16:00:00,4650.299213411326
2017-09-02 17:00:00,4673.148896840826
2017-09-02 18:00:00,4664.440774199529
2017-09-02 19:00:00,4651.341094027694
2017-09-02 20:00:00,4720.270398609445
2017-09-02 21:00:00,4767.1493684079305
2017-09-02 22:00:00,4636.675150082161
2017-09-02 23:00:00,4516.691808435234
2017-09-03 00:00:00,4437.532050817274
2017-09-03 01:00:00,4458.556972572508
2017-09-03 02:00:00,4550.058134497699
2017-09-03 03:00:00,4581.277551643533
2017-09-03 04:00:00,4603.252740947914
2017-09-03 05:00:00,4611.338685881212
2017-09-03 06:00:00,4676.39578717108
2017-09-03 07:00:00,4709.870927156817
2017-09-03 08:00:00,4670.067755800029
2017-09-03 09:00:00,4719.436047907451
2017-09-03 10:00:00,4685.825246640333
2017-09-03 11:00:00,4657.289601979144
2017-09-03 12:00:00,4663.342017620564
2017-09-03 13:00:00,4665.796391797035
2017-09-03 14:00:00,4655.449838289143
2017-09-03 15:00:00,4646.857427283119
2017-09-03 16:00:00,4660.287455386609
2017-09-03 17:00:00,4689.949576573222
2017-09-03 18:00:00,4689.017761766076
2017-09-03 19:00:00,4684.5458408922195
2017-09-03 20:00:00,4757.472164419287
2017-09-03 21:00:00,4805.2817869514965
2017-09-03 22:00:00,4638.095909512951
2017-09-03 23:00:00,4518.241574060441
2017-09-04 00:00:00,4482.629109279653
2017-09-04 01:00:00,4527.139033097751
2017-09-04 02:00:00,4637.3630918380895
2017-09-04 03:00:00,4672.9808408673325
2017-09-04 04:00:00,4690.323297546953
2017-09-04 05:00:00,4729.010230365487
2017-09-04 06:00:00,4871.675001375351
2017-09-04 07:00:00,5006.1609424181415
2017-09-04 08:00:00,4760.918966928617
2017-09-04 09:00:00,4693.120344676635
2017-09-04 10:00:00,4695.631289140141
2017-09-04 11:00:00,4686.996872001836
2017-09-04 12:00:00,4672.6936895702875
2017-09-04 13:00:00,4669.740442143973
2017-09-04 14:00:00,4669.1140590226405
2017-09-04 15:00:00,4647.915752083776
2017-09-04 16:00:00,4657.221293380247
2017-09-04 17:00:00,4672.292760218644
2017-09-04 18:00:00,4665.630758592445
2017-09-04 19:00:00,4663.168447384242
2017-09-04 20:00:00,4742.776907924601
2017-09-04 21:00:00,4789.8910899746315
2017-09-04 22:00:00,4620.529909839079
2017-09-04 23:00:00,4467.014043062193
2017-09-05 00:00:00,4429.492089774138
2017-09-05 01:00:00,4474.384171716791
2017-09-05 02:00:00,4584.091313116782
2017-09-05 03:00:00,4617.05888346439
2017-09-05 04:00:00,4634.534378639315
2017-09-05 05:00:00,4665.626312709465
2017-09-05 06:00:00,4807.230500290851
2017-09-05 07:00:00,4939.150250759345
2017-09-05 08:00:00,4710.61990405241
2017-09-05 09:00:00,4674.927898592807
2017-09-05 10:00:00,4679.875518529775
2017-09-05 11:00:00,4685.274863872096
2017-09-05 12:00:00,4671.399092238272
2017-09-05 13:00:00,4666.656392916631
2017-09-05 14:00:00,4669.347914180206
2017-09-05 15:00:00,4648.328966509877
2017-09-05 16:00:00,4657.262076418463
2017-09-05 17:00:00,4673.572321013559
2017-09-05 18:00:00,4670.745082523075
2017-09-05 19:00:00,4668.685400745888
2017-09-05 20:00:00,4745.378356166012
2017-09-05 21:00:00,4794.532989419881
2017-09-05 22:00:00,4633.591001587513
2017-09-05 23:00:00,4480.075134810628
2017-09-06 00:00:00,4437.51584288802
2017-09-06 01:00:00,4482.219804286265
2017-09-06 02:00:00,4585.491275785659
2017-09-06 03:00:00,4616.597133461643
2017-09-06 04:00:00,4634.072628636568
2017-09-06 05:00:00,4660.354973878799
2017-09-06 06:00:00,4801.946465845125
2017-09-06 07:00:00,4934.501462333302
2017-09-06 08:00:00,4705.199018458454
2017-09-06 09:00:00,4669.836918986059
2017-09-06 10:00:00,4674.784538923027
2017-09-06 11:00:00,4678.847314775254
2017-09-06 12:00:00,4664.97154314143
2017-09-06 13:00:00,4660.228843819788
2017-09-06 14:00:00,4662.920365083364
2017-09-06 15:00:00,4641.901417413035
2017-09-06 16:00:00,4650.834527321621
2017-09-06 17:00:00,4667.049276147267
2017-09-06 18:00:00,4665.741302787771
2017-09-06 19:00:00,4663.6816210105835
2017-09-06 20:00:00,4744.330857158329
2017-09-06 21:00:00,4789.189257949641
2017-09-06 22:00:00,4628.247270117272
2017-09-06 23:00:00,4481.357265466836
2017-09-07 00:00:00,4433.514204240512
2017-09-07 01:00:00,4477.598200389439
2017-09-07 02:00:00,4580.869671888832
2017-09-07 03:00:00,4611.975529564817
2017-09-07 04:00:00,4629.451024739741
2017-09-07 05:00:00,4655.733369981973
2017-09-07 06:00:00,4797.3248619483
2017-09-07 07:00:00,4929.879858436476
2017-09-07 08:00:00,4700.577414561628
2017-09-07 09:00:00,4665.794391665793
2017-09-07 10:00:00,4670.7420116027615
2017-09-07 11:00:00,4674.851074477478
2017-09-07 12:00:00,4660.754871112091
2017-09-07 13:00:00,4656.012171790449
2017-09-07 14:00:00,4658.703693054025
2017-09-07 15:00:00,4637.664030698916
2017-09-07 16:00:00,4646.5971406075005
2017-09-07 17:00:00,4662.8118894331465
2017-09-07 18:00:00,4661.503916073651
2017-09-07 19:00:00,4659.524648932907
2017-09-07 20:00:00,4740.192012391239
2017-09-07 21:00:00,4785.050413182549
2017-09-07 22:00:00,4626.994973966671
2017-09-07 23:00:00,4482.714024386866
2017-09-08 00:00:00,4431.940367769951
2017-09-08 01:00:00,4469.864177417941
2017-09-08 02:00:00,4569.812189610312
2017-09-08 03:00:00,4600.918047286296
2017-09-08 04:00:00,4618.839204369376
2017-09-08 05:00:00,4645.413560744288
2017-09-08 06:00:00,4785.738117137193
2017-09-08 07:00:00,4913.756846583368
2017-09-08 08:00:00,4689.894738461591
2017-09-08 09:00:00,4663.60392596917
2017-09-08 10:00:00,4667.931582611716
2017-09-08 11:00:00,4681.429631804679
2017-09-08 12:00:00,4665.797390402561
2017-09-08 13:00:00,4661.154956488812
2017-09-08 14:00:00,4665.514229381835
2017-09-08 15:00:00,4644.474567026727
2017-09-08 16:00:00,4651.284791964172
2017-09-08 17:00:00,4667.686295922555
2017-09-08 18:00:00,4659.840278430069
2017-09-08 19:00:00,4646.530635264405
2017-09-08 20:00:00,4718.346936639456
2017-09-08 21:00:00,4760.929673975384
2017-09-08 22:00:00,4636.666063592267
2017-09-08 23:00:00,4513.59847390989
2017-09-09 00:00:00,4424.074276408012
2017-09-09 01:00:00,4453.318580153544
2017-09-09 02:00:00,4546.081658045188
2017-09-09 03:00:00,4577.301075191021
2017-09-09 04:00:00,4595.407983129474
2017-09-09 05:00:00,4607.578650601379
2017-09-09 06:00:00,4670.503964963737
2017-09-09 07:00:00,4704.318090289968
2017-09-09 08:00:00,4667.221994170023
2017-09-09 09:00:00,4714.118347841271
2017-09-09 10:00:00,4699.244586511604
2017-09-09 11:00:00,4673.092236130804
2017-09-09 12:00:00,4654.935845130349
2017-09-09 13:00:00,4652.649985517652
2017-09-09 14:00:00,4648.494823823239
2017-09-09 15:00:00,4639.904421223635
2017-09-09 16:00:00,4652.6192290528925
2017-09-09 17:00:00,4675.468912482393
2017-09-09 18:00:00,4666.760789841096
2017-09-09 19:00:00,4651.721747222896
2017-09-09 20:00:00,4732.9854727663605
2017-09-09 21:00:00,4766.544086588136
2017-09-09 22:00:00,4636.448526335146
2017-09-09 23:00:00,4517.22280006252
2017-09-10 00:00:00,4442.47509398502
2017-09-10 01:00:00,4464.110240178199
2017-09-10 02:00:00,4555.61140210339
2017-09-10 03:00:00,4586.830819249223
2017-09-10 04:00:00,4608.806008553605
2017-09-10 05:00:00,4617.336248956733
2017-09-10 06:00:00,4682.095379311852
2017-09-10 07:00:00,4715.494149916969
2017-09-10 08:00:00,4675.690978560182
2017-09-10 09:00:00,4715.088292396657
2017-09-10 10:00:00,4681.477491129539
2017-09-10 11:00:00,4652.065699628229
2017-09-10 12:00:00,4659.511358035313
2017-09-10 13:00:00,4661.965732211784
2017-09-10 14:00:00,4651.6191787038915
2017-09-10 15:00:00,4643.026767697868
2017-09-10 16:00:00,4656.456795801358
2017-09-10 17:00:00,4686.118916987971
2017-09-10 18:00:00,4696.309753677271
2017-09-10 19:00:00,4689.8984703570495
2017-09-10 20:00:00,4777.019996880386
2017-09-10 21:00:00,4808.403892582799
2017-09-10 22:00:00,4629.920365008816
2017-09-10 23:00:00,4512.914438180496
2017-09-11 00:00:00,4490.903831926291
2017-09-11 01:00:00,4534.963351127852
2017-09-11 02:00:00,4645.18740986819
2017-09-11 03:00:00,4680.805158897434
2017-09-11 04:00:00,4698.147615577053
2017-09-11 05:00:00,4736.226107353367
2017-09-11 06:00:00,4878.824615276188
2017-09-11 07:00:00,5013.94580233866
2017-09-11 08:00:00,4768.703826849135
2017-09-11 09:00:00,4686.810908903799
2017-09-11 10:00:00,4689.321853367305
2017-09-11 11:00:00,4680.73372325149
2017-09-11 12:00:00,4666.210109088379
2017-09-11 13:00:00,4663.256861662065
2017-09-11 14:00:00,4662.630478540733
2017-09-11 15:00:00,4641.432171601868
2017-09-11 16:00:00,4650.737712898339
2017-09-11 17:00:00,4665.809179736735
2017-09-11 18:00:00,4671.711293362943
2017-09-11 19:00:00,4667.309619708375
2017-09-11 20:00:00,4759.407073545888
2017-09-11 21:00:00,4793.163012741288
2017-09-11 22:00:00,4611.8132735059535
2017-09-11 23:00:00,4459.055022103369
2017-09-12 00:00:00,4435.111373168603
2017-09-12 01:00:00,4479.553050494717
2017-09-12 02:00:00,4589.2601918947075
2017-09-12 03:00:00,4622.227762242317
2017-09-12 04:00:00,4639.703257417242
2017-09-12 05:00:00,4670.186750445172
2017-09-12 06:00:00,4811.724674939513
2017-09-12 07:00:00,4944.279671427689
2017-09-12 08:00:00,4715.749324720753
2017-09-12 09:00:00,4670.086340990204
2017-09-12 10:00:00,4675.033960927172
2017-09-12 11:00:00,4680.479593291983
2017-09-12 12:00:00,4666.3833899265965
2017-09-12 13:00:00,4661.640690604955
2017-09-12 14:00:00,4664.332211868531
2017-09-12 15:00:00,4643.313264198202
2017-09-12 16:00:00,4652.246374106788
2017-09-12 17:00:00,4668.556618701884
2017-09-12 18:00:00,4676.8520317078455
2017-09-12 19:00:00,4672.852987484293
2017-09-12 20:00:00,4762.034936201571
2017-09-12 21:00:00,4797.83132660081
2017-09-12 22:00:00,4626.398258574116
2017-09-12 23:00:00,4473.640007171532
2017-09-13 00:00:00,4441.018060899108
2017-09-13 01:00:00,4485.2716176808135
2017-09-13 02:00:00,4588.543089180207
2017-09-13 03:00:00,4619.648946856192
2017-09-13 04:00:00,4637.124442031117
2017-09-13 05:00:00,4663.406787273348
2017-09-13 06:00:00,4804.998279239675
2017-09-13 07:00:00,4937.553275727851
2017-09-13 08:00:00,4708.250831853003
2017-09-13 09:00:00,4662.9177541096615
2017-09-13 10:00:00,4667.86537404663
2017-09-13 11:00:00,4671.974436921346
2017-09-13 12:00:00,4657.878233555959
2017-09-13 13:00:00,4653.135534234318
2017-09-13 14:00:00,4655.8270554978935
2017-09-13 15:00:00,4634.8081078275645
2017-09-13 16:00:00,4643.74121773615
2017-09-13 17:00:00,4659.955966561796
2017-09-13 18:00:00,4669.770644698747
2017-09-13 19:00:00,4666.657690574524
2017-09-13 20:00:00,4760.338440455042
2017-09-13 21:00:00,4787.776571252264
2017-09-13 22:00:00,4616.343503225571
2017-09-13 23:00:00,4467.957375174108
2017-09-14 00:00:00,4435.80050432443
2017-09-14 01:00:00,4479.884500473357
2017-09-14 02:00:00,4583.15597197275
2017-09-14 03:00:00,4614.261829648734
2017-09-14 04:00:00,4631.737324823659
2017-09-14 05:00:00,4658.01967006589
2017-09-14 06:00:00,4799.611162032217
2017-09-14 07:00:00,4932.166158520393
2017-09-14 08:00:00,4702.863714645545
2017-09-14 09:00:00,4658.109713478763
2017-09-14 10:00:00,4663.057333415732
2017-09-14 11:00:00,4667.166396290448
2017-09-14 12:00:00,4653.070192925062
2017-09-14 13:00:00,4648.32749360342
2017-09-14 14:00:00,4651.019014866995
2017-09-14 15:00:00,4629.979352511886
2017-09-14 16:00:00,4638.9124624204715
2017-09-14 17:00:00,4655.127211246117
2017-09-14 18:00:00,4664.941889383068
2017-09-14 19:00:00,4661.90934989529
2017-09-14 20:00:00,4755.608227086392
2017-09-14 21:00:00,4783.046357883615
2017-09-14 22:00:00,4613.209233926315
2017-09-14 23:00:00,4467.432160945484
2017-09-15 00:00:00,4436.014028355883
2017-09-15 01:00:00,4473.9378380038725
2017-09-15 02:00:00,4573.885850196245
2017-09-15 03:00:00,4604.991707872228
2017-09-15 04:00:00,4622.912864955307
2017-09-15 05:00:00,4649.487221330219
2017-09-15 06:00:00,4789.811777723124
2017-09-15 07:00:00,4917.830507169299
2017-09-15 08:00:00,4693.968399047522
2017-09-15 09:00:00,4656.532344179951
2017-09-15 10:00:00,4660.860000822498
2017-09-15 11:00:00,4674.35805001546
2017-09-15 12:00:00,4658.725808613342
2017-09-15 13:00:00,4654.083374699593
2017-09-15 14:00:00,4658.4426475926175
2017-09-15 15:00:00,4637.402985237508
2017-09-15 16:00:00,4644.213210174953
2017-09-15 17:00:00,4660.614714133336
2017-09-15 18:00:00,4663.8913481372965
2017-09-15 19:00:00,4649.528432624597
2017-09-15 20:00:00,4734.37624773242
2017-09-15 21:00:00,4754.379511119955
2017-09-15 22:00:00,4624.197958466583
2017-09-15 23:00:00,4499.634245383179
2017-09-16 00:00:00,4432.393248095532
2017-09-16 01:00:00,4458.9687714674665
2017-09-16 02:00:00,4551.731849359112
2017-09-16 03:00:00,4582.951266504944
2017-09-16 04:00:00,4601.0581744433985
2017-09-16 05:00:00,4613.228841915305
2017-09-16 06:00:00,4676.154156277661
2017-09-16 07:00:00,4709.968281603891
2017-09-16 08:00:00,4672.872185483947
2017-09-16 09:00:00,4709.688323160527
2017-09-16 10:00:00,4695.508517339702
2017-09-16 11:00:00,4669.356166958903
2017-09-16 12:00:00,4651.199775958447
2017-09-16 13:00:00,4648.91391634575
2017-09-16 14:00:00,4644.758754651338
2017-09-16 15:00:00,4636.168352051733
2017-09-16 16:00:00,4648.883159880991
2017-09-16 17:00:00,4671.732843310491
2017-09-16 18:00:00,4674.14737216564
2017-09-16 19:00:00,4659.99441964677
2017-09-16 20:00:00,4745.477987796419
2017-09-16 21:00:00,4755.489749007685
2017-09-16 22:00:00,4619.476246484438
2017-09-16 23:00:00,4509.897395178874
2017-09-17 00:00:00,4444.114905575569
2017-09-17 01:00:00,4466.119789768384
2017-09-17 02:00:00,4557.620951693576
2017-09-17 03:00:00,4588.84036883941
2017-09-17 04:00:00,4610.815558143792
2017-09-17 05:00:00,4619.3457985469195
2017-09-17 06:00:00,4684.104928902038
2017-09-17 07:00:00,4717.503699507155
2017-09-17 08:00:00,4677.700528150368
2017-09-17 09:00:00,4715.92357788264
2017-09-17 10:00:00,4683.006732124365
2017-09-17 11:00:00,4653.594940623055
2017-09-17 12:00:00,4661.040599030139
2017-09-17 13:00:00,4663.494973206609
2017-09-17 14:00:00,4653.148419698718
2017-09-17 15:00:00,4644.5560086926935
2017-09-17 16:00:00,4657.986036796183
2017-09-17 17:00:00,4687.648157982796
2017-09-17 18:00:00,4697.838994672096
2017-09-17 19:00:00,4692.313801451205
2017-09-17 20:00:00,4783.655170580727
2017-09-17 21:00:00,4787.444134724776
2017-09-17 22:00:00,4614.824349621957
2017-09-17 23:00:00,4512.09088277724
2017-09-18 00:00:00,4494.438071168141
2017-09-18 01:00:00,4538.146618523295
2017-09-18 02:00:00,4648.370677263634
2017-09-18 03:00:00,4683.988426292877
2017-09-18 04:00:00,4701.330882972497
2017-09-18 05:00:00,4739.409374748811
2017-09-18 06:00:00,4882.007882671631
2017-09-18 07:00:00,5017.129069734103
2017-09-18 08:00:00,4771.887094244578
2017-09-18 09:00:00,4688.299712504143
2017-09-18 10:00:00,4691.504612476492
2017-09-18 11:00:00,4682.916482360677
2017-09-18 12:00:00,4668.392868197566
2017-09-18 13:00:00,4665.439620771252
2017-09-18 14:00:00,4664.81323764992
2017-09-18 15:00:00,4643.6149307110545
2017-09-18 16:00:00,4652.920472007525
2017-09-18 17:00:00,4667.991938845922
2017-09-18 18:00:00,4673.89405247213
2017-09-18 19:00:00,4670.378468916892
2017-09-18 20:00:00,4774.859675455683
2017-09-18 21:00:00,4767.11248492899
2017-09-18 22:00:00,4599.054653687323
2017-09-18 23:00:00,4457.620314433709
2017-09-19 00:00:00,4438.398369151659
2017-09-19 01:00:00,4482.489074631367
2017-09-19 02:00:00,4592.196216031358
2017-09-19 03:00:00,4625.163786378967
2017-09-19 04:00:00,4642.639281553892
2017-09-19 05:00:00,4671.956278386586
2017-09-19 06:00:00,4813.494202880926
2017-09-19 07:00:00,4946.938706828201
2017-09-19 08:00:00,4718.408360121265
2017-09-19 09:00:00,4671.571112286512
2017-09-19 10:00:00,4677.212687732324
2017-09-19 11:00:00,4682.6583200971345
2017-09-19 12:00:00,4668.562116731748
2017-09-19 13:00:00,4663.819417410107
2017-09-19 14:00:00,4666.510938673682
2017-09-19 15:00:00,4645.491991003353
2017-09-19 16:00:00,4654.425100911939
2017-09-19 17:00:00,4670.735345507035
2017-09-19 18:00:00,4679.030758512998
2017-09-19 19:00:00,4675.917804388775
2017-09-19 20:00:00,4777.483505807331
2017-09-19 21:00:00,4771.776766484477
2017-09-19 22:00:00,4613.63560645145
2017-09-19 23:00:00,4472.201267197837
2017-09-20 00:00:00,4446.274779744663
2017-09-20 01:00:00,4490.177364679963
2017-09-20 02:00:00,4593.448836179357
2017-09-20 03:00:00,4624.554693855342
2017-09-20 04:00:00,4642.030189030266
2017-09-20 05:00:00,4667.1460380772605
2017-09-20 06:00:00,4808.737530043587
2017-09-20 07:00:00,4942.182033990863
2017-09-20 08:00:00,4712.879590116014
2017-09-20 09:00:00,4666.372248268469
2017-09-20 10:00:00,4672.013823714281
2017-09-20 11:00:00,4676.122886588997
2017-09-20 12:00:00,4662.02668322361
2017-09-20 13:00:00,4657.283983901969
2017-09-20 14:00:00,4659.975505165545
2017-09-20 15:00:00,4638.956557495216
2017-09-20 16:00:00,4647.8896674038015
2017-09-20 17:00:00,4664.104416229447
2017-09-20 18:00:00,4673.919094366398
2017-09-20 19:00:00,4670.806140242175
2017-09-20 20:00:00,4773.286553259613
2017-09-20 21:00:00,4767.579813936758
2017-09-20 22:00:00,4609.438653903732
2017-09-20 23:00:00,4472.37643800124
2017-09-21 00:00:00,4443.324534479669
2017-09-21 01:00:00,4487.0575587821895
2017-09-21 02:00:00,4590.329030281582
2017-09-21 03:00:00,4621.434887957567
2017-09-21 04:00:00,4638.910383132492
2017-09-21 05:00:00,4664.026232179486
2017-09-21 06:00:00,4805.617724145814
2017-09-21 07:00:00,4939.062228093088
2017-09-21 08:00:00,4709.7597842182395
2017-09-21 09:00:00,4659.181247519983
2017-09-21 10:00:00,4664.822822965795
2017-09-21 11:00:00,4668.931885840511
2017-09-21 12:00:00,4654.8356824751245
2017-09-21 13:00:00,4650.092983153483
2017-09-21 14:00:00,4652.784504417059
2017-09-21 15:00:00,4631.744842061949
2017-09-21 16:00:00,4640.677951970535
2017-09-21 17:00:00,4656.89270079618
2017-09-21 18:00:00,4670.402831772615
2017-09-21 19:00:00,4667.370292284836
2017-09-21 20:00:00,4769.8688326128595
2017-09-21 21:00:00,4764.162093290004
2017-09-21 22:00:00,4607.616877326372
2017-09-21 23:00:00,4473.163716494511
2017-09-22 00:00:00,4443.570731475765
2017-09-22 01:00:00,4478.825760750158
2017-09-22 02:00:00,4578.77377294253
2017-09-22 03:00:00,4609.879630618514
2017-09-22 04:00:00,4627.800787701593
2017-09-22 05:00:00,4653.208647881268
2017-09-22 06:00:00,4793.533204274173
2017-09-22 07:00:00,4922.441441179448
2017-09-22 08:00:00,4698.57933305767
2017-09-22 09:00:00,4656.493006762827
2017-09-22 10:00:00,4661.514618914217
2017-09-22 11:00:00,4675.01266810718
2017-09-22 12:00:00,4659.380426705062
2017-09-22 13:00:00,4654.7379927913125
2017-09-22 14:00:00,4659.097265684337
2017-09-22 15:00:00,4638.057603329227
2017-09-22 16:00:00,4644.867828266673
2017-09-22 17:00:00,4658.727373640004
2017-09-22 18:00:00,4665.699460483448
2017-09-22 19:00:00,4661.502578306483
2017-09-22 20:00:00,4751.538160961464
2017-09-22 21:00:00,4733.227156620091
2017-09-22 22:00:00,4619.307712888896
2017-09-22 23:00:00,4506.144256497751
2017-09-23 00:00:00,4434.768669160943
2017-09-23 01:00:00,4461.344192532878
2017-09-23 02:00:00,4554.107270424523
2017-09-23 03:00:00,4585.3266875703575
2017-09-23 04:00:00,4603.433595508811
2017-09-23 05:00:00,4614.437766785481
2017-09-23 06:00:00,4677.363081147836
2017-09-23 07:00:00,4712.0667139331645
2017-09-23 08:00:00,4674.97061781322
2017-09-23 09:00:00,4707.136484062528
2017-09-23 10:00:00,4692.956678241704
2017-09-23 11:00:00,4666.804327860905
2017-09-23 12:00:00,4648.64793686045
2017-09-23 13:00:00,4646.3620772477525
2017-09-23 14:00:00,4642.20691555334
2017-09-23 15:00:00,4633.616512953735
2017-09-23 16:00:00,4646.331320782992
2017-09-23 17:00:00,4666.639045627441
2017-09-23 18:00:00,4672.749027322075
2017-09-23 19:00:00,4668.762108138939
2017-09-23 20:00:00,4758.797690793919
2017-09-23 21:00:00,4740.486686452546
2017-09-23 22:00:00,4620.7352928514765
2017-09-23 23:00:00,4512.9098232711085
2017-09-24 00:00:00,4446.49032664098
2017-09-24 01:00:00,4468.495210833797
2017-09-24 02:00:00,4559.9963727589875
2017-09-24 03:00:00,4591.215789904822
2017-09-24 04:00:00,4613.190979209204
2017-09-24 05:00:00,4620.5547234170945
2017-09-24 06:00:00,4685.313853772213
2017-09-24 07:00:00,4719.602131836429
2017-09-24 08:00:00,4679.798960479642
2017-09-24 09:00:00,4713.371738784642
2017-09-24 10:00:00,4680.454893026367
2017-09-24 11:00:00,4651.043101525057
2017-09-24 12:00:00,4658.488759932141
2017-09-24 13:00:00,4660.943134108611
2017-09-24 14:00:00,4650.59658060072
2017-09-24 15:00:00,4642.004169594696
2017-09-24 16:00:00,4655.434197698185
2017-09-24 17:00:00,4682.554360299747
2017-09-24 18:00:00,4696.440649828531
2017-09-24 19:00:00,4701.0814899433735
2017-09-24 20:00:00,4796.974873578227
2017-09-24 21:00:00,4772.441072169637
2017-09-24 22:00:00,4616.083395988995
2017-09-24 23:00:00,4515.103310869475
2017-09-25 00:00:00,4497.756404809561
2017-09-25 01:00:00,4541.464952164715
2017-09-25 02:00:00,4651.689010905054
2017-09-25 03:00:00,4687.306759934297
2017-09-25 04:00:00,4704.649216613917
2017-09-25 05:00:00,4741.5612121949935
2017-09-25 06:00:00,4884.159720117814
2017-09-25 07:00:00,5020.170414639384
2017-09-25 08:00:00,4774.9284391498595
2017-09-25 09:00:00,4686.690785982152
2017-09-25 10:00:00,4689.8956859545015
2017-09-25 11:00:00,4681.307555838686
2017-09-25 12:00:00,4666.783941675575
2017-09-25 13:00:00,4663.830694249261
2017-09-25 14:00:00,4663.204311127929
2017-09-25 15:00:00,4642.006004189064
2017-09-25 16:00:00,4651.311545485535
2017-09-25 17:00:00,4663.84105373888
2017-09-25 18:00:00,4673.438620204572
2017-09-25 19:00:00,4679.420947359164
2017-09-25 20:00:00,4784.638314309679
2017-09-25 21:00:00,4749.121015516717
2017-09-25 22:00:00,4598.6152094797435
2017-09-25 23:00:00,4458.934251951325
2017-09-26 00:00:00,4440.462343347281
2017-09-26 01:00:00,4484.553048826989
2017-09-26 02:00:00,4594.260190226981
2017-09-26 03:00:00,4627.227760574589
2017-09-26 04:00:00,4644.703255749514
2017-09-26 05:00:00,4674.020252582208
2017-09-26 06:00:00,4815.558177076548
2017-09-26 07:00:00,4949.002681023823
2017-09-26 08:00:00,4720.472334316887
2017-09-26 09:00:00,4668.984815054863
2017-09-26 10:00:00,4674.6263905006745
2017-09-26 11:00:00,4680.072022865485
2017-09-26 12:00:00,4665.975819500099
2017-09-26 13:00:00,4661.233120178457
2017-09-26 14:00:00,4663.924641442032
2017-09-26 15:00:00,4642.905693771704
2017-09-26 16:00:00,4651.838803680289
2017-09-26 17:00:00,4665.607089690334
2017-09-26 18:00:00,4677.59795553578
2017-09-26 19:00:00,4683.982912121388
2017-09-26 20:00:00,4787.803966284378
2017-09-26 21:00:00,4754.565882847557
2017-09-26 22:00:00,4615.933253417667
2017-09-26 23:00:00,4476.25229588925
2017-09-27 00:00:00,4448.207146603131
2017-09-27 01:00:00,4492.109731538431
2017-09-27 02:00:00,4595.381203037826
2017-09-27 03:00:00,4626.48706071381
2017-09-27 04:00:00,4643.962555888735
2017-09-27 05:00:00,4669.078404935728
2017-09-27 06:00:00,4810.669896902055
2017-09-27 07:00:00,4944.11440084933
2017-09-27 08:00:00,4719.352420488529
2017-09-27 09:00:00,4663.912928672307
2017-09-27 10:00:00,4669.5545041181185
2017-09-27 11:00:00,4673.663566992835
2017-09-27 12:00:00,4659.567363627448
2017-09-27 13:00:00,4654.824664305807
2017-09-27 14:00:00,4657.516185569382
2017-09-27 15:00:00,4636.497237899053
2017-09-27 16:00:00,4645.430347807639
2017-09-27 17:00:00,4659.103138048233
2017-09-27 18:00:00,4672.613269024668
2017-09-27 19:00:00,4678.998225610276
2017-09-27 20:00:00,4783.733991372146
2017-09-27 21:00:00,4745.065760669341
2017-09-27 22:00:00,4607.481815660455
2017-09-27 23:00:00,4472.172981483159
2017-09-28 00:00:00,4443.01943308137
2017-09-28 01:00:00,4486.75245738389
2017-09-28 02:00:00,4590.023928883284
2017-09-28 03:00:00,4621.129786559268
2017-09-28 04:00:00,4638.605281734192
2017-09-28 05:00:00,4663.721130781187
2017-09-28 06:00:00,4805.312622747513
2017-09-28 07:00:00,4938.757126694789
2017-09-28 08:00:00,4713.995146333988
2017-09-28 09:00:00,4659.134731094325
2017-09-28 10:00:00,4664.776306540137
2017-09-28 11:00:00,4668.885369414853
2017-09-28 12:00:00,4654.789166049466
2017-09-28 13:00:00,4650.046466727825
2017-09-28 14:00:00,4652.737987991401
2017-09-28 15:00:00,4631.698325636291
2017-09-28 16:00:00,4640.631435544877
2017-09-28 17:00:00,4654.30422578547
2017-09-28 18:00:00,4667.814356761905
2017-09-28 19:00:00,4674.279727983957
2017-09-28 20:00:00,4779.033621056413
2017-09-28 21:00:00,4740.365390353608
2017-09-28 22:00:00,4604.377389414115
2017-09-28 23:00:00,4471.677610307451
2017-09-29 00:00:00,4443.550955299205
2017-09-29 01:00:00,4478.805984573599
2017-09-29 02:00:00,4578.753996765971
2017-09-29 03:00:00,4609.859854441956
2017-09-29 04:00:00,4627.781011525034
2017-09-29 05:00:00,4653.188871704709
2017-09-29 06:00:00,4793.513428097614
2017-09-29 07:00:00,4922.421665002888
2017-09-29 08:00:00,4703.100020395158
2017-09-29 09:00:00,4656.731815558909
2017-09-29 10:00:00,4661.7534277103
2017-09-29 11:00:00,4675.251476903262
2017-09-29 12:00:00,4659.619235501144
2017-09-29 13:00:00,4654.976801587395
2017-09-29 14:00:00,4659.3360744804195
2017-09-29 15:00:00,4638.29641212531
2017-09-29 16:00:00,4645.106637062755
2017-09-29 17:00:00,4658.9661824360865
2017-09-29 18:00:00,4665.938269279531
2017-09-29 19:00:00,4661.073264476662
2017-09-29 20:00:00,4756.976095465838
2017-09-29 21:00:00,4719.4991813377765
2017-09-29 22:00:00,4617.303009231047
2017-09-29 23:00:00,4504.139552839902
2017-09-30 00:00:00,4436.473895294644
2017-09-30 01:00:00,4463.049418666578
2017-09-30 02:00:00,4555.812496558224
2017-09-30 03:00:00,4587.031913704058
2017-09-30 04:00:00,4605.138821642512
2017-09-30 05:00:00,4616.4938964499925
2017-09-30 06:00:00,4679.419210812348
2017-09-30 07:00:00,4715.550838671599
2017-09-30 08:00:00,4682.995206065702
2017-09-30 09:00:00,4709.091868538876
2017-09-30 10:00:00,4694.912062718051
2017-09-30 11:00:00,4668.7597123372525
2017-09-30 12:00:00,4650.603321336796
2017-09-30 13:00:00,4648.317461724099
2017-09-30 14:00:00,4644.162300029687
2017-09-30 15:00:00,4635.571897430083
2017-09-30 16:00:00,4648.28670525934
2017-09-30 17:00:00,4668.594430103789
2017-09-30 18:00:00,4674.7044117984215
2017-09-30 19:00:00,4670.049369989382
2017-09-30 20:00:00,4765.952200978558
2017-09-30 21:00:00,4715.9243115656745
2017-09-30 22:00:00,4621.196659292866
2017-09-30 23:00:00,4516.251916273193
2017-10-01 00:00:00,4453.943414015159
2017-10-01 01:00:00,4475.521102272542
2017-10-01 02:00:00,4567.0222641977325
2017-10-01 03:00:00,4598.2416813435675
2017-10-01 04:00:00,4620.21687064795
2017-10-01 05:00:00,4627.931518386652
2017-10-01 06:00:00,4692.69064874177
2017-10-01 07:00:00,4728.406921879909
2017-10-01 08:00:00,4693.144214037168
2017-10-01 09:00:00,4707.886756328461
2017-10-01 10:00:00,4674.969910570187
2017-10-01 11:00:00,4645.558119068875
2017-10-01 12:00:00,4653.00377747596
2017-10-01 13:00:00,4655.45815165243
2017-10-01 14:00:00,4645.111598144538
2017-10-01 15:00:00,4636.519187138515
2017-10-01 16:00:00,4649.949215242004
2017-10-01 17:00:00,4687.443900131648
2017-10-01 18:00:00,4702.910447384157
2017-10-01 19:00:00,4706.883164873096
2017-10-01 20:00:00,4808.643796842144
2017-10-01 21:00:00,4752.393110362043
2017-10-01 22:00:00,4609.323800124297
2017-10-01 23:00:00,4511.224441565471
2017-10-02 00:00:00,4507.716036518654
2017-10-02 01:00:00,4549.7656965933675
2017-10-02 02:00:00,4659.989755333706
2017-10-02 03:00:00,4695.60750436295
2017-10-02 04:00:00,4712.94996104257
2017-10-02 05:00:00,4748.218917348086
2017-10-02 06:00:00,4890.817425270905
2017-10-02 07:00:00,5030.085040164995
2017-10-02 08:00:00,4789.383528189518
2017-10-02 09:00:00,4680.123515354152
2017-10-02 10:00:00,4683.328415326501
2017-10-02 11:00:00,4674.740285210686
2017-10-02 12:00:00,4660.216671047575
2017-10-02 13:00:00,4657.263423621261
2017-10-02 14:00:00,4656.637040499929
2017-10-02 15:00:00,4635.438733561064
2017-10-02 16:00:00,4644.744274857534
2017-10-02 17:00:00,4669.17394658137
2017-10-02 18:00:00,4684.0594130087875
2017-10-02 19:00:00,4690.0417401633795
2017-10-02 20:00:00,4792.048257860828
2017-10-02 21:00:00,4721.251121535526
2017-10-02 22:00:00,4593.847558040301
2017-10-02 23:00:00,4460.027642679948
2017-10-03 00:00:00,4449.228226618876
2017-10-03 01:00:00,4491.660044818144
2017-10-03 02:00:00,4601.367186218136
2017-10-03 03:00:00,4634.334756565744
2017-10-03 04:00:00,4651.810251740669
2017-10-03 05:00:00,4679.484209297801
2017-10-03 06:00:00,4821.022133792141
2017-10-03 07:00:00,4951.826930606257
2017-10-03 08:00:00,4739.348486908159
2017-10-03 09:00:00,4663.335662985257
2017-10-03 10:00:00,4668.977238431068
2017-10-03 11:00:00,4674.422870795879
2017-10-03 12:00:00,4660.326667430492
2017-10-03 13:00:00,4655.583968108851
2017-10-03 14:00:00,4658.275489372426
2017-10-03 15:00:00,4637.256541702098
2017-10-03 16:00:00,4646.189651610683
2017-10-03 17:00:00,4670.33245990881
2017-10-03 18:00:00,4687.611225715981
2017-10-03 19:00:00,4693.996182301589
2017-10-03 20:00:00,4794.606387211511
2017-10-03 21:00:00,4726.088466242351
2017-10-03 22:00:00,4612.640892693387
2017-10-03 23:00:00,4478.8209773330345
2017-10-04 00:00:00,4457.10463721188
2017-10-04 01:00:00,4499.3483348667405
2017-10-04 02:00:00,4602.619806366135
2017-10-04 03:00:00,4633.725664042118
2017-10-04 04:00:00,4651.201159217043
2017-10-04 05:00:00,4674.673968988476
2017-10-04 06:00:00,4816.265460954803
2017-10-04 07:00:00,4947.070257768918
2017-10-04 08:00:00,4733.819716902908
2017-10-04 09:00:00,4658.136798967213
2017-10-04 10:00:00,4663.778374413025
2017-10-04 11:00:00,4667.887437287741
2017-10-04 12:00:00,4653.791233922354
2017-10-04 13:00:00,4649.0485346007135
2017-10-04 14:00:00,4651.7400558642885
2017-10-04 15:00:00,4630.7211081939595
2017-10-04 16:00:00,4639.654218102545
2017-10-04 17:00:00,4663.701530631221
2017-10-04 18:00:00,4682.4995615693815
2017-10-04 19:00:00,4688.88451815499
2017-10-04 20:00:00,4790.409434663793
2017-10-04 21:00:00,4721.891513694633
2017-10-04 22:00:00,4608.443940145668
2017-10-04 23:00:00,4478.996148136437
2017-10-05 00:00:00,4451.887080637203
2017-10-05 01:00:00,4493.961217659283
2017-10-05 02:00:00,4597.232689158677
2017-10-05 03:00:00,4628.3385468346605
2017-10-05 04:00:00,4645.814042009585
2017-10-05 05:00:00,4669.286851781018
2017-10-05 06:00:00,4810.878343747345
2017-10-05 07:00:00,4941.683140561459
2017-10-05 08:00:00,4728.432599695449
2017-10-05 09:00:00,4653.328758336315
2017-10-05 10:00:00,4658.9703337821265
2017-10-05 11:00:00,4663.0793966568435
2017-10-05 12:00:00,4648.983193291457
2017-10-05 13:00:00,4644.240493969815
2017-10-05 14:00:00,4646.93201523339
2017-10-05 15:00:00,4625.892352878282
2017-10-05 16:00:00,4634.825462786866
2017-10-05 17:00:00,4658.872775315543
2017-10-05 18:00:00,4677.670806253704
2017-10-05 19:00:00,4684.136177475755
2017-10-05 20:00:00,4785.679221295143
2017-10-05 21:00:00,4717.161300325984
2017-10-05 22:00:00,4605.309670846413
2017-10-05 23:00:00,4478.470933907814
2017-10-06 00:00:00,4452.643892369366
2017-10-06 01:00:00,4486.24003436332
2017-10-06 02:00:00,4586.1880465556915
2017-10-06 03:00:00,4617.293904231677
2017-10-06 04:00:00,4635.215061314754
2017-10-06 05:00:00,4658.979882218868
2017-10-06 06:00:00,4799.304438611773
2017-10-06 07:00:00,4925.572968383887
2017-10-06 08:00:00,4717.762763270948
2017-10-06 09:00:00,4651.151132315227
2017-10-06 10:00:00,4656.172744466617
2017-10-06 11:00:00,4669.67079365958
2017-10-06 12:00:00,4654.038552257462
2017-10-06 13:00:00,4649.396118343713
2017-10-06 14:00:00,4653.755391236737
2017-10-06 15:00:00,4632.715728881627
2017-10-06 16:00:00,4639.525953819073
2017-10-06 17:00:00,4663.760021480486
2017-10-06 18:00:00,4676.020008285656
2017-10-06 19:00:00,4671.155003482788
2017-10-06 20:00:00,4763.8469852188955
2017-10-06 21:00:00,4696.5203808244805
2017-10-06 22:00:00,4618.460580177672
2017-10-06 23:00:00,4511.158165954592
2017-10-07 00:00:00,4444.47267513783
2017-10-07 01:00:00,4469.389311229325
2017-10-07 02:00:00,4562.152389120971
2017-10-07 03:00:00,4593.371806266806
2017-10-07 04:00:00,4611.478714205259
2017-10-07 05:00:00,4622.8337890127395
2017-10-07 06:00:00,4685.759103375094
2017-10-07 07:00:00,4717.416846161816
2017-10-07 08:00:00,4694.406008875336
2017-10-07 09:00:00,4702.038812511102
2017-10-07 10:00:00,4687.859006690278
2017-10-07 11:00:00,4661.706656309479
2017-10-07 12:00:00,4643.5502653090225
2017-10-07 13:00:00,4641.264405696325
2017-10-07 14:00:00,4637.109244001913
2017-10-07 15:00:00,4628.518841402309
2017-10-07 16:00:00,4641.233649231566
2017-10-07 17:00:00,4671.915896364097
2017-10-07 18:00:00,4683.313778020456
2017-10-07 19:00:00,4678.658736211417
2017-10-07 20:00:00,4771.350717947525
2017-10-07 21:00:00,4704.02411355311
2017-10-07 22:00:00,4620.132363036427
2017-10-07 23:00:00,4518.167935624124
2017-10-08 00:00:00,4455.107663707018
2017-10-08 01:00:00,4476.685351964401
2017-10-08 02:00:00,4568.186513889593
2017-10-08 03:00:00,4599.405931035427
2017-10-08 04:00:00,4621.381120339809
2017-10-08 05:00:00,4629.09576807851
2017-10-08 06:00:00,4693.854898433629
2017-10-08 07:00:00,4720.975743901693
2017-10-08 08:00:00,4703.34764273069
2017-10-08 09:00:00,4708.329344426082
2017-10-08 10:00:00,4675.412498667807
2017-10-08 11:00:00,4646.000707166496
2017-10-08 12:00:00,4653.44636557358
2017-10-08 13:00:00,4655.900739750051
2017-10-08 14:00:00,4645.55418624216
2017-10-08 15:00:00,4636.9617752361355
2017-10-08 16:00:00,4650.391803339625
2017-10-08 17:00:00,4687.886488229268
2017-10-08 18:00:00,4705.990939309994
2017-10-08 19:00:00,4713.968944600026
2017-10-08 20:00:00,4807.182828114129
2017-10-08 21:00:00,4733.633426652496
2017-10-08 22:00:00,4615.208710402283
2017-10-08 23:00:00,4520.089667450828
2017-10-09 00:00:00,4507.593192995248
2017-10-09 01:00:00,4549.642853069961
2017-10-09 02:00:00,4659.8669118103
2017-10-09 03:00:00,4695.484660839544
2017-10-09 04:00:00,4712.827117519163
2017-10-09 05:00:00,4748.0960738246795
2017-10-09 06:00:00,4890.694581747499
2017-10-09 07:00:00,5018.414535875461
2017-10-09 08:00:00,4800.431809821347
2017-10-09 09:00:00,4679.741538989068
2017-10-09 10:00:00,4682.946438961419
2017-10-09 11:00:00,4674.358308845603
2017-10-09 12:00:00,4659.834694682491
2017-10-09 13:00:00,4656.881447256177
2017-10-09 14:00:00,4656.255064134845
2017-10-09 15:00:00,4635.05675719598
2017-10-09 16:00:00,4644.362298492451
2017-10-09 17:00:00,4668.791970216286
2017-10-09 18:00:00,4683.677436643705
2017-10-09 19:00:00,4700.468493551546
2017-10-09 20:00:00,4787.901003546661
2017-10-09 21:00:00,4717.10386722136
2017-10-09 22:00:00,4597.134177563636
2017-10-09 23:00:00,4461.233535181756
2017-10-10 00:00:00,4449.247252536181
2017-10-10 01:00:00,4491.679070735449
2017-10-10 02:00:00,4601.3862121354405
2017-10-10 03:00:00,4634.353782483049
2017-10-10 04:00:00,4651.829277657974
2017-10-10 05:00:00,4679.503235215106
2017-10-10 06:00:00,4821.041159709446
2017-10-10 07:00:00,4946.194923263113
2017-10-10 08:00:00,4744.923825991587
2017-10-10 09:00:00,4663.247278140998
2017-10-10 10:00:00,4668.888853586809
2017-10-10 11:00:00,4674.33448595162
2017-10-10 12:00:00,4660.238282586233
2017-10-10 13:00:00,4655.495583264592
2017-10-10 14:00:00,4658.187104528167
2017-10-10 15:00:00,4637.168156857839
2017-10-10 16:00:00,4646.101266766424
2017-10-10 17:00:00,4670.244075064551
2017-10-10 18:00:00,4687.522840871722
2017-10-10 19:00:00,4704.71652721058
2017-10-10 20:00:00,4790.752724418169
2017-10-10 21:00:00,4722.23480344901
2017-10-10 22:00:00,4616.2211037375455
2017-10-10 23:00:00,4480.320461355667
2017-10-11 00:00:00,4457.468749134001
2017-10-11 01:00:00,4499.712446788861
2017-10-11 02:00:00,4602.983918288255
2017-10-11 03:00:00,4634.0897759642385
2017-10-11 04:00:00,4651.565271139163
2017-10-11 05:00:00,4675.038080910596
2017-10-11 06:00:00,4816.629572876923
2017-10-11 07:00:00,4941.78333643059
2017-10-11 08:00:00,4739.740141991152
2017-10-11 09:00:00,4658.39350012777
2017-10-11 10:00:00,4664.035075573581
2017-10-11 11:00:00,4668.144138448298
2017-10-11 12:00:00,4654.047935082911
2017-10-11 13:00:00,4649.30523576127
2017-10-11 14:00:00,4651.996757024845
2017-10-11 15:00:00,4630.9778093545165
2017-10-11 16:00:00,4639.910919263101
2017-10-11 17:00:00,4663.9582317917775
2017-10-11 18:00:00,4682.7562627299385
2017-10-11 19:00:00,4702.294562255104
2017-10-11 20:00:00,4781.780474377257
2017-10-11 21:00:00,4713.262553408097
2017-10-11 22:00:00,4615.336630190239
2017-10-11 23:00:00,4483.808111159482
2017-10-12 00:00:00,4452.465502375981
2017-10-12 01:00:00,4494.53963939806
2017-10-12 02:00:00,4597.811110897454
2017-10-12 03:00:00,4628.916968573438
2017-10-12 04:00:00,4646.3924637483615
2017-10-12 05:00:00,4669.865273519795
2017-10-12 06:00:00,4811.456765486122
2017-10-12 07:00:00,4936.610529039788
2017-10-12 08:00:00,4734.5673346003505
2017-10-12 09:00:00,4653.7997693135285
2017-10-12 10:00:00,4659.44134475934
2017-10-12 11:00:00,4663.550407634057
2017-10-12 12:00:00,4649.45420426867
2017-10-12 13:00:00,4644.7115049470285
2017-10-12 14:00:00,4647.4030262106035
2017-10-12 15:00:00,4626.363363855495
2017-10-12 16:00:00,4635.29647376408
2017-10-12 17:00:00,4659.601580209249
2017-10-12 18:00:00,4678.39961114741
2017-10-12 19:00:00,4698.527523618389
2017-10-12 20:00:00,4778.031563051127
2017-10-12 21:00:00,4709.513642081967
2017-10-12 22:00:00,4613.183662933502
2017-10-12 23:00:00,4484.264198973377
2017-10-13 00:00:00,4454.874599612908
2017-10-13 01:00:00,4488.470741606862
2017-10-13 02:00:00,4588.418753799234
2017-10-13 03:00:00,4619.524611475218
2017-10-13 04:00:00,4637.445768558296
2017-10-13 05:00:00,4661.210589462409
2017-10-13 06:00:00,4801.535145855315
2017-10-13 07:00:00,4922.152642366981
2017-10-13 08:00:00,4725.549783680614
2017-10-13 09:00:00,4653.274428797205
2017-10-13 10:00:00,4658.296040948595
2017-10-13 11:00:00,4671.794090141558
2017-10-13 12:00:00,4656.16184873944
2017-10-13 13:00:00,4651.519414825691
2017-10-13 14:00:00,4655.878687718715
2017-10-13 15:00:00,4634.839025363605
2017-10-13 16:00:00,4641.64925030105
2017-10-13 17:00:00,4666.141111878957
2017-10-13 18:00:00,4678.401098684128
2017-10-13 19:00:00,4687.198635130186
2017-10-13 20:00:00,4758.756435270754
2017-10-13 21:00:00,4691.429830876339
2017-10-13 22:00:00,4626.563049979608
2017-10-13 23:00:00,4517.179908735002
2017-10-14 00:00:00,4449.610680181651
2017-10-14 01:00:00,4474.527316273146
2017-10-14 02:00:00,4567.290394164791
2017-10-14 03:00:00,4598.509811310626
2017-10-14 04:00:00,4616.616719249079
2017-10-14 05:00:00,4626.096572786208
2017-10-14 06:00:00,4689.021887148562
2017-10-14 07:00:00,4716.205842159613
2017-10-14 08:00:00,4702.928379209331
2017-10-14 09:00:00,4704.714047290138
2017-10-14 10:00:00,4690.534241469314
2017-10-14 11:00:00,4664.381891088515
2017-10-14 12:00:00,4646.225500088059
2017-10-14 13:00:00,4643.939640475362
2017-10-14 14:00:00,4639.784478780949
2017-10-14 15:00:00,4631.194076181345
2017-10-14 16:00:00,4643.908884010602
2017-10-14 17:00:00,4674.848925059627
2017-10-14 18:00:00,4686.246806715985
2017-10-14 19:00:00,4699.913368476732
2017-10-14 20:00:00,4766.551934324269
2017-10-14 21:00:00,4702.377936528956
2017-10-14 22:00:00,4631.679205762351
2017-10-14 23:00:00,4527.634051328521
2017-10-15 00:00:00,4460.612607320067
2017-10-15 01:00:00,4482.19029557745
2017-10-15 02:00:00,4573.691457502643
2017-10-15 03:00:00,4604.910874648476
2017-10-15 04:00:00,4626.8860639528575
2017-10-15 05:00:00,4632.1389302751495
2017-10-15 06:00:00,4696.8980606302675
2017-10-15 07:00:00,4723.666660920206
2017-10-15 08:00:00,4707.68212273308
2017-10-15 09:00:00,4710.918495489115
2017-10-15 10:00:00,4678.001649730841
2017-10-15 11:00:00,4648.58985822953
2017-10-15 12:00:00,4656.035516636614
2017-10-15 13:00:00,4658.489890813085
2017-10-15 14:00:00,4648.143337305193
2017-10-15 15:00:00,4639.550926299169
2017-10-15 16:00:00,4652.980954402659
2017-10-15 17:00:00,4690.733433208796
2017-10-15 18:00:00,4708.837884289522
2017-10-15 19:00:00,4731.132205348246
2017-10-15 20:00:00,4794.580844470693
2017-10-15 21:00:00,4728.733830945989
2017-10-15 22:00:00,4629.109997038899
2017-10-15 23:00:00,4530.521318946148
2017-10-16 00:00:00,4508.440977046152
2017-10-16 01:00:00,4550.490637120865
2017-10-16 02:00:00,4660.714695861203
2017-10-16 03:00:00,4696.332444890446
2017-10-16 04:00:00,4713.674901570066
2017-10-16 05:00:00,4747.345717758331
2017-10-16 06:00:00,4889.944225681151
2017-10-16 07:00:00,5017.664179809113
2017-10-16 08:00:00,4799.681453755
2017-10-16 09:00:00,4678.991182922721
2017-10-16 10:00:00,4682.1960828950705
2017-10-16 11:00:00,4673.607952779255
2017-10-16 12:00:00,4659.084338616144
2017-10-16 13:00:00,4656.13109118983
2017-10-16 14:00:00,4655.504708068498
2017-10-16 15:00:00,4634.306401129633
2017-10-16 16:00:00,4643.611942426103
2017-10-16 17:00:00,4668.299408066432
2017-10-16 18:00:00,4683.184874493851
2017-10-16 19:00:00,4706.867614431195
2017-10-16 20:00:00,4776.222545118935
2017-10-16 21:00:00,4711.656434680959
2017-10-16 22:00:00,4605.224539477439
2017-10-16 23:00:00,4468.305915349974
2017-10-17 00:00:00,4450.3268310961075
2017-10-17 01:00:00,4492.758649295376
2017-10-17 02:00:00,4602.465790695367
2017-10-17 03:00:00,4635.433361042975
2017-10-17 04:00:00,4652.9088562179
2017-10-17 05:00:00,4678.984673657782
2017-10-17 06:00:00,4820.522598152123
2017-10-17 07:00:00,4945.676361705789
2017-10-17 08:00:00,4744.405264434264
2017-10-17 09:00:00,4661.867191356678
2017-10-17 10:00:00,4667.50876680249
2017-10-17 11:00:00,4672.9543991673
2017-10-17 12:00:00,4658.858195801913
2017-10-17 13:00:00,4654.115496480273
2017-10-17 14:00:00,4656.807017743848
2017-10-17 15:00:00,4635.788070073519
2017-10-17 16:00:00,4644.721179982104
2017-10-17 17:00:00,4669.121782196724
2017-10-17 18:00:00,4697.814588916371
2017-10-17 19:00:00,4721.899958284731
2017-10-17 20:00:00,4773.250456361274
2017-10-17 21:00:00,4710.963561279439
2017-10-17 22:00:00,4618.48765602218
2017-10-17 23:00:00,4481.5690318947145
2017-10-18 00:00:00,4459.521094763865
2017-10-18 01:00:00,4501.764792418726
2017-10-18 02:00:00,4605.03626391812
2017-10-18 03:00:00,4636.142121594104
2017-10-18 04:00:00,4653.617616769028
2017-10-18 05:00:00,4674.62864512405
2017-10-18 06:00:00,4816.220137090378
2017-10-18 07:00:00,4941.373900644044
2017-10-18 08:00:00,4739.330706204606
2017-10-18 09:00:00,4657.122539114228
2017-10-18 10:00:00,4662.76411456004
2017-10-18 11:00:00,4666.873177434756
2017-10-18 12:00:00,4652.776974069369
2017-10-18 13:00:00,4648.034274747728
2017-10-18 14:00:00,4650.725796011304
2017-10-18 15:00:00,4629.706848340975
2017-10-18 16:00:00,4638.639958249561
2017-10-18 17:00:00,4662.94506469473
2017-10-18 18:00:00,4693.157136545365
2017-10-18 19:00:00,4717.242505913725
2017-10-18 20:00:00,4769.507715589149
2017-10-18 21:00:00,4707.220820507314
2017-10-18 22:00:00,4614.744915250055
2017-10-18 23:00:00,4482.198414473712
2017-10-19 00:00:00,4454.779172648434
2017-10-19 01:00:00,4496.853309670514
2017-10-19 02:00:00,4600.124781169908
2017-10-19 03:00:00,4631.230638845891
2017-10-19 04:00:00,4648.706134020816
2017-10-19 05:00:00,4669.717162375839
2017-10-19 06:00:00,4811.308654342165
2017-10-19 07:00:00,4936.462417895832
2017-10-19 08:00:00,4734.419223456393
2017-10-19 09:00:00,4652.790132942576
2017-10-19 10:00:00,4658.431708388388
2017-10-19 11:00:00,4662.540771263104
2017-10-19 12:00:00,4648.444567897717
2017-10-19 13:00:00,4643.701868576076
2017-10-19 14:00:00,4646.393389839652
2017-10-19 15:00:00,4625.353727484542
2017-10-19 16:00:00,4634.286837393128
2017-10-19 17:00:00,4658.591943838297
2017-10-19 18:00:00,4688.804015688932
2017-10-19 19:00:00,4712.969799693737
2017-10-19 20:00:00,4765.253136679745
2017-10-19 21:00:00,4702.96624159791
2017-10-19 22:00:00,4612.086280410045
2017-10-19 23:00:00,4482.148834704333
2017-10-20 00:00:00,4457.1882698853615
2017-10-20 01:00:00,4490.7844118793155
2017-10-20 02:00:00,4590.732424071688
2017-10-20 03:00:00,4621.838281747671
2017-10-20 04:00:00,4639.75943883075
2017-10-20 05:00:00,4661.062478318453
2017-10-20 06:00:00,4801.387034711358
2017-10-20 07:00:00,4922.004531223024
2017-10-20 08:00:00,4725.401672536657
2017-10-20 09:00:00,4652.264792426253
2017-10-20 10:00:00,4657.286404577643
2017-10-20 11:00:00,4670.784453770606
2017-10-20 12:00:00,4655.152212368488
2017-10-20 13:00:00,4650.509778454739
2017-10-20 14:00:00,4654.869051347763
2017-10-20 15:00:00,4633.829388992654
2017-10-20 16:00:00,4640.639613930099
2017-10-20 17:00:00,4665.131475508006
2017-10-20 18:00:00,4688.80550322565
2017-10-20 19:00:00,4701.6409112055335
2017-10-20 20:00:00,4745.978008899373
2017-10-20 21:00:00,4684.882430392282
2017-10-20 22:00:00,4625.465667456152
2017-10-20 23:00:00,4515.0645444659585
2017-10-21 00:00:00,4451.298839089834
2017-10-21 01:00:00,4476.215475181329
2017-10-21 02:00:00,4568.193120554224
2017-10-21 03:00:00,4599.412537700057
2017-10-21 04:00:00,4617.519445638512
2017-10-21 05:00:00,4626.412739029582
2017-10-21 06:00:00,4689.338053391937
2017-10-21 07:00:00,4716.522008402988
2017-10-21 08:00:00,4703.244545452706
2017-10-21 09:00:00,4703.651645931351
2017-10-21 10:00:00,4689.4718401105265
2017-10-21 11:00:00,4663.319489729727
2017-10-21 12:00:00,4645.163098729272
2017-10-21 13:00:00,4642.877239116575
2017-10-21 14:00:00,4638.722077422162
2017-10-21 15:00:00,4630.131674822557
2017-10-21 16:00:00,4642.846482651815
2017-10-21 17:00:00,4673.786523700839
2017-10-21 18:00:00,4696.598446269672
2017-10-21 19:00:00,4711.1396806336725
2017-10-21 20:00:00,4752.645883572481
2017-10-21 21:00:00,4695.288683164548
2017-10-21 22:00:00,4630.039970358543
2017-10-21 23:00:00,4523.490663454217
2017-10-22 00:00:00,4461.755963557075
2017-10-22 01:00:00,4483.333651814459
2017-10-22 02:00:00,4574.049381220901
2017-10-22 03:00:00,4605.268798366734
2017-10-22 04:00:00,4627.243987671116
2017-10-22 05:00:00,4632.496853993407
2017-10-22 06:00:00,4697.255984348526
2017-10-22 07:00:00,4724.024584638464
2017-10-22 08:00:00,4708.040046451339
2017-10-22 09:00:00,4709.897851605211
2017-10-22 10:00:00,4676.981005846937
2017-10-22 11:00:00,4647.569214345626
2017-10-22 12:00:00,4655.01487275271
2017-10-22 13:00:00,4657.469246929181
2017-10-22 14:00:00,4647.122693421289
2017-10-22 15:00:00,4638.530282415266
2017-10-22 16:00:00,4651.960310518755
2017-10-22 17:00:00,4689.712789324892
2017-10-22 18:00:00,4719.2312813180915
2017-10-22 19:00:00,4742.40027498007
2017-10-22 20:00:00,4786.409899523814
2017-10-22 21:00:00,4724.301264098268
2017-10-22 22:00:00,4624.677430191178
2017-10-22 23:00:00,4524.602581373517
2017-10-23 00:00:00,4509.559077759936
2017-10-23 01:00:00,4551.608737834651
2017-10-23 02:00:00,4661.047364056238
2017-10-23 03:00:00,4696.665113085482
2017-10-23 04:00:00,4714.007569765102
2017-10-23 05:00:00,4747.678385953367
2017-10-23 06:00:00,4890.2768938761865
2017-10-23 07:00:00,5017.996848004149
2017-10-23 08:00:00,4800.014121950035
2017-10-23 09:00:00,4678.462325890761
2017-10-23 10:00:00,4681.667225863111
2017-10-23 11:00:00,4673.079095747295
2017-10-23 12:00:00,4658.555481584184
2017-10-23 13:00:00,4655.60223415787
2017-10-23 14:00:00,4654.975851036537
2017-10-23 15:00:00,4633.777544097673
2017-10-23 16:00:00,4643.083085394143
2017-10-23 17:00:00,4667.770551034472
2017-10-23 18:00:00,4694.070058374365
2017-10-23 19:00:00,4718.627470914962
2017-10-23 20:00:00,4755.820149724195
2017-10-23 21:00:00,4707.478835708278
2017-10-23 22:00:00,4602.9488005281455
2017-10-23 23:00:00,4464.54400567577
2017-10-24 00:00:00,4451.30227882846
2017-10-24 01:00:00,4493.734097027728
2017-10-24 02:00:00,4602.65580590897
2017-10-24 03:00:00,4635.623376256578
2017-10-24 04:00:00,4653.098871431503
2017-10-24 05:00:00,4679.174688871384
2017-10-24 06:00:00,4820.712613365725
2017-10-24 07:00:00,4945.866376919391
2017-10-24 08:00:00,4744.595279647866
2017-10-24 09:00:00,4662.05720657028
2017-10-24 10:00:00,4667.698782016092
2017-10-24 11:00:00,4673.144414380902
2017-10-24 12:00:00,4659.048211015516
2017-10-24 13:00:00,4654.305511693875
2017-10-24 14:00:00,4655.740541033878
2017-10-24 15:00:00,4635.700098827687
2017-10-24 16:00:00,4644.691386493754
2017-10-24 17:00:00,4669.091988708375
2017-10-24 18:00:00,4699.598238673026
2017-10-24 19:00:00,4724.558280644639
2017-10-24 20:00:00,4762.725965955695
2017-10-24 21:00:00,4716.356498439685
2017-10-24 22:00:00,4623.442271626263
2017-10-24 23:00:00,4485.037476773888
2017-10-25 00:00:00,4460.5659658025415
2017-10-25 01:00:00,4502.809663457402
2017-10-25 02:00:00,4605.295702438047
2017-10-25 03:00:00,4636.40156011403
2017-10-25 04:00:00,4653.877055288955
2017-10-25 05:00:00,4674.888083643978
2017-10-25 06:00:00,4816.479575610304
2017-10-25 07:00:00,4941.633339163971
2017-10-25 08:00:00,4739.590144724532
2017-10-25 09:00:00,4657.381977634155
2017-10-25 10:00:00,4663.023553079967
2017-10-25 11:00:00,4667.132615954683
2017-10-25 12:00:00,4653.036412589297
2017-10-25 13:00:00,4648.293713267655
2017-10-25 14:00:00,4649.728742607658
2017-10-25 15:00:00,4629.688300401467
2017-10-25 16:00:00,4638.6795880675345
2017-10-25 17:00:00,4662.984694512705
2017-10-25 18:00:00,4695.010209608345
2017-10-25 19:00:00,4719.970251579958
2017-10-25 20:00:00,4759.052648489895
2017-10-25 21:00:00,4712.683180973885
2017-10-25 22:00:00,4619.768954160463
2017-10-25 23:00:00,4485.736282659209
2017-10-26 00:00:00,4457.083629425375
2017-10-26 01:00:00,4499.157766447455
2017-10-26 02:00:00,4601.6438054281
2017-10-26 03:00:00,4632.749663104083
2017-10-26 04:00:00,4650.225158279008
2017-10-26 05:00:00,4671.236186634031
2017-10-26 06:00:00,4812.827678600357
2017-10-26 07:00:00,4937.981442154024
2017-10-26 08:00:00,4735.938247714586
2017-10-26 09:00:00,4654.309157200768
2017-10-26 10:00:00,4659.95073264658
2017-10-26 11:00:00,4664.059795521296
2017-10-26 12:00:00,4649.963592155909
2017-10-26 13:00:00,4645.220892834269
2017-10-26 14:00:00,4646.655922174272
2017-10-26 15:00:00,4626.5947652833
2017-10-26 16:00:00,4635.5860529493675
2017-10-26 17:00:00,4669.809200600431
2017-10-26 18:00:00,4704.2946769872115
2017-10-26 19:00:00,4729.335133595269
2017-10-26 20:00:00,4750.614691096222
2017-10-26 21:00:00,4704.245223580213
2017-10-26 22:00:00,4612.926940836184
2017-10-26 23:00:00,4492.214358529152
2017-10-27 00:00:00,4460.214669495808
2017-10-27 01:00:00,4493.810811489763
2017-10-27 02:00:00,4592.973391163385
2017-10-27 03:00:00,4624.079248839369
2017-10-27 04:00:00,4642.0004059224475
2017-10-27 05:00:00,4663.303445410151
2017-10-27 06:00:00,4803.628001803056
2017-10-27 07:00:00,4924.245498314722
2017-10-27 08:00:00,4727.642639628355
2017-10-27 09:00:00,4654.5057595179505
2017-10-27 10:00:00,4659.527371669341
2017-10-27 11:00:00,4673.025420862304
2017-10-27 12:00:00,4657.393179460185
2017-10-27 13:00:00,4652.7507455464365
2017-10-27 14:00:00,4655.853526515888
2017-10-27 15:00:00,4635.792369624916
2017-10-27 16:00:00,4642.660772319844
2017-10-27 17:00:00,4677.070675103644
2017-10-27 18:00:00,4705.018107357435
2017-10-27 19:00:00,4718.728187940572
2017-10-27 20:00:00,4725.733430032182
2017-10-27 21:00:00,4690.200278718939
2017-10-27 22:00:00,4627.305901546353
2017-10-27 23:00:00,4526.129641954841
2017-10-28 00:00:00,4453.895177803757
2017-10-28 01:00:00,4478.811813895252
2017-10-28 02:00:00,4570.789459268147
2017-10-28 03:00:00,4602.008876413982
2017-10-28 04:00:00,4620.115784352435
2017-10-28 05:00:00,4629.009077743505
2017-10-28 06:00:00,4691.934392105861
2017-10-28 07:00:00,4719.1183471169115
2017-10-28 08:00:00,4705.84088416663
2017-10-28 09:00:00,4706.247984645274
2017-10-28 10:00:00,4692.06817882445
2017-10-28 11:00:00,4665.915828443651
2017-10-28 12:00:00,4647.759437443196
2017-10-28 13:00:00,4645.4735778304985
2017-10-28 14:00:00,4641.675704130338
2017-10-28 15:00:00,4633.338807090602
2017-10-28 16:00:00,4646.254811221213
2017-10-28 17:00:00,4687.11289347613
2017-10-28 18:00:00,4712.531033869913
2017-10-28 19:00:00,4727.072268233912
2017-10-28 20:00:00,4734.077510325522
2017-10-28 21:00:00,4698.5443590122795
2017-10-28 22:00:00,4629.818031969819
2017-10-28 23:00:00,4533.979759189084
2017-10-29 00:00:00,4465.402570346203
2017-10-29 01:00:00,4486.980258603586
2017-10-29 02:00:00,4577.419922848235
2017-10-29 03:00:00,4608.63933999407
2017-10-29 04:00:00,4630.614529298452
2017-10-29 05:00:00,4635.867395620743
2017-10-29 06:00:00,4700.626525975862
2017-10-29 07:00:00,4727.3951262658
2017-10-29 08:00:00,4711.410588078675
2017-10-29 09:00:00,4713.268393232548
2017-10-29 10:00:00,4680.351547474273
2017-10-29 11:00:00,4650.939755972962
2017-10-29 12:00:00,4658.385414380046
2017-10-29 13:00:00,4660.839788556517
2017-10-29 14:00:00,4650.850523042878
2017-10-29 15:00:00,4642.511617596722
2017-10-29 16:00:00,4656.1428420015645
2017-10-29 17:00:00,4703.813362013596
2017-10-29 18:00:00,4735.938071831744
2017-10-29 19:00:00,4756.011020925179
2017-10-29 20:00:00,4762.548855437734
2017-10-29 21:00:00,4722.2642691068795
2017-10-29 22:00:00,4626.92575409131
2017-10-29 23:00:00,4537.561939397241
2017-10-30 00:00:00,4510.889571684726
2017-10-30 01:00:00,4552.93923175944
2017-10-30 02:00:00,4662.101792819236
2017-10-30 03:00:00,4697.71954184848
2017-10-30 04:00:00,4715.0619985281
2017-10-30 05:00:00,4748.732814716364
2017-10-30 06:00:00,4891.331322639185
2017-10-30 07:00:00,5019.051276767146
2017-10-30 08:00:00,4801.068550713033
2017-10-30 09:00:00,4679.51675465376
2017-10-30 10:00:00,4682.721654626109
2017-10-30 11:00:00,4674.133524510293
2017-10-30 12:00:00,4659.609910347182
2017-10-30 13:00:00,4656.656662920867
2017-10-30 14:00:00,4654.7737878759635
2017-10-30 15:00:00,4634.553986401236
2017-10-30 16:00:00,4643.917705455189
2017-10-30 17:00:00,4685.103360915121
2017-10-30 18:00:00,4715.67627279116
2017-10-30 19:00:00,4728.842000924648
2017-10-30 20:00:00,4735.208964135981
2017-10-30 21:00:00,4708.332138397202
2017-10-30 22:00:00,4608.51079827442
2017-10-30 23:00:00,4481.607593668448
2017-10-31 00:00:00,4452.556512267843
2017-10-31 01:00:00,4494.988330467111
2017-10-31 02:00:00,4603.63397418656
2017-10-31 03:00:00,4636.601544534169
2017-10-31 04:00:00,4654.077039709094
2017-10-31 05:00:00,4680.152857148975
2017-10-31 06:00:00,4821.690781643316
2017-10-31 07:00:00,4946.844545196982
2017-10-31 08:00:00,4745.573447925457
2017-10-31 09:00:00,4663.035374847871
2017-10-31 10:00:00,4668.676950293683
2017-10-31 11:00:00,4674.122582658493
2017-10-31 12:00:00,4660.026379293107
2017-10-31 13:00:00,4655.283679971466
2017-10-31 14:00:00,4656.718709311469
2017-10-31 15:00:00,4636.678267105278
2017-10-31 16:00:00,4645.669554771345
2017-10-31 17:00:00,4686.568346805569
2017-10-31 18:00:00,4719.534558061361
2017-10-31 19:00:00,4733.1029156258655
2017-10-31 20:00:00,4740.44488533902
2017-10-31 21:00:00,4715.539906100149
2017-10-31 22:00:00,4627.334374344079
2017-10-31 23:00:00,4500.431169738106
2017-11-01 00:00:00,4463.821807590499
2017-11-01 01:00:00,4506.0655052453585
2017-11-01 02:00:00,4608.275479064212
2017-11-01 03:00:00,4639.3813367401945
2017-11-01 04:00:00,4656.85683191512
2017-11-01 05:00:00,4678.268366270531
2017-11-01 06:00:00,4819.859858236859
2017-11-01 07:00:00,4941.725196686024
2017-11-01 08:00:00,4739.682002246586
2017-11-01 09:00:00,4660.218631518864
2017-11-01 10:00:00,4665.860206964675
2017-11-01 11:00:00,4669.969269839392
2017-11-01 12:00:00,4655.873066474005
2017-11-01 13:00:00,4651.130367152364
2017-11-01 14:00:00,4652.565396492367
2017-11-01 15:00:00,4632.524954286176
2017-11-01 16:00:00,4641.516241952243
2017-11-01 17:00:00,4679.899813652656
2017-11-01 18:00:00,4820.565882751421
2017-11-01 19:00:00,4738.556984622994
2017-11-01 20:00:00,4715.093790412347
2017-11-01 21:00:00,4693.77089123605
2017-11-01 22:00:00,4614.32333770926
2017-11-01 23:00:00,4498.178518816335
2017-11-02 00:00:00,4461.630435915411
2017-11-02 01:00:00,4503.704572937491
2017-11-02 02:00:00,4602.094317611714
2017-11-02 03:00:00,4633.200175287699
2017-11-02 04:00:00,4650.675670462623
2017-11-02 05:00:00,4672.0872048180345
2017-11-02 06:00:00,4813.678696784362
2017-11-02 07:00:00,4935.544035233527
2017-11-02 08:00:00,4733.5008407940895
2017-11-02 09:00:00,4654.616546642927
2017-11-02 10:00:00,4660.258122088739
2017-11-02 11:00:00,4664.367184963455
2017-11-02 12:00:00,4650.270981598068
2017-11-02 13:00:00,4645.5282822764275
2017-11-02 14:00:00,4646.9633116164305
2017-11-02 15:00:00,4626.902154725458
2017-11-02 16:00:00,4635.893442391526
2017-11-02 17:00:00,4677.784239649235
2017-11-02 18:00:00,4818.450308748
2017-11-02 19:00:00,4736.521825256016
2017-11-02 20:00:00,4713.076758355955
2017-11-02 21:00:00,4691.753859179658
2017-11-02 22:00:00,4612.723029696343
2017-11-02 23:00:00,4499.1872658740485
2017-11-03 00:00:00,4464.639512447543
2017-11-03 01:00:00,4498.235654441497
2017-11-03 02:00:00,4593.301939808698
2017-11-03 03:00:00,4624.407797484683
2017-11-03 04:00:00,4642.328954567761
2017-11-03 05:00:00,4664.032500055853
2017-11-03 06:00:00,4804.357056448758
2017-11-03 07:00:00,4921.6861278559245
2017-11-03 08:00:00,4725.083269169558
2017-11-03 09:00:00,4654.691185421808
2017-11-03 10:00:00,4659.712797573198
2017-11-03 11:00:00,4673.210846766161
2017-11-03 12:00:00,4657.578605364042
2017-11-03 13:00:00,4652.936171450294
2017-11-03 14:00:00,4656.038952419745
2017-11-03 15:00:00,4635.977795528774
2017-11-03 16:00:00,4642.846198223701
2017-11-03 17:00:00,4684.923750614148
2017-11-03 18:00:00,4819.051775579922
2017-11-03 19:00:00,4722.457170041878
2017-11-03 20:00:00,4691.065863849646
2017-11-03 21:00:00,4670.934281248094
2017-11-03 22:00:00,4623.381595406845
2017-11-03 23:00:00,4529.38215430007
2017-11-04 00:00:00,4460.148248659738
2017-11-04 01:00:00,4485.064884751233
2017-11-04 02:00:00,4572.946235817708
2017-11-04 03:00:00,4604.165652963542
2017-11-04 04:00:00,4622.272560901997
2017-11-04 05:00:00,4631.5663602934565
2017-11-04 06:00:00,4694.491674655811
2017-11-04 07:00:00,4718.387204562361
2017-11-04 08:00:00,4705.109741612079
2017-11-04 09:00:00,4708.261638453379
2017-11-04 10:00:00,4694.081832632555
2017-11-04 11:00:00,4667.929482251755
2017-11-04 12:00:00,4649.7730912513
2017-11-04 13:00:00,4647.487231638603
2017-11-04 14:00:00,4643.689357938443
2017-11-04 15:00:00,4635.352460898706
2017-11-04 16:00:00,4648.268465029317
2017-11-04 17:00:00,4701.271008465369
2017-11-04 18:00:00,4860.900553758234
2017-11-04 19:00:00,4718.77175682307
2017-11-04 20:00:00,4691.505761817796
2017-11-04 21:00:00,4671.374179216244
2017-11-04 22:00:00,4616.916246758587
2017-11-04 23:00:00,4540.64558416359
2017-11-05 00:00:00,4469.823640637831
2017-11-05 01:00:00,4491.401328895214
2017-11-05 02:00:00,4578.020763995236
2017-11-05 03:00:00,4609.240181141069
2017-11-05 04:00:00,4631.215370445452
2017-11-05 05:00:00,4636.868742768132
2017-11-05 06:00:00,4701.6278731232505
2017-11-05 07:00:00,4725.108048308688
2017-11-05 08:00:00,4709.123510121563
2017-11-05 09:00:00,4713.7261116380905
2017-11-05 10:00:00,4680.809265879816
2017-11-05 11:00:00,4651.397474378506
2017-11-05 12:00:00,4658.84313278559
2017-11-05 13:00:00,4661.297506962061
2017-11-05 14:00:00,4651.3082414484215
2017-11-05 15:00:00,4642.969336002266
2017-11-05 16:00:00,4656.600560407108
2017-11-05 17:00:00,4716.415541600273
2017-11-05 18:00:00,4886.331885994404
2017-11-05 19:00:00,4748.995069975985
2017-11-05 20:00:00,4724.232496575647
2017-11-05 21:00:00,4699.349478956481
2017-11-05 22:00:00,4612.226191964068
2017-11-05 23:00:00,4542.429987455736
2017-11-06 00:00:00,4513.789062981819
2017-11-06 01:00:00,4555.838723056533
2017-11-06 02:00:00,4661.181054971701
2017-11-06 03:00:00,4696.798804000945
2017-11-06 04:00:00,4714.141260680564
2017-11-06 05:00:00,4748.212582869219
2017-11-06 06:00:00,4890.811090792038
2017-11-06 07:00:00,5015.2426198155
2017-11-06 08:00:00,4797.259893761387
2017-11-06 09:00:00,4678.452894064768
2017-11-06 10:00:00,4681.657794037117
2017-11-06 11:00:00,4673.069663921301
2017-11-06 12:00:00,4658.54604975819
2017-11-06 13:00:00,4655.592802331876
2017-11-06 14:00:00,4653.709927286972
2017-11-06 15:00:00,4633.4901258122445
2017-11-06 16:00:00,4642.8538448661975
2017-11-06 17:00:00,4692.023537457913
2017-11-06 18:00:00,4860.388083909934
2017-11-06 19:00:00,4727.775432791275
2017-11-06 20:00:00,4704.836411600286
2017-11-06 21:00:00,4681.541665924081
2017-11-06 22:00:00,4589.218536622816
2017-11-06 23:00:00,4481.882942202583
2017-11-07 00:00:00,4457.344156952876
2017-11-07 01:00:00,4499.775975152144
2017-11-07 02:00:00,4604.601389726965
2017-11-07 03:00:00,4637.568960074573
2017-11-07 04:00:00,4655.044455249498
2017-11-07 05:00:00,4681.520778689768
2017-11-07 06:00:00,4823.05870318411
2017-11-07 07:00:00,4944.924041633275
2017-11-07 08:00:00,4743.65294436175
2017-11-07 09:00:00,4663.85966764682
2017-11-07 10:00:00,4669.501243092631
2017-11-07 11:00:00,4674.946875457442
2017-11-07 12:00:00,4660.850672092055
2017-11-07 13:00:00,4656.107972770414
2017-11-07 14:00:00,4657.543002110417
2017-11-07 15:00:00,4637.502559904226
2017-11-07 16:00:00,4646.493847570293
2017-11-07 17:00:00,4695.376676736301
2017-11-07 18:00:00,4877.927600221424
2017-11-07 19:00:00,4722.467408095264
2017-11-07 20:00:00,4700.503393406097
2017-11-07 21:00:00,4681.562058806311
2017-11-07 22:00:00,4600.854737871758
2017-11-07 23:00:00,4493.519143451524
2017-11-08 00:00:00,4467.95340551422
2017-11-08 01:00:00,4510.19710316908
2017-11-08 02:00:00,4608.586847843304
2017-11-08 03:00:00,4639.692705519287
2017-11-08 04:00:00,4657.168200694213
2017-11-08 05:00:00,4678.579735049624
2017-11-08 06:00:00,4820.171227015951
2017-11-08 07:00:00,4942.036565465117
2017-11-08 08:00:00,4739.993371025679
2017-11-08 09:00:00,4660.530000297957
2017-11-08 10:00:00,4666.171575743768
2017-11-08 11:00:00,4670.280638618484
2017-11-08 12:00:00,4656.184435253098
2017-11-08 13:00:00,4651.441735931457
2017-11-08 14:00:00,4652.87676527146
2017-11-08 15:00:00,4632.8363230652685
2017-11-08 16:00:00,4641.827610731336
2017-11-08 17:00:00,4696.488843745918
2017-11-08 18:00:00,4880.559032362029
2017-11-08 19:00:00,4715.776033014937
2017-11-08 20:00:00,4696.438149991248
2017-11-08 21:00:00,4677.496815391463
2017-11-08 22:00:00,4596.789494456909
2017-11-08 23:00:00,4493.035467264985
2017-11-09 00:00:00,4464.5165811278475
2017-11-09 01:00:00,4506.590718149927
2017-11-09 02:00:00,4604.980462824151
2017-11-09 03:00:00,4636.086320500134
2017-11-09 04:00:00,4653.561815675059
2017-11-09 05:00:00,4674.973350030471
2017-11-09 06:00:00,4816.564841996797
2017-11-09 07:00:00,4938.430180445964
2017-11-09 08:00:00,4736.386986006526
2017-11-09 09:00:00,4657.502691855363
2017-11-09 10:00:00,4663.144267301175
2017-11-09 11:00:00,4667.253330175891
2017-11-09 12:00:00,4653.157126810504
2017-11-09 13:00:00,4648.414427488863
2017-11-09 14:00:00,4649.849456828866
2017-11-09 15:00:00,4629.788299937894
2017-11-09 16:00:00,4638.779587603962
2017-11-09 17:00:00,4693.4408206185435
2017-11-09 18:00:00,4877.511009234655
2017-11-09 19:00:00,4712.808424524007
2017-11-09 20:00:00,4693.488668810904
2017-11-09 21:00:00,4674.547334211118
2017-11-09 22:00:00,4594.443207981269
2017-11-09 23:00:00,4493.298235859975
2017-11-10 00:00:00,4468.769210580284
2017-11-10 01:00:00,4502.365352574238
2017-11-10 02:00:00,4597.4316379414395
2017-11-10 03:00:00,4628.537495617425
2017-11-10 04:00:00,4646.458652700502
2017-11-10 05:00:00,4668.162198188595
2017-11-10 06:00:00,4808.4867545815
2017-11-10 07:00:00,4925.815825988666
2017-11-10 08:00:00,4729.212967302299
2017-11-10 09:00:00,4658.820883554549
2017-11-10 10:00:00,4663.84249570594
2017-11-10 11:00:00,4677.340544898902
2017-11-10 12:00:00,4661.708303496784
2017-11-10 13:00:00,4657.065869583035
2017-11-10 14:00:00,4660.168650552487
2017-11-10 15:00:00,4640.107493661515
2017-11-10 16:00:00,4646.975896356443
2017-11-10 17:00:00,4701.823884503761
2017-11-10 18:00:00,4879.356028986882
2017-11-10 19:00:00,4699.987322230173
2017-11-10 20:00:00,4672.7213272249
2017-11-10 21:00:00,4654.971309199859
2017-11-10 22:00:00,4606.345326612077
2017-11-10 23:00:00,4524.736677206302
2017-11-11 00:00:00,4461.256548868045
2017-11-11 01:00:00,4486.17318495954
2017-11-11 02:00:00,4574.054536026016
2017-11-11 03:00:00,4605.273953171851
2017-11-11 04:00:00,4623.380861110304
2017-11-11 05:00:00,4632.674660501763
2017-11-11 06:00:00,4695.599974864118
2017-11-11 07:00:00,4719.495504770668
2017-11-11 08:00:00,4706.218041820386
2017-11-11 09:00:00,4709.369938661686
2017-11-11 10:00:00,4695.190132840862
2017-11-11 11:00:00,4669.037782460063
2017-11-11 12:00:00,4650.881391459607
2017-11-11 13:00:00,4648.005969123678
2017-11-11 14:00:00,4644.797974900845
2017-11-11 15:00:00,4634.567851717485
2017-11-11 16:00:00,4647.483855848095
2017-11-11 17:00:00,4715.18559550466
2017-11-11 18:00:00,4895.144863697888
2017-11-11 19:00:00,4705.409131025612
2017-11-11 20:00:00,4678.143136020338
2017-11-11 21:00:00,4660.393117995297
2017-11-11 22:00:00,4605.93518553764
2017-11-11 23:00:00,4529.664522942643
2017-11-12 00:00:00,4470.107966452051
2017-11-12 01:00:00,4491.685654709435
2017-11-12 02:00:00,4578.305089809457
2017-11-12 03:00:00,4609.52450695529
2017-11-12 04:00:00,4631.499696259672
2017-11-12 05:00:00,4637.153068582353
2017-11-12 06:00:00,4701.912198937472
2017-11-12 07:00:00,4725.392374122909
2017-11-12 08:00:00,4709.4078359357845
2017-11-12 09:00:00,4714.010437452312
2017-11-12 10:00:00,4681.093591694037
2017-11-12 11:00:00,4651.681800192727
2017-11-12 12:00:00,4659.127458599811
2017-11-12 13:00:00,4661.556015029704
2017-11-12 14:00:00,4650.935478083875
2017-11-12 15:00:00,4640.703346494096
2017-11-12 16:00:00,4654.334570898938
2017-11-12 17:00:00,4728.848748312616
2017-11-12 18:00:00,4915.514585930209
2017-11-12 19:00:00,4734.406612555912
2017-11-12 20:00:00,4709.644039155574
2017-11-12 21:00:00,4687.14258611292
2017-11-12 22:00:00,4600.019299120508
2017-11-12 23:00:00,4530.2230946121745
2017-11-13 00:00:00,4512.156093236357
2017-11-13 01:00:00,4554.20575331107
2017-11-13 02:00:00,4659.548085226239
2017-11-13 03:00:00,4695.165834255482
2017-11-13 04:00:00,4712.508290935102
2017-11-13 05:00:00,4746.579613123757
2017-11-13 06:00:00,4889.178121046576
2017-11-13 07:00:00,5013.609650070038
2017-11-13 08:00:00,4795.626924015924
2017-11-13 09:00:00,4676.819924319305
2017-11-13 10:00:00,4680.024824291655
2017-11-13 11:00:00,4671.436694175839
2017-11-13 12:00:00,4656.913080012728
2017-11-13 13:00:00,4653.370269863182
2017-11-13 14:00:00,4652.077274295604
2017-11-13 15:00:00,4629.964246677253
2017-11-13 16:00:00,4639.327965731206
2017-11-13 17:00:00,4707.166465749837
2017-11-13 18:00:00,4892.114767559415
2017-11-13 19:00:00,4710.943931838154
2017-11-13 20:00:00,4688.004910647165
2017-11-13 21:00:00,4667.091729547472
2017-11-13 22:00:00,4577.2174688766445
2017-11-13 23:00:00,4469.881874456411
2017-11-14 00:00:00,4454.1793821411775
2017-11-14 01:00:00,4496.611200340445
2017-11-14 02:00:00,4601.436614915267
2017-11-14 03:00:00,4634.404185262875
2017-11-14 04:00:00,4651.8796804378
2017-11-14 05:00:00,4678.356003878071
2017-11-14 06:00:00,4819.893928372411
2017-11-14 07:00:00,4941.7592668215775
2017-11-14 08:00:00,4740.488169550052
2017-11-14 09:00:00,4660.694892835121
2017-11-14 10:00:00,4666.336468280933
2017-11-14 11:00:00,4671.782100645743
2017-11-14 12:00:00,4657.685897280357
2017-11-14 13:00:00,4652.353635235484
2017-11-14 14:00:00,4654.378544052814
2017-11-14 15:00:00,4632.444875702999
2017-11-14 16:00:00,4641.436163369066
2017-11-14 17:00:00,4707.348436003382
2017-11-14 18:00:00,4894.690037192713
2017-11-14 19:00:00,4714.558618925024
2017-11-14 20:00:00,4692.594604235857
2017-11-14 21:00:00,4673.653269636072
2017-11-14 22:00:00,4595.802681306605
2017-11-14 23:00:00,4488.467086886371
2017-11-15 00:00:00,4464.774596621752
2017-11-15 01:00:00,4507.018294276611
2017-11-15 02:00:00,4605.408038950836
2017-11-15 03:00:00,4636.51389662682
2017-11-15 04:00:00,4653.989391801744
2017-11-15 05:00:00,4675.400926157156
2017-11-15 06:00:00,4816.992418123483
2017-11-15 07:00:00,4938.857756572649
2017-11-15 08:00:00,4736.814562133211
2017-11-15 09:00:00,4657.351191405489
2017-11-15 10:00:00,4662.9927668513
2017-11-15 11:00:00,4667.101829726016
2017-11-15 12:00:00,4653.005626360629
2017-11-15 13:00:00,4647.673364315757
2017-11-15 14:00:00,4649.698273133086
2017-11-15 15:00:00,4627.764604783271
2017-11-15 16:00:00,4636.755892449339
2017-11-15 17:00:00,4704.013965860539
2017-11-15 18:00:00,4889.195260745851
2017-11-15 19:00:00,4709.063842478162
2017-11-15 20:00:00,4689.725959454473
2017-11-15 21:00:00,4670.7846248546875
2017-11-15 22:00:00,4592.934036525222
2017-11-15 23:00:00,4489.180009333296
2017-11-16 00:00:00,4459.8547524576215
2017-11-16 01:00:00,4501.928889479701
2017-11-16 02:00:00,4600.318634153925
2017-11-16 03:00:00,4631.424491829909
2017-11-16 04:00:00,4648.899987004834
2017-11-16 05:00:00,4670.311521360245
2017-11-16 06:00:00,4811.903013326572
2017-11-16 07:00:00,4933.768351775739
2017-11-16 08:00:00,4731.7251573363
2017-11-16 09:00:00,4652.840863185138
2017-11-16 10:00:00,4658.482438630949
2017-11-16 11:00:00,4662.591501505665
2017-11-16 12:00:00,4648.4952981402785
2017-11-16 13:00:00,4643.163036095406
2017-11-16 14:00:00,4645.1879449127355
2017-11-16 15:00:00,4623.23356187814
2017-11-16 16:00:00,4632.224849544207
2017-11-16 17:00:00,4708.243356860064
2017-11-16 18:00:00,4893.424651745375
2017-11-16 19:00:00,4709.753267418296
2017-11-16 20:00:00,4690.433511705192
2017-11-16 21:00:00,4671.492177105407
2017-11-16 22:00:00,4594.244783480645
2017-11-16 23:00:00,4493.0998113593505
2017-11-17 00:00:00,4467.965857882144
2017-11-17 01:00:00,4501.561999876098
2017-11-17 02:00:00,4596.6282852433
2017-11-17 03:00:00,4627.734142919284
2017-11-17 04:00:00,4645.655300002361
2017-11-17 05:00:00,4667.358845490454
2017-11-17 06:00:00,4807.68340188336
2017-11-17 07:00:00,4925.012473290525
2017-11-17 08:00:00,4728.409614604158
2017-11-17 09:00:00,4658.0175308564085
2017-11-17 10:00:00,4663.039143007799
2017-11-17 11:00:00,4676.537192200762
2017-11-17 12:00:00,4660.904950798644
2017-11-17 13:00:00,4655.672954161662
2017-11-17 14:00:00,4659.365614608441
2017-11-17 15:00:00,4637.411231573845
2017-11-17 16:00:00,4644.2796342687725
2017-11-17 17:00:00,4721.312249065744
2017-11-17 18:00:00,4899.955499818065
2017-11-17 19:00:00,4693.655440291138
2017-11-17 20:00:00,4666.389445285864
2017-11-17 21:00:00,4648.639427260823
2017-11-17 22:00:00,4603.201890777101
2017-11-17 23:00:00,4521.593241371325
2017-11-18 00:00:00,4461.418945681242
2017-11-18 01:00:00,4486.335581772737
2017-11-18 02:00:00,4574.216932839212
2017-11-18 03:00:00,4605.436349985047
2017-11-18 04:00:00,4623.5432579235
2017-11-18 05:00:00,4632.83705731496
2017-11-18 06:00:00,4695.762371677314
2017-11-18 07:00:00,4719.657901583865
2017-11-18 08:00:00,4706.380438633583
2017-11-18 09:00:00,4709.5323354748825
2017-11-18 10:00:00,4695.352529654058
2017-11-18 11:00:00,4669.200179273259
2017-11-18 12:00:00,4651.043788272804
2017-11-18 13:00:00,4648.168365936875
2017-11-18 14:00:00,4644.960371714041
2017-11-18 15:00:00,4634.730248530681
2017-11-18 16:00:00,4647.646252661291
2017-11-18 17:00:00,4733.090697626951
2017-11-18 18:00:00,4910.7401987776975
2017-11-18 19:00:00,4701.788647915737
2017-11-18 20:00:00,4674.522652910464
2017-11-18 21:00:00,4656.772634885423
2017-11-18 22:00:00,4605.503148531825
2017-11-18 23:00:00,4529.232485936827
2017-11-19 00:00:00,4470.331695010653
2017-11-19 01:00:00,4491.909383268036
2017-11-19 02:00:00,4578.528818368058
2017-11-19 03:00:00,4609.748235513891
2017-11-19 04:00:00,4631.723424818274
2017-11-19 05:00:00,4637.376797140954
2017-11-19 06:00:00,4702.135927496073
2017-11-19 07:00:00,4725.616102681511
2017-11-19 08:00:00,4709.631564494385
2017-11-19 09:00:00,4714.234166010913
2017-11-19 10:00:00,4681.317320252639
2017-11-19 11:00:00,4651.905528751327
2017-11-19 12:00:00,4659.351187158412
2017-11-19 13:00:00,4661.779743588306
2017-11-19 14:00:00,4651.159206642476
2017-11-19 15:00:00,4640.927075052697
2017-11-19 16:00:00,4654.558299457539
2017-11-19 17:00:00,4746.249029449625
2017-11-19 18:00:00,4930.605100024739
2017-11-19 19:00:00,4729.755932350963
2017-11-19 20:00:00,4704.993358950625
2017-11-19 21:00:00,4682.491905907971
2017-11-19 22:00:00,4596.641313245604
2017-11-19 23:00:00,4526.8451087372705
2017-11-20 00:00:00,4510.445652949749
2017-11-20 01:00:00,4552.495313024463
2017-11-20 02:00:00,4657.837644939631
2017-11-20 03:00:00,4693.455393968875
2017-11-20 04:00:00,4710.797850648494
2017-11-20 05:00:00,4744.869172837149
2017-11-20 06:00:00,4887.467680759968
2017-11-20 07:00:00,5011.89920978343
2017-11-20 08:00:00,4793.9164837293165
2017-11-20 09:00:00,4675.109484032698
2017-11-20 10:00:00,4678.314384005047
2017-11-20 11:00:00,4669.726253889232
2017-11-20 12:00:00,4655.202639726121
2017-11-20 13:00:00,4651.659829576574
2017-11-20 14:00:00,4650.366834008996
2017-11-20 15:00:00,4628.253806390645
2017-11-20 16:00:00,4637.617525444599
2017-11-20 17:00:00,4716.180110065456
2017-11-20 18:00:00,4902.663954133469
2017-11-20 19:00:00,4714.390092600477
2017-11-20 20:00:00,4691.451071409489
2017-11-20 21:00:00,4670.537890309795
2017-11-20 22:00:00,4580.663629638968
2017-11-20 23:00:00,4473.328035218734
2017-11-21 00:00:00,4452.4689418545695
2017-11-21 01:00:00,4494.900760053838
2017-11-21 02:00:00,4599.7261746286595
2017-11-21 03:00:00,4632.693744976267
2017-11-21 04:00:00,4650.169240151193
2017-11-21 05:00:00,4676.645563591463
2017-11-21 06:00:00,4818.183488085803
2017-11-21 07:00:00,4940.0488265349695
2017-11-21 08:00:00,4738.777729263445
2017-11-21 09:00:00,4658.984452548513
2017-11-21 10:00:00,4664.626027994325
2017-11-21 11:00:00,4670.071660359135
2017-11-21 12:00:00,4655.9754569937495
2017-11-21 13:00:00,4650.643194948877
2017-11-21 14:00:00,4652.668103766206
2017-11-21 15:00:00,4630.734435416391
2017-11-21 16:00:00,4639.725723082458
2017-11-21 17:00:00,4716.362080319001
2017-11-21 18:00:00,4905.239223766766
2017-11-21 19:00:00,4718.004779687348
2017-11-21 20:00:00,4696.040764998181
2017-11-21 21:00:00,4677.099430398395
2017-11-21 22:00:00,4599.248842068929
2017-11-21 23:00:00,4491.913247648695
2017-11-22 00:00:00,4459.5874821356965
2017-11-22 01:00:00,4500.8264776224605
2017-11-22 02:00:00,4599.2162222966845
2017-11-22 03:00:00,4630.322079972668
2017-11-22 04:00:00,4647.797575147593
2017-11-22 05:00:00,4668.632307834551
2017-11-22 06:00:00,4808.067531880359
2017-11-22 07:00:00,4924.533122262733
2017-11-22 08:00:00,4727.816493700138
2017-11-22 09:00:00,4648.456410561475
2017-11-22 10:00:00,4654.097986007288
2017-11-22 11:00:00,4657.517161791131
2017-11-22 12:00:00,4643.420958425744
2017-11-22 13:00:00,4638.088696380872
2017-11-22 14:00:00,4640.113605198201
2017-11-22 15:00:00,4618.179936848386
2017-11-22 16:00:00,4627.171224514454
2017-11-22 17:00:00,4708.520277430489
2017-11-22 18:00:00,4893.05984897692
2017-11-22 19:00:00,4702.427925357433
2017-11-22 20:00:00,4683.090042333744
2017-11-22 21:00:00,4664.148707733959
2017-11-22 22:00:00,4593.977261380144
2017-11-22 23:00:00,4490.223234188218
2017-11-23 00:00:00,4451.766324471606
2017-11-23 01:00:00,4492.835759325589
2017-11-23 02:00:00,4591.225503999813
2017-11-23 03:00:00,4622.331361675797
2017-11-23 04:00:00,4639.8068568507215
2017-11-23 05:00:00,4660.64158953768
2017-11-23 06:00:00,4800.076813583488
2017-11-23 07:00:00,4916.542403965861
2017-11-23 08:00:00,4719.825775403267
2017-11-23 09:00:00,4644.803433919056
2017-11-23 10:00:00,4650.445009364868
2017-11-23 11:00:00,4653.864185148712
2017-11-23 12:00:00,4639.767981783325
2017-11-23 13:00:00,4634.4357197384525
2017-11-23 14:00:00,4636.460628555781
2017-11-23 15:00:00,4614.5062455211855
2017-11-23 16:00:00,4623.497533187254
2017-11-23 17:00:00,4704.846586103289
2017-11-23 18:00:00,4889.386157649719
2017-11-23 19:00:00,4698.834648666677
2017-11-23 20:00:00,4679.5148929535735
2017-11-23 21:00:00,4660.573558353788
2017-11-23 22:00:00,4591.005306704677
2017-11-23 23:00:00,4489.8603345833835
2017-11-24 00:00:00,4468.517599764788
2017-11-24 01:00:00,4501.109039590646
2017-11-24 02:00:00,4596.175324957848
2017-11-24 03:00:00,4627.281182633832
2017-11-24 04:00:00,4645.20233971691
2017-11-24 05:00:00,4666.32908353655
2017-11-24 06:00:00,4804.497372008935
2017-11-24 07:00:00,4916.426695349308
2017-11-24 08:00:00,4725.150402539784
2017-11-24 09:00:00,4654.167604870242
2017-11-24 10:00:00,4659.189217021632
2017-11-24 11:00:00,4672.790521199337
2017-11-24 12:00:00,4657.158279797219
2017-11-24 13:00:00,4651.926283160237
2017-11-24 14:00:00,4655.618943607015
2017-11-24 15:00:00,4633.66456057242
2017-11-24 16:00:00,4640.532963267347
2017-11-24 17:00:00,4722.896123664498
2017-11-24 18:00:00,4903.448587296221
2017-11-24 19:00:00,4690.268403113331
2017-11-24 20:00:00,4663.002408108058
2017-11-24 21:00:00,4645.252390083017
2017-11-24 22:00:00,4600.825495420906
2017-11-24 23:00:00,4519.216846015131
2017-11-25 00:00:00,4464.664617657894
2017-11-25 01:00:00,4488.576551581293
2017-11-25 02:00:00,4576.457902647769
2017-11-25 03:00:00,4607.677319793603
2017-11-25 04:00:00,4625.784227732056
2017-11-25 05:00:00,4636.123430764836
2017-11-25 06:00:00,4696.892477206671
2017-11-25 07:00:00,4719.644834073506
2017-11-25 08:00:00,4706.10418962258
2017-11-25 09:00:00,4708.6653725420865
2017-11-25 10:00:00,4694.485566721262
2017-11-25 11:00:00,4668.436471325204
2017-11-25 12:00:00,4650.280080324748
2017-11-25 13:00:00,4647.40465798882
2017-11-25 14:00:00,4644.196663765986
2017-11-25 15:00:00,4633.966540582625
2017-11-25 16:00:00,4646.882544713237
2017-11-25 17:00:00,4735.693884581505
2017-11-25 18:00:00,4913.71705635322
2017-11-25 19:00:00,4701.368025951192
2017-11-25 20:00:00,4674.102030945919
2017-11-25 21:00:00,4656.352012920878
2017-11-25 22:00:00,4606.093168388892
2017-11-25 23:00:00,4529.822505793894
2017-11-26 00:00:00,4474.327327285742
2017-11-26 01:00:00,4494.900313375029
2017-11-26 02:00:00,4581.519748475052
2017-11-26 03:00:00,4612.739165620884
2017-11-26 04:00:00,4634.714354925267
2017-11-26 05:00:00,4641.4131308892665
2017-11-26 06:00:00,4704.0159933238665
2017-11-26 07:00:00,4726.352995469589
2017-11-26 08:00:00,4710.105275781819
2017-11-26 09:00:00,4714.117163376553
2017-11-26 10:00:00,4681.200317618279
2017-11-26 11:00:00,4651.89178110171
2017-11-26 12:00:00,4659.337439508794
2017-11-26 13:00:00,4661.765995938687
2017-11-26 14:00:00,4651.145458992858
2017-11-26 15:00:00,4640.913327403079
2017-11-26 16:00:00,4654.544551807921
2017-11-26 17:00:00,4749.602176702616
2017-11-26 18:00:00,4932.910324780165
2017-11-26 19:00:00,4728.663677566323
2017-11-26 20:00:00,4703.901104165984
2017-11-26 21:00:00,4681.39965112333
2017-11-26 22:00:00,4596.6021912766155
2017-11-26 23:00:00,4526.805986768283
2017-11-27 00:00:00,4504.2606839608625
2017-11-27 01:00:00,4546.837469007594
2017-11-27 02:00:00,4652.179800922762
2017-11-27 03:00:00,4687.797549952005
2017-11-27 04:00:00,4705.1400066316255
2017-11-27 05:00:00,4738.634527151827
2017-11-27 06:00:00,4879.076767154127
2017-11-27 07:00:00,4998.108548110797
2017-11-27 08:00:00,4785.452387933527
2017-11-27 09:00:00,4666.748675825967
2017-11-27 10:00:00,4669.953575798318
2017-11-27 11:00:00,4660.675558591629
2017-11-27 12:00:00,4646.151944428518
2017-11-27 13:00:00,4642.609134278971
2017-11-27 14:00:00,4641.316138711394
2017-11-27 15:00:00,4619.203111093042
2017-11-27 16:00:00,4628.566830146996
2017-11-27 17:00:00,4710.496309670461
2017-11-27 18:00:00,4894.802888141159
2017-11-27 19:00:00,4703.1315470681
2017-11-27 20:00:00,4680.192525877112
2017-11-27 21:00:00,4659.279344777418
2017-11-27 22:00:00,4577.084226082243
2017-11-27 23:00:00,4469.748631662009
2017-11-28 00:00:00,4443.792307204656
2017-11-28 01:00:00,4490.675795940254
2017-11-28 02:00:00,4595.501210515075
2017-11-28 03:00:00,4628.468780862683
2017-11-28 04:00:00,4645.944276037609
2017-11-28 05:00:00,4671.843797809426
2017-11-28 06:00:00,4811.225454383248
2017-11-28 07:00:00,4927.691044765621
2017-11-28 08:00:00,4731.746513370939
2017-11-28 09:00:00,4652.046141089641
2017-11-28 10:00:00,4657.687716535454
2017-11-28 11:00:00,4662.443461809391
2017-11-28 12:00:00,4648.347258444004
2017-11-28 13:00:00,4643.014996399132
2017-11-28 14:00:00,4645.03990521646
2017-11-28 15:00:00,4623.106236866645
2017-11-28 16:00:00,4632.097524532713
2017-11-28 17:00:00,4719.48051794076
2017-11-28 18:00:00,4906.180395791212
2017-11-28 19:00:00,4705.107404609802
2017-11-28 20:00:00,4685.634487719748
2017-11-28 21:00:00,4666.6931531199625
2017-11-28 22:00:00,4596.521706766148
2017-11-28 23:00:00,4487.522091490033
2017-11-29 00:00:00,4454.38752168523
2017-11-29 01:00:00,4501.08288987642
2017-11-29 02:00:00,4599.472634550645
2017-11-29 03:00:00,4630.578492226628
2017-11-29 04:00:00,4648.053987401553
2017-11-29 05:00:00,4668.888720088512
2017-11-29 06:00:00,4808.323944134319
2017-11-29 07:00:00,4924.7895345166935
2017-11-29 08:00:00,4728.072905954099
2017-11-29 09:00:00,4648.702439660008
2017-11-29 10:00:00,4654.34401510582
2017-11-29 11:00:00,4657.763190889664
2017-11-29 12:00:00,4643.666987524277
2017-11-29 13:00:00,4638.334725479404
2017-11-29 14:00:00,4640.359634296734
2017-11-29 15:00:00,4618.425965946919
2017-11-29 16:00:00,4627.417253612986
2017-11-29 17:00:00,4716.146047797919
2017-11-29 18:00:00,4900.685619344349
2017-11-29 19:00:00,4699.6126281629395
2017-11-29 20:00:00,4682.765842938365
2017-11-29 21:00:00,4663.824508338579
2017-11-29 22:00:00,4593.6530619847645
2017-11-29 23:00:00,4488.235013936956
2017-11-30 00:00:00,4438.624788624785
2017-11-30 01:00:00,4495.269175026387
2017-11-30 02:00:00,4596.533641661149
2017-11-30 03:00:00,4627.639499337132
2017-11-30 04:00:00,4647.611739879292
2017-11-30 05:00:00,4666.306876475284
2017-11-30 06:00:00,4808.9108763814875
2017-11-30 07:00:00,4927.181881592377
2017-11-30 08:00:00,4729.732573639684
2017-11-30 09:00:00,4649.3458831151
2017-11-30 10:00:00,4654.987458560912
2017-11-30 11:00:00,4658.406634344755
2017-11-30 12:00:00,4644.310430979369
2017-11-30 13:00:00,4638.978168934496
2017-11-30 14:00:00,4641.003077751825
2017-11-30 15:00:00,4619.048694717229
2017-11-30 16:00:00,4628.039982383297
2017-11-30 17:00:00,4719.763924356454
2017-11-30 18:00:00,4904.303495902884
2017-11-30 19:00:00,4700.090364177414
2017-11-30 20:00:00,4683.261706263424
2017-11-30 21:00:00,4665.485031532509
2017-11-30 22:00:00,4595.916779883399
2017-11-30 23:00:00,4493.107786906223
2017-12-01 00:00:00,4448.15690851468
2017-12-01 01:00:00,4496.323299888156
2017-12-01 02:00:00,4594.264307215896
2017-12-01 03:00:00,4625.37016489188
2017-12-01 04:00:00,4645.788067342193
2017-12-01 05:00:00,4664.775215070866
2017-12-01 06:00:00,4806.112279403647
2017-12-01 07:00:00,4919.847017572536
2017-12-01 08:00:00,4727.838045372914
2017-12-01 09:00:00,4656.415079480167
2017-12-01 10:00:00,4661.436691631557
2017-12-01 11:00:00,4675.037995809262
2017-12-01 12:00:00,4659.405754407143
2017-12-01 13:00:00,4654.173757770162
2017-12-01 14:00:00,4657.8664182169405
2017-12-01 15:00:00,4635.912035182345
2017-12-01 16:00:00,4642.780437877273
2017-12-01 17:00:00,4735.518487331545
2017-12-01 18:00:00,4916.070950963268
2017-12-01 19:00:00,4689.2291440379495
2017-12-01 20:00:00,4664.4542468317895
2017-12-01 21:00:00,4647.86888867562
2017-12-01 22:00:00,4603.4419940135085
2017-12-01 23:00:00,4520.169323751851
2017-12-02 00:00:00,4446.700452871041
2017-12-02 01:00:00,4483.697131364558
2017-12-02 02:00:00,4574.45320439157
2017-12-02 03:00:00,4605.672621537407
2017-12-02 04:00:00,4626.276274843095
2017-12-02 05:00:00,4632.829010338961
2017-12-02 06:00:00,4696.766832641192
2017-12-02 07:00:00,4718.64522281906
2017-12-02 08:00:00,4708.560413059328
2017-12-02 09:00:00,4710.6814277556305
2017-12-02 10:00:00,4696.501621934806
2017-12-02 11:00:00,4670.452526538748
2017-12-02 12:00:00,4652.296135538292
2017-12-02 13:00:00,4649.420713202364
2017-12-02 14:00:00,4646.21271897953
2017-12-02 15:00:00,4635.982595796169
2017-12-02 16:00:00,4648.898599926781
2017-12-02 17:00:00,4748.084828852169
2017-12-02 18:00:00,4926.108000623884
2017-12-02 19:00:00,4700.097347479429
2017-12-02 20:00:00,4675.322450273269
2017-12-02 21:00:00,4658.7370921171
2017-12-02 22:00:00,4608.478247585113
2017-12-02 23:00:00,4530.543564134234
2017-12-03 00:00:00,4453.928597318371
2017-12-03 01:00:00,4487.586327977777
2017-12-03 02:00:00,4579.968659836055
2017-12-03 03:00:00,4611.188076981887
2017-12-03 04:00:00,4633.094658203764
2017-12-03 05:00:00,4640.087167603099
2017-12-03 06:00:00,4700.885233973182
2017-12-03 07:00:00,4722.348269429937
2017-12-03 08:00:00,4709.556384433363
2017-12-03 09:00:00,4713.128103804893
2017-12-03 10:00:00,4680.211258046618
2017-12-03 11:00:00,4650.902721530048
2017-12-03 12:00:00,4658.348379937133
2017-12-03 13:00:00,4660.776936367027
2017-12-03 14:00:00,4650.156399421197
2017-12-03 15:00:00,4639.924267831418
2017-12-03 16:00:00,4653.55549223626
2017-12-03 17:00:00,4758.988006188076
2017-12-03 18:00:00,4942.296154265625
2017-12-03 19:00:00,4724.387884309354
2017-12-03 20:00:00,4702.11640870813
2017-12-03 21:00:00,4680.779615534347
2017-12-03 22:00:00,4595.982155687632
2017-12-03 23:00:00,4524.521930323418
2017-12-04 00:00:00,4484.860492109001
2017-12-04 01:00:00,4544.17378547973
2017-12-04 02:00:00,4652.390839355437
2017-12-04 03:00:00,4688.0085883846805
2017-12-04 04:00:00,4707.847790431535
2017-12-04 05:00:00,4739.20271486077
2017-12-04 06:00:00,4882.813730723466
2017-12-04 07:00:00,5003.650926508651
2017-12-04 08:00:00,4790.262086941282
2017-12-04 09:00:00,4670.345596653232
2017-12-04 10:00:00,4673.550496625581
2017-12-04 11:00:00,4664.2724794188925
2017-12-04 12:00:00,4649.748865255781
2017-12-04 13:00:00,4646.206055106236
2017-12-04 14:00:00,4644.913059538658
2017-12-04 15:00:00,4622.8000319203065
2017-12-04 16:00:00,4632.1637509742595
2017-12-04 17:00:00,4724.468119554846
2017-12-04 18:00:00,4908.774698025543
2017-12-04 19:00:00,4703.441734210058
2017-12-04 20:00:00,4682.993810818181
2017-12-04 21:00:00,4663.245289587359
2017-12-04 22:00:00,4581.050170892184
2017-12-04 23:00:00,4472.050555616069
2017-12-05 00:00:00,4429.271681272584
2017-12-05 01:00:00,4486.273748851374
2017-12-05 02:00:00,4593.973885386734
2017-12-05 03:00:00,4626.941455734342
2017-12-05 04:00:00,4646.9136962765015
2017-12-05 05:00:00,4670.673621957353
2017-12-05 06:00:00,4813.22405439157
2017-12-05 07:00:00,4931.495059602459
2017-12-05 08:00:00,4734.817848817679
2017-12-05 09:00:00,4653.915081511316
2017-12-05 10:00:00,4659.556656957128
2017-12-05 11:00:00,4664.312402231066
2017-12-05 12:00:00,4650.216198865679
2017-12-05 13:00:00,4644.883936820806
2017-12-05 14:00:00,4646.908845638136
2017-12-05 15:00:00,4624.975177288321
2017-12-05 16:00:00,4633.966464954388
2017-12-05 17:00:00,4724.344606150659
2017-12-05 18:00:00,4911.0444840011105
2017-12-05 19:00:00,4706.750937639196
2017-12-05 20:00:00,4687.278020749143
2017-12-05 21:00:00,4669.501346018229
2017-12-05 22:00:00,4599.3298996644135
2017-12-05 23:00:00,4490.3302843882975
2017-12-06 00:00:00,4440.1840207263
2017-12-06 01:00:00,4496.9979677606825
2017-12-06 02:00:00,4598.262434395446
2017-12-06 03:00:00,4629.368292071428
2017-12-06 04:00:00,4649.340532613588
2017-12-06 05:00:00,4668.035669209581
2017-12-06 06:00:00,4810.639669115784
2017-12-06 07:00:00,4928.910674326673
2017-12-06 08:00:00,4731.46136637398
2017-12-06 09:00:00,4650.888505054826
2017-12-06 10:00:00,4656.530080500637
2017-12-06 11:00:00,4659.949256284481
2017-12-06 12:00:00,4645.853052919094
2017-12-06 13:00:00,4640.520790874221
2017-12-06 14:00:00,4642.545699691551
2017-12-06 15:00:00,4620.612031341736
2017-12-06 16:00:00,4629.603319007803
2017-12-06 17:00:00,4721.32726098096
2017-12-06 18:00:00,4905.86683252739
2017-12-06 19:00:00,4701.573286165476
2017-12-06 20:00:00,4684.726500940901
2017-12-06 21:00:00,4666.949826209987
2017-12-06 22:00:00,4596.778379856171
2017-12-06 23:00:00,4491.360331808363
2017-12-07 00:00:00,4437.197670602383
2017-12-07 01:00:00,4493.842057003985
2017-12-07 02:00:00,4595.106523638748
2017-12-07 03:00:00,4626.212381314731
2017-12-07 04:00:00,4646.18462185689
2017-12-07 05:00:00,4664.879758452883
2017-12-07 06:00:00,4807.483758359086
2017-12-07 07:00:00,4925.754763569975
2017-12-07 08:00:00,4728.305455617282
2017-12-07 09:00:00,4647.918765092698
2017-12-07 10:00:00,4653.56034053851
2017-12-07 11:00:00,4656.979516322353
2017-12-07 12:00:00,4642.883312956967
2017-12-07 13:00:00,4637.551050912094
2017-12-07 14:00:00,4639.575959729424
2017-12-07 15:00:00,4617.621576694828
2017-12-07 16:00:00,4626.612864360895
2017-12-07 17:00:00,4718.336806334052
2017-12-07 18:00:00,4902.876377880482
2017-12-07 19:00:00,4698.663246155012
2017-12-07 20:00:00,4681.834588241022
2017-12-07 21:00:00,4664.057913510108
2017-12-07 22:00:00,4594.489661860997
2017-12-07 23:00:00,4491.6806688838205
2017-12-08 00:00:00,4448.829556305832
2017-12-08 01:00:00,4496.995947679307
2017-12-08 02:00:00,4594.936955007048
2017-12-08 03:00:00,4626.042812683032
2017-12-08 04:00:00,4646.460715133344
2017-12-08 05:00:00,4665.447862862017
2017-12-08 06:00:00,4806.784927194799
2017-12-08 07:00:00,4920.519665363688
2017-12-08 08:00:00,4728.510693164066
2017-12-08 09:00:00,4657.087727271319
2017-12-08 10:00:00,4662.109339422708
2017-12-08 11:00:00,4675.710643600412
2017-12-08 12:00:00,4660.0784021982945
2017-12-08 13:00:00,4654.846405561314
2017-12-08 14:00:00,4658.539066008092
2017-12-08 15:00:00,4636.5846829734965
2017-12-08 16:00:00,4643.453085668424
2017-12-08 17:00:00,4736.191135122695
2017-12-08 18:00:00,4916.7435987544195
2017-12-08 19:00:00,4689.901791829101
2017-12-08 20:00:00,4665.126894622941
2017-12-08 21:00:00,4648.5415364667715
2017-12-08 22:00:00,4604.11464180466
2017-12-08 23:00:00,4520.841971543003
2017-12-09 00:00:00,4447.373100662193
2017-12-09 01:00:00,4484.36977915571
2017-12-09 02:00:00,4575.12585218272
2017-12-09 03:00:00,4606.345269328558
2017-12-09 04:00:00,4626.948922634247
2017-12-09 05:00:00,4633.501658130112
2017-12-09 06:00:00,4697.439480432343
2017-12-09 07:00:00,4719.317870610212
2017-12-09 08:00:00,4709.23306085048
2017-12-09 09:00:00,4711.354075546782
2017-12-09 10:00:00,4697.174269725957
2017-12-09 11:00:00,4671.125174329899
2017-12-09 12:00:00,4652.968783329444
2017-12-09 13:00:00,4650.0933609935155
2017-12-09 14:00:00,4646.885366770682
2017-12-09 15:00:00,4636.655243587321
2017-12-09 16:00:00,4649.571247717931
2017-12-09 17:00:00,4748.757476643321
2017-12-09 18:00:00,4926.780648415036
2017-12-09 19:00:00,4700.769995270581
2017-12-09 20:00:00,4675.995098064421
2017-12-09 21:00:00,4659.409739908251
2017-12-09 22:00:00,4609.150895376265
2017-12-09 23:00:00,4531.216211925386
2017-12-10 00:00:00,4450.344116802134
2017-12-10 01:00:00,4484.001847461539
2017-12-10 02:00:00,4579.588530790784
2017-12-10 03:00:00,4610.807947936616
2017-12-10 04:00:00,4632.714529158493
2017-12-10 05:00:00,4639.707038557828
2017-12-10 06:00:00,4700.505104927912
2017-12-10 07:00:00,4721.968140384666
2017-12-10 08:00:00,4709.176255388092
2017-12-10 09:00:00,4712.609516437984
2017-12-10 10:00:00,4679.692670679709
2017-12-10 11:00:00,4650.3841341631405
2017-12-10 12:00:00,4657.8297925702245
2017-12-10 13:00:00,4660.258349000118
2017-12-10 14:00:00,4649.637812054289
2017-12-10 15:00:00,4639.40568046451
2017-12-10 16:00:00,4653.036904869352
2017-12-10 17:00:00,4758.469418821167
2017-12-10 18:00:00,4941.777566898717
2017-12-10 19:00:00,4723.869296942446
2017-12-10 20:00:00,4701.597821341222
2017-12-10 21:00:00,4680.261028167439
2017-12-10 22:00:00,4595.463568320723
2017-12-10 23:00:00,4524.00334295651
2017-12-11 00:00:00,4479.658936435408
2017-12-11 01:00:00,4538.972229806137
2017-12-11 02:00:00,4651.717894505826
2017-12-11 03:00:00,4687.335643535069
2017-12-11 04:00:00,4707.174845581923
2017-12-11 05:00:00,4738.529770011159
2017-12-11 06:00:00,4882.140785873855
2017-12-11 07:00:00,5002.977981659039
2017-12-11 08:00:00,4789.5891420916705
2017-12-11 09:00:00,4669.534193481983
2017-12-11 10:00:00,4672.739093454333
2017-12-11 11:00:00,4663.461076247644
2017-12-11 12:00:00,4648.937462084533
2017-12-11 13:00:00,4645.3946519349865
2017-12-11 14:00:00,4644.101656367409
2017-12-11 15:00:00,4621.988628749057
2017-12-11 16:00:00,4631.352347803011
2017-12-11 17:00:00,4723.656716383598
2017-12-11 18:00:00,4907.963294854295
2017-12-11 19:00:00,4702.630331038809
2017-12-11 20:00:00,4682.182407646933
2017-12-11 21:00:00,4662.433886416111
2017-12-11 22:00:00,4580.238767720935
2017-12-11 23:00:00,4471.239152444819
2017-12-12 00:00:00,4424.087073712073
2017-12-12 01:00:00,4481.089141290863
2017-12-12 02:00:00,4593.317888650205
2017-12-12 03:00:00,4626.285458997812
2017-12-12 04:00:00,4646.257699539972
2017-12-12 05:00:00,4670.017625220824
2017-12-12 06:00:00,4812.56805765504
2017-12-12 07:00:00,4930.83906286593
2017-12-12 08:00:00,4734.16185208115
2017-12-12 09:00:00,4653.12062645315
2017-12-12 10:00:00,4658.762201898962
2017-12-12 11:00:00,4663.517947172899
2017-12-12 12:00:00,4649.421743807512
2017-12-12 13:00:00,4644.0894817626395
2017-12-12 14:00:00,4646.114390579969
2017-12-12 15:00:00,4624.180722230154
2017-12-12 16:00:00,4633.172009896221
2017-12-12 17:00:00,4723.550151092493
2017-12-12 18:00:00,4910.2500289429445
2017-12-12 19:00:00,4705.95648258103
2017-12-12 20:00:00,4686.483565690976
2017-12-12 21:00:00,4668.706890960062
2017-12-12 22:00:00,4598.535444606247
2017-12-12 23:00:00,4489.535829330131
2017-12-13 00:00:00,4434.682288192647
2017-12-13 01:00:00,4491.4962352270295
2017-12-13 02:00:00,4597.289312685774
2017-12-13 03:00:00,4628.395170361758
2017-12-13 04:00:00,4648.367410903917
2017-12-13 05:00:00,4667.06254749991
2017-12-13 06:00:00,4809.666547406113
2017-12-13 07:00:00,4927.9375526170015
2017-12-13 08:00:00,4730.488244664309
2017-12-13 09:00:00,4649.776925023517
2017-12-13 10:00:00,4655.418500469329
2017-12-13 11:00:00,4658.8376762531725
2017-12-13 12:00:00,4644.741472887786
2017-12-13 13:00:00,4639.409210842913
2017-12-13 14:00:00,4641.434119660242
2017-12-13 15:00:00,4619.500451310427
2017-12-13 16:00:00,4628.491738976495
2017-12-13 17:00:00,4720.215680949652
2017-12-13 18:00:00,4904.755252496082
2017-12-13 19:00:00,4700.461706134168
2017-12-13 20:00:00,4683.614920909592
2017-12-13 21:00:00,4665.838246178678
2017-12-13 22:00:00,4595.666799824863
2017-12-13 23:00:00,4490.248751777055
2017-12-14 00:00:00,4431.729174281442
2017-12-14 01:00:00,4488.373560683044
2017-12-14 02:00:00,4594.166638141788
2017-12-14 03:00:00,4625.272495817772
2017-12-14 04:00:00,4645.244736359931
2017-12-14 05:00:00,4663.939872955923
2017-12-14 06:00:00,4806.543872862127
2017-12-14 07:00:00,4924.814878073016
2017-12-14 08:00:00,4727.365570120323
2017-12-14 09:00:00,4646.8404212741025
2017-12-14 10:00:00,4652.481996719914
2017-12-14 11:00:00,4655.901172503757
2017-12-14 12:00:00,4641.80496913837
2017-12-14 13:00:00,4636.472707093498
2017-12-14 14:00:00,4638.497615910827
2017-12-14 15:00:00,4616.543232876232
2017-12-14 16:00:00,4625.534520542299
2017-12-14 17:00:00,4717.258462515456
2017-12-14 18:00:00,4901.798034061886
2017-12-14 19:00:00,4697.584902336415
2017-12-14 20:00:00,4680.756244422426
2017-12-14 21:00:00,4662.979569691512
2017-12-14 22:00:00,4593.411318042401
2017-12-14 23:00:00,4490.602325065224
2017-12-15 00:00:00,4443.361059984891
2017-12-15 01:00:00,4491.527451358366
2017-12-15 02:00:00,4593.997069510089
2017-12-15 03:00:00,4625.1029271860725
2017-12-15 04:00:00,4645.520829636385
2017-12-15 05:00:00,4664.507977365059
2017-12-15 06:00:00,4805.84504169784
2017-12-15 07:00:00,4919.579779866728
2017-12-15 08:00:00,4727.570807667107
2017-12-15 09:00:00,4656.009383452722
2017-12-15 10:00:00,4661.030995604112
2017-12-15 11:00:00,4674.632299781817
2017-12-15 12:00:00,4659.000058379698
2017-12-15 13:00:00,4653.768061742718
2017-12-15 14:00:00,4657.460722189496
2017-12-15 15:00:00,4635.5063391549
2017-12-15 16:00:00,4642.374741849828
2017-12-15 17:00:00,4735.1127913041
2017-12-15 18:00:00,4915.665254935823
2017-12-15 19:00:00,4688.823448010505
2017-12-15 20:00:00,4664.048550804345
2017-12-15 21:00:00,4647.463192648175
2017-12-15 22:00:00,4603.036297986064
2017-12-15 23:00:00,4519.763627724406
2017-12-16 00:00:00,4441.552074688141
2017-12-16 01:00:00,4478.548753181658
2017-12-16 02:00:00,4573.833437032652
2017-12-16 03:00:00,4605.052854178488
2017-12-16 04:00:00,4625.6565074841765
2017-12-16 05:00:00,4632.209242980042
2017-12-16 06:00:00,4696.147065282274
2017-12-16 07:00:00,4718.0254554601415
2017-12-16 08:00:00,4707.94064570041
2017-12-16 09:00:00,4709.923202075074
2017-12-16 10:00:00,4695.74339625425
2017-12-16 11:00:00,4669.694300858192
2017-12-16 12:00:00,4651.537909857737
2017-12-16 13:00:00,4648.6624875218085
2017-12-16 14:00:00,4645.454493298974
2017-12-16 15:00:00,4635.224370115614
2017-12-16 16:00:00,4648.140374246224
2017-12-16 17:00:00,4747.581247186752
2017-12-16 18:00:00,4923.636168339986
2017-12-16 19:00:00,4697.625515195531
2017-12-16 20:00:00,4672.850617989371
2017-12-16 21:00:00,4656.265259833201
2017-12-16 22:00:00,4606.006415301215
2017-12-16 23:00:00,4528.071731850336
2017-12-17 00:00:00,4450.0085352621045
2017-12-17 01:00:00,4483.66626592151
2017-12-17 02:00:00,4579.252949250755
2017-12-17 03:00:00,4610.472366396587
2017-12-17 04:00:00,4632.378947618465
2017-12-17 05:00:00,4639.371457017799
2017-12-17 06:00:00,4700.169523387883
2017-12-17 07:00:00,4721.632558844638
2017-12-17 08:00:00,4708.840673848063
2017-12-17 09:00:00,4712.273934897956
2017-12-17 10:00:00,4679.357089139681
2017-12-17 11:00:00,4650.048552623111
2017-12-17 12:00:00,4657.494211030195
2017-12-17 13:00:00,4659.92276746009
2017-12-17 14:00:00,4649.30223051426
2017-12-17 15:00:00,4639.070098924481
2017-12-17 16:00:00,4652.701323329323
2017-12-17 17:00:00,4758.388481296277
2017-12-17 18:00:00,4939.728378755345
2017-12-17 19:00:00,4721.820108799075
2017-12-17 20:00:00,4699.54863319785
2017-12-17 21:00:00,4678.211840024067
2017-12-17 22:00:00,4593.4143801773525
2017-12-17 23:00:00,4521.954154813138
2017-12-18 00:00:00,4479.633218529302
2017-12-18 01:00:00,4538.9465119000315
2017-12-18 02:00:00,4651.69217659972
2017-12-18 03:00:00,4687.309925628963
2017-12-18 04:00:00,4707.149127675818
2017-12-18 05:00:00,4738.504052105053
2017-12-18 06:00:00,4882.115067967749
2017-12-18 07:00:00,5002.9522637529335
2017-12-18 08:00:00,4789.563424185565
2017-12-18 09:00:00,4669.508475575878
2017-12-18 10:00:00,4672.713375548227
2017-12-18 11:00:00,4663.435358341539
2017-12-18 12:00:00,4648.911744178427
2017-12-18 13:00:00,4645.368934028882
2017-12-18 14:00:00,4644.075938461304
2017-12-18 15:00:00,4621.962910842953
2017-12-18 16:00:00,4631.326629896906
2017-12-18 17:00:00,4723.885642492631
2017-12-18 18:00:00,4906.223970344847
2017-12-18 19:00:00,4700.891006529361
2017-12-18 20:00:00,4680.443083137485
2017-12-18 21:00:00,4660.694561906663
2017-12-18 22:00:00,4578.499443211487
2017-12-18 23:00:00,4469.499827935371
2017-12-19 00:00:00,4423.229704855916
2017-12-19 01:00:00,4480.231772434706
2017-12-19 02:00:00,4592.460519794049
2017-12-19 03:00:00,4626.849220122989
2017-12-19 04:00:00,4646.821460665149
2017-12-19 05:00:00,4670.581386346001
2017-12-19 06:00:00,4813.131818780217
2017-12-19 07:00:00,4931.402823991107
2017-12-19 08:00:00,4734.725613206327
2017-12-19 09:00:00,4653.684387578327
2017-12-19 10:00:00,4659.325963024139
2017-12-19 11:00:00,4663.956576060404
2017-12-19 12:00:00,4649.860372695017
2017-12-19 13:00:00,4644.528110650144
2017-12-19 14:00:00,4646.553019467473
2017-12-19 15:00:00,4624.619351117658
2017-12-19 16:00:00,4633.610638783726
2017-12-19 17:00:00,4728.215411275837
2017-12-19 18:00:00,4911.678343970497
2017-12-19 19:00:00,4707.384797608583
2017-12-19 20:00:00,4687.911880718529
2017-12-19 21:00:00,4670.135205987614
2017-12-19 22:00:00,4599.9637596338
2017-12-19 23:00:00,4490.964144357683
2017-12-20 00:00:00,4434.100188923038
2017-12-20 01:00:00,4490.9141359574205
2017-12-20 02:00:00,4596.707213416166
2017-12-20 03:00:00,4629.234201073482
2017-12-20 04:00:00,4649.206441615642
2017-12-20 05:00:00,4667.901578211634
2017-12-20 06:00:00,4810.505578117837
2017-12-20 07:00:00,4928.776583328727
2017-12-20 08:00:00,4731.327275376034
2017-12-20 09:00:00,4650.615955735242
2017-12-20 10:00:00,4656.257531181054
2017-12-20 11:00:00,4659.551574727224
2017-12-20 12:00:00,4645.455371361838
2017-12-20 13:00:00,4640.123109316965
2017-12-20 14:00:00,4642.148018134294
2017-12-20 15:00:00,4620.214349784479
2017-12-20 16:00:00,4629.205637450546
2017-12-20 17:00:00,4722.416430126462
2017-12-20 18:00:00,4903.835182247993
2017-12-20 19:00:00,4699.541635886078
2017-12-20 20:00:00,4682.694850661504
2017-12-20 21:00:00,4664.918175930589
2017-12-20 22:00:00,4594.746729576774
2017-12-20 23:00:00,4489.328681528966
2017-12-21 00:00:00,4433.76738154799
2017-12-21 01:00:00,4483.60145076378
2017-12-21 02:00:00,4589.394528222526
2017-12-21 03:00:00,4621.921515879842
2017-12-21 04:00:00,4641.893756422001
2017-12-21 05:00:00,4660.588893017994
2017-12-21 06:00:00,4803.192892924198
2017-12-21 07:00:00,4900.824870896185
2017-12-21 08:00:00,4724.667498241819
2017-12-21 09:00:00,4644.142349395597
2017-12-21 10:00:00,4649.783924841409
2017-12-21 11:00:00,4653.07796838758
2017-12-21 12:00:00,4638.981765022193
2017-12-21 13:00:00,4633.6495029773205
2017-12-21 14:00:00,4635.674411794649
2017-12-21 15:00:00,4613.7200287600535
2017-12-21 16:00:00,4622.711316426122
2017-12-21 17:00:00,4715.922109102037
2017-12-21 18:00:00,4897.340861223567
2017-12-21 19:00:00,4690.310613732284
2017-12-21 20:00:00,4669.390732006155
2017-12-21 21:00:00,4656.196541534167
2017-12-21 22:00:00,4593.891820324689
2017-12-21 23:00:00,4493.922367717613
2017-12-22 00:00:00,4436.827844533373
2017-12-22 01:00:00,4478.183918721036
2017-12-22 02:00:00,4580.653536872759
2017-12-22 03:00:00,4613.180524530077
2017-12-22 04:00:00,4633.598426980389
2017-12-22 05:00:00,4653.954189882403
2017-12-22 06:00:00,4787.913490393349
2017-12-22 07:00:00,4881.009201323335
2017-12-22 08:00:00,4718.596358476546
2017-12-22 09:00:00,4646.7462970969445
2017-12-22 10:00:00,4651.767909248334
2017-12-22 11:00:00,4665.475375889552
2017-12-22 12:00:00,4649.843134487434
2017-12-22 13:00:00,4644.611137850454
2017-12-22 14:00:00,4648.303798297232
2017-12-22 15:00:00,4626.349415262636
2017-12-22 16:00:00,4633.217817957564
2017-12-22 17:00:00,4727.442718114594
2017-12-22 18:00:00,4904.874362321418
2017-12-22 19:00:00,4676.579680649508
2017-12-22 20:00:00,4646.5172871373825
2017-12-22 21:00:00,4632.1450056947015
2017-12-22 22:00:00,4611.045844238194
2017-12-22 23:00:00,4534.7457996654975
2017-12-23 00:00:00,4434.1807181870645
2017-12-23 01:00:00,4466.098251425828
2017-12-23 02:00:00,4561.382935276822
2017-12-23 03:00:00,4594.347562534087
2017-12-23 04:00:00,4614.951215839776
2017-12-23 05:00:00,4623.813888310786
2017-12-23 06:00:00,4687.072782167372
2017-12-23 07:00:00,4711.535135650333
2017-12-23 08:00:00,4701.872116100187
2017-12-23 09:00:00,4703.566035309634
2017-12-23 10:00:00,4689.3862294888095
2017-12-23 11:00:00,4664.531874204261
2017-12-23 12:00:00,4646.375483203806
2017-12-23 13:00:00,4643.5000608678765
2017-12-23 14:00:00,4640.292066645043
2017-12-23 15:00:00,4630.061943461683
2017-12-23 16:00:00,4642.977947592293
2017-12-23 17:00:00,4743.6510272204405
2017-12-23 18:00:00,4918.553379567256
2017-12-23 19:00:00,4691.089851676209
2017-12-23 20:00:00,4661.027458164083
2017-12-23 21:00:00,4646.655176721402
2017-12-23 22:00:00,4619.724065395021
2017-12-23 23:00:00,4548.762007633102
2017-12-24 00:00:00,4449.72663870868
2017-12-24 01:00:00,4470.707785308841
2017-12-24 02:00:00,4567.998461855184
2017-12-24 03:00:00,4600.963089112449
2017-12-24 04:00:00,4622.869670334326
2017-12-24 05:00:00,4630.975104846616
2017-12-24 06:00:00,4695.024073228461
2017-12-24 07:00:00,4719.469887780973
2017-12-24 08:00:00,4704.405406367154
2017-12-24 09:00:00,4705.598605046538
2017-12-24 10:00:00,4672.6817592882635
2017-12-24 11:00:00,4642.098435570643
2017-12-24 12:00:00,4649.544093977727
2017-12-24 13:00:00,4651.972650407621
2017-12-24 14:00:00,4641.352113461791
2017-12-24 15:00:00,4631.119981872012
2017-12-24 16:00:00,4644.378756759799
2017-12-24 17:00:00,4751.298121414373
2017-12-24 18:00:00,4931.485450067023
2017-12-24 19:00:00,4701.191784353015
2017-12-24 20:00:00,4677.652339542305
2017-12-24 21:00:00,4677.353370296422
2017-12-24 22:00:00,4619.6851103753415
2017-12-24 23:00:00,4555.197510700087
2017-12-25 00:00:00,4500.427311424039
2017-12-25 01:00:00,4528.641920886087
2017-12-25 02:00:00,4639.272411703717
2017-12-25 03:00:00,4676.311290714293
2017-12-25 04:00:00,4696.150492761148
2017-12-25 05:00:00,4722.080726811022
2017-12-25 06:00:00,4831.820765506397
2017-12-25 07:00:00,4908.648040999518
2017-12-25 08:00:00,4791.785519118301
2017-12-25 09:00:00,4694.324332050031
2017-12-25 10:00:00,4697.529232022382
2017-12-25 11:00:00,4665.080641421506
2017-12-25 12:00:00,4650.557027258395
2017-12-25 13:00:00,4647.014217108848
2017-12-25 14:00:00,4645.721221541271
2017-12-25 15:00:00,4623.608193922919
2017-12-25 16:00:00,4632.273301613645
2017-12-25 17:00:00,4728.804301490073
2017-12-25 18:00:00,4909.8739348049785
2017-12-25 19:00:00,4697.769298455373
2017-12-25 20:00:00,4671.049992612333
2017-12-25 21:00:00,4654.347024512365
2017-12-25 22:00:00,4599.733506856788
2017-12-25 23:00:00,4497.706517269635
2017-12-26 00:00:00,4444.134616127737
2017-12-26 01:00:00,4472.778275462532
2017-12-26 02:00:00,4582.891848939816
2017-12-26 03:00:00,4617.280549268758
2017-12-26 04:00:00,4637.2527898109165
2017-12-26 05:00:00,4658.853227500901
2017-12-26 06:00:00,4767.529978159208
2017-12-26 07:00:00,4841.791063078034
2017-12-26 08:00:00,4738.571824689559
2017-12-26 09:00:00,4672.173018682499
2017-12-26 10:00:00,4677.814594128311
2017-12-26 11:00:00,4660.691626609809
2017-12-26 12:00:00,4646.595423244422
2017-12-26 13:00:00,4641.263161199549
2017-12-26 14:00:00,4643.288070016879
2017-12-26 15:00:00,4621.354401667064
2017-12-26 16:00:00,4629.413419081456
2017-12-26 17:00:00,4724.018191573567
2017-12-26 18:00:00,4907.481124268226
2017-12-26 19:00:00,4696.415905372192
2017-12-26 20:00:00,4670.6716060309745
2017-12-26 21:00:00,4655.940484430915
2017-12-26 22:00:00,4614.009099026138
2017-12-26 23:00:00,4511.9821094389845
2017-12-27 00:00:00,4454.843199127233
2017-12-27 01:00:00,4484.821386756941
2017-12-27 02:00:00,4588.499290333628
2017-12-27 03:00:00,4621.026277990944
2017-12-27 04:00:00,4640.998518533104
2017-12-27 05:00:00,4657.534167138229
2017-12-27 06:00:00,4763.245275716748
2017-12-27 07:00:00,4837.506360635574
2017-12-27 08:00:00,4734.645491040134
2017-12-27 09:00:00,4671.02997102201
2017-12-27 10:00:00,4676.671546467822
2017-12-27 11:00:00,4656.737283074295
2017-12-27 12:00:00,4642.641079708909
2017-12-27 13:00:00,4637.308817664037
2017-12-27 14:00:00,4639.333726481365
2017-12-27 15:00:00,4617.40005813155
2017-12-27 16:00:00,4625.459075545942
2017-12-27 17:00:00,4718.6698682218575
2017-12-27 18:00:00,4900.088620343388
2017-12-27 19:00:00,4688.8411390677775
2017-12-27 20:00:00,4663.661329957734
2017-12-27 21:00:00,4650.2427512068525
2017-12-27 22:00:00,4608.311365802077
2017-12-27 23:00:00,4509.86594344323
2017-12-28 00:00:00,4450.061194121929
2017-12-28 01:00:00,4480.0371706764345
2017-12-28 02:00:00,4583.715074253121
2017-12-28 03:00:00,4616.242061910438
2017-12-28 04:00:00,4636.214302452597
2017-12-28 05:00:00,4652.749951057722
2017-12-28 06:00:00,4758.461059636241
2017-12-28 07:00:00,4832.722144555067
2017-12-28 08:00:00,4729.861274959627
2017-12-28 09:00:00,4666.431925736073
2017-12-28 10:00:00,4672.073501181885
2017-12-28 11:00:00,4652.1392377883585
2017-12-28 12:00:00,4638.043034422973
2017-12-28 13:00:00,4632.7107723781
2017-12-28 14:00:00,4634.735681195429
2017-12-28 15:00:00,4612.781298160833
2017-12-28 16:00:00,4620.840315575225
2017-12-28 17:00:00,4714.05110825114
2017-12-28 18:00:00,4895.469860372671
2017-12-28 19:00:00,4684.302793733504
2017-12-28 20:00:00,4659.1411119340455
2017-12-28 21:00:00,4645.722533183165
2017-12-28 22:00:00,4604.394342483092
2017-12-28 23:00:00,4508.557975194877
2017-12-29 00:00:00,4456.667635222348
2017-12-29 01:00:00,4478.165616748727
2017-12-29 02:00:00,4578.520061018389
2017-12-29 03:00:00,4611.047048675708
2017-12-29 04:00:00,4631.46495112602
2017-12-29 05:00:00,4648.292610863826
2017-12-29 06:00:00,4752.736783868923
2017-12-29 07:00:00,4822.461601745749
2017-12-29 08:00:00,4725.04106790338
2017-12-29 09:00:00,4664.558539130823
2017-12-29 10:00:00,4669.580151282214
2017-12-29 11:00:00,4660.096825124696
2017-12-29 12:00:00,4644.464583722577
2017-12-29 13:00:00,4639.232587085597
2017-12-29 14:00:00,4642.925247532375
2017-12-29 15:00:00,4620.970864497779
2017-12-29 16:00:00,4632.398478514884
2017-12-29 17:00:00,4726.623378671914
2017-12-29 18:00:00,4904.055022878738
2017-12-29 19:00:00,4672.580978836967
2017-12-29 20:00:00,4642.464281097668
2017-12-29 21:00:00,4629.531402024828
2017-12-29 22:00:00,4607.345984449608
2017-12-29 23:00:00,4531.045939876912
2017-12-30 00:00:00,4450.438676932737
2017-12-30 01:00:00,4467.428812351444
2017-12-30 02:00:00,4561.023622035619
2017-12-30 03:00:00,4593.988249292884
2017-12-30 04:00:00,4614.591902598572
2017-12-30 05:00:00,4622.257563207393
2017-12-30 06:00:00,4690.05845761506
2017-12-30 07:00:00,4716.496534243526
2017-12-30 08:00:00,4700.504861537858
2017-12-30 09:00:00,4701.681401880314
2017-12-30 10:00:00,4687.50159605949
2017-12-30 11:00:00,4661.9329035875835
2017-12-30 12:00:00,4643.776512587128
2017-12-30 13:00:00,4640.901090251199
2017-12-30 14:00:00,4637.376207394195
2017-12-30 15:00:00,4625.183295673015
2017-12-30 16:00:00,4637.72685028657
2017-12-30 17:00:00,4738.399929914718
2017-12-30 18:00:00,4913.302282261533
2017-12-30 19:00:00,4682.659392000625
2017-12-30 20:00:00,4652.542694261327
2017-12-30 21:00:00,4639.609815188485
2017-12-30 22:00:00,4616.480170582134
2017-12-30 23:00:00,4545.518112820216
2017-12-31 00:00:00,4461.469027321943
2017-12-31 01:00:00,4475.120214906539
2017-12-31 02:00:00,4569.017024068966
2017-12-31 03:00:00,4601.981651326227
2017-12-31 04:00:00,4623.888232548104
2017-12-31 05:00:00,4631.993667060394
2017-12-31 06:00:00,4696.042635442239
2017-12-31 07:00:00,4722.065357349591
2017-12-31 08:00:00,4702.922739724225
2017-12-31 09:00:00,4705.549984741908
2017-12-31 10:00:00,4675.67971929624
2017-12-31 11:00:00,4646.23771762534
2017-12-31 12:00:00,4650.477223717125
2017-12-31 13:00:00,4652.905780147018
2017-12-31 14:00:00,4641.968354567019
2017-12-31 15:00:00,4629.773434439419
2017-12-31 16:00:00,4643.032209327206
2017-12-31 17:00:00,4749.95157398178
2017-12-31 18:00:00,4930.1389026344295
2017-12-31 19:00:00,4692.177570789905
2017-12-31 20:00:00,4658.4562076014845
2017-12-31 21:00:00,4640.77189351103
2017-12-31 22:00:00,4591.847654577476
2017-12-31 23:00:00,4535.091487081127
2018-01-01 00:00:00,4444.340831451195
2018-01-01 01:00:00,4487.357483620606
2018-01-01 02:00:00,4603.156787846854
2018-01-01 03:00:00,4638.809922135298
2018-01-01 04:00:00,4655.792228330283
2018-01-01 05:00:00,4696.322009909466
2018-01-01 06:00:00,4840.567718686138
2018-01-01 07:00:00,4951.395082586562
2018-01-01 08:00:00,4777.138104327697
2018-01-01 09:00:00,4676.066960368408
2018-01-01 10:00:00,4682.465748834145
2018-01-01 11:00:00,4687.363913910383
2018-01-01 12:00:00,4670.786390112747
2018-01-01 13:00:00,4667.833142686432
2018-01-01 14:00:00,4662.185834999984
2018-01-01 15:00:00,4635.602872905112
2018-01-01 16:00:00,4647.412106511186
2018-01-01 17:00:00,4716.662340446822
2018-01-01 18:00:00,4862.716100020675
2018-01-01 19:00:00,4709.930556759039
2018-01-01 20:00:00,4679.3838199352795
2018-01-01 21:00:00,4707.732417303792
2018-01-01 22:00:00,4573.438312021657
2018-01-01 23:00:00,4438.316733253001
2018-01-02 00:00:00,4422.3240993021
2018-01-02 01:00:00,4465.722909596066
2018-01-02 02:00:00,4581.005296481966
2018-01-02 03:00:00,4614.008252088775
2018-01-02 04:00:00,4632.403093263118
2018-01-02 05:00:00,4663.681760777435
2018-01-02 06:00:00,4805.589698833874
2018-01-02 07:00:00,4913.837434875975
2018-01-02 08:00:00,4741.644548922624
2018-01-02 09:00:00,4660.432730701558
2018-01-02 10:00:00,4669.268194640757
2018-01-02 11:00:00,4688.200122197622
2018-01-02 12:00:00,4672.050009197709
2018-01-02 13:00:00,4667.307309876068
2018-01-02 14:00:00,4664.977906574527
2018-01-02 15:00:00,4638.574303748192
2018-01-02 16:00:00,4648.269200090849
2018-01-02 17:00:00,4719.807235899019
2018-01-02 18:00:00,4870.028306840259
2018-01-02 19:00:00,4717.645393009639
2018-01-02 20:00:00,4686.6761880018585
2018-01-02 21:00:00,4715.932510915025
2018-01-02 22:00:00,4594.663649749311
2018-01-02 23:00:00,4459.542070980653
2018-01-03 00:00:00,4434.836339958771
2018-01-03 01:00:00,4482.320228905783
2018-01-03 02:00:00,4598.215360683984
2018-01-03 03:00:00,4629.356603619168
2018-01-03 04:00:00,4647.75144479351
2018-01-03 05:00:00,4674.8289645221275
2018-01-03 06:00:00,4816.790470050553
2018-01-03 07:00:00,4925.038206092655
2018-01-03 08:00:00,4750.896511631375
2018-01-03 09:00:00,4669.495234309737
2018-01-03 10:00:00,4678.330698248937
2018-01-03 11:00:00,4692.269766626882
2018-01-03 12:00:00,4676.11965362697
2018-01-03 13:00:00,4671.3769543053295
2018-01-03 14:00:00,4669.047551003788
2018-01-03 15:00:00,4642.854387186602
2018-01-03 16:00:00,4652.54928352926
2018-01-03 17:00:00,4722.533488829902
2018-01-03 18:00:00,4874.2738249021295
2018-01-03 19:00:00,4721.890911071509
2018-01-03 20:00:00,4692.447355527289
2018-01-03 21:00:00,4721.703678440455
2018-01-03 22:00:00,4600.434817274741
2018-01-03 23:00:00,4469.971193936365
2018-01-04 00:00:00,4430.609220847253
2018-01-04 01:00:00,4477.923549161485
2018-01-04 02:00:00,4593.818680939685
2018-01-04 03:00:00,4624.959923874869
2018-01-04 04:00:00,4643.354765049211
2018-01-04 05:00:00,4670.4322847778285
2018-01-04 06:00:00,4812.393790306254
2018-01-04 07:00:00,4920.641526348355
2018-01-04 08:00:00,4746.499831887075
2018-01-04 09:00:00,4662.322486351129
2018-01-04 10:00:00,4669.051245566964
2018-01-04 11:00:00,4682.990313944911
2018-01-04 12:00:00,4666.840200944998
2018-01-04 13:00:00,4662.097501623357
2018-01-04 14:00:00,4659.768098321816
2018-01-04 15:00:00,4633.55421981985
2018-01-04 16:00:00,4643.249116162507
2018-01-04 17:00:00,4713.233321463149
2018-01-04 18:00:00,4864.973657535377
2018-01-04 19:00:00,4712.671158341201
2018-01-04 20:00:00,4683.245730107566
2018-01-04 21:00:00,4712.502053020732
2018-01-04 22:00:00,4592.316457691804
2018-01-04 23:00:00,4464.46188942406
2018-01-05 00:00:00,4429.985481623241
2018-01-05 01:00:00,4471.139623436537
2018-01-05 02:00:00,4583.711295907716
2018-01-05 03:00:00,4614.8525388429
2018-01-05 04:00:00,4633.693041925395
2018-01-05 05:00:00,4661.062572786694
2018-01-05 06:00:00,4801.757142741698
2018-01-05 07:00:00,4905.468611741799
2018-01-05 08:00:00,4736.767253033589
2018-01-05 09:00:00,4661.062042095579
2018-01-05 10:00:00,4667.170838016993
2018-01-05 11:00:00,4691.525589470715
2018-01-05 12:00:00,4673.704246565642
2018-01-05 13:00:00,4669.061812651893
2018-01-05 14:00:00,4668.400160979801
2018-01-05 15:00:00,4642.1862824778345
2018-01-05 16:00:00,4649.758293849352
2018-01-05 17:00:00,4719.929254282732
2018-01-05 18:00:00,4865.936707737837
2018-01-05 19:00:00,4709.191194580549
2018-01-05 20:00:00,4673.24456021415
2018-01-05 21:00:00,4703.404233567702
2018-01-05 22:00:00,4599.405753059682
2018-01-05 23:00:00,4501.047590801059
2018-01-06 00:00:00,4430.815608969317
2018-01-06 01:00:00,4457.060282826091
2018-01-06 02:00:00,4562.447020996542
2018-01-06 03:00:00,4593.701823401578
2018-01-06 04:00:00,4612.72807733945
2018-01-06 05:00:00,4624.119152995971
2018-01-06 06:00:00,4687.646188768128
2018-01-06 07:00:00,4697.345981411035
2018-01-06 08:00:00,4709.712094822433
2018-01-06 09:00:00,4710.124189379734
2018-01-06 10:00:00,4697.031567328934
2018-01-06 11:00:00,4665.722267472257
2018-01-06 12:00:00,4645.376774968847
2018-01-06 13:00:00,4643.09091535615
2018-01-06 14:00:00,4639.670855867242
2018-01-06 15:00:00,4623.942968939575
2018-01-06 16:00:00,4643.780693628321
2018-01-06 17:00:00,4720.399833532819
2018-01-06 18:00:00,4868.806772892846
2018-01-06 19:00:00,4711.448780925712
2018-01-06 20:00:00,4675.502146559313
2018-01-06 21:00:00,4705.661819912865
2018-01-06 22:00:00,4595.831389534971
2018-01-06 23:00:00,4502.8112140871235
2018-01-07 00:00:00,4443.180802674742
2018-01-07 01:00:00,4461.698098669514
2018-01-07 02:00:00,4563.196543906928
2018-01-07 03:00:00,4594.451346311964
2018-01-07 04:00:00,4617.345881615763
2018-01-07 05:00:00,4625.096530203506
2018-01-07 06:00:00,4690.4573819684265
2018-01-07 07:00:00,4699.74181989022
2018-01-07 08:00:00,4709.400858064775
2018-01-07 09:00:00,4713.082578992305
2018-01-07 10:00:00,4679.788668390336
2018-01-07 11:00:00,4645.115664518229
2018-01-07 12:00:00,4652.533718858691
2018-01-07 13:00:00,4654.988093035161
2018-01-07 14:00:00,4643.191969391521
2018-01-07 15:00:00,4627.462074057435
2018-01-07 16:00:00,4648.015019020413
2018-01-07 17:00:00,4731.446596682023
2018-01-07 18:00:00,4888.075864178713
2018-01-07 19:00:00,4728.40034572509
2018-01-07 20:00:00,4696.648462541055
2018-01-07 21:00:00,4727.212888666608
2018-01-07 22:00:00,4593.7958070206305
2018-01-07 23:00:00,4497.163644369728
2018-01-08 00:00:00,4473.126478400103
2018-01-08 01:00:00,4520.416329766969
2018-01-08 02:00:00,4638.192675218962
2018-01-08 03:00:00,4673.845809507406
2018-01-08 04:00:00,4690.828115702391
2018-01-08 05:00:00,4731.357897281574
2018-01-08 06:00:00,4875.6036060582455
2018-01-08 07:00:00,4986.43096995867
2018-01-08 08:00:00,4810.997280359788
2018-01-08 09:00:00,4686.845990452969
2018-01-08 10:00:00,4691.138074195343
2018-01-08 11:00:00,4692.379949582757
2018-01-08 12:00:00,4675.80242578512
2018-01-08 13:00:00,4672.849178358806
2018-01-08 14:00:00,4667.2018706723575
2018-01-08 15:00:00,4640.829347586636
2018-01-08 16:00:00,4652.638581192708
2018-01-08 17:00:00,4721.888815128345
2018-01-08 18:00:00,4867.942574702198
2018-01-08 19:00:00,4715.157031440562
2018-01-08 20:00:00,4684.610294616803
2018-01-08 21:00:00,4712.958891985315
2018-01-08 22:00:00,4578.664786703182
2018-01-08 23:00:00,4443.543207934526
2018-01-09 00:00:00,4427.411607344497
2018-01-09 01:00:00,4475.083616835917
2018-01-09 02:00:00,4592.343044947564
2018-01-09 03:00:00,4625.346000554371
2018-01-09 04:00:00,4643.740841728714
2018-01-09 05:00:00,4675.019509243031
2018-01-09 06:00:00,4816.92744729947
2018-01-09 07:00:00,4925.175183341572
2018-01-09 08:00:00,4751.8055860482045
2018-01-09 09:00:00,4666.439384569874
2018-01-09 10:00:00,4673.1681437857105
2018-01-09 11:00:00,4688.44378165375
2018-01-09 12:00:00,4672.293668653838
2018-01-09 13:00:00,4667.550969332197
2018-01-09 14:00:00,4665.221566030656
2018-01-09 15:00:00,4639.028402213471
2018-01-09 16:00:00,4648.723298556128
2018-01-09 17:00:00,4720.261334364299
2018-01-09 18:00:00,4870.482405305538
2018-01-09 19:00:00,4718.099491474917
2018-01-09 20:00:00,4686.69229052476
2018-01-09 21:00:00,4715.948613437927
2018-01-09 22:00:00,4594.679752272213
2018-01-09 23:00:00,4459.558173503557
2018-01-10 00:00:00,4432.972515138904
2018-01-10 01:00:00,4480.456404085917
2018-01-10 02:00:00,4596.351535864116
2018-01-10 03:00:00,4627.4927787993
2018-01-10 04:00:00,4645.887619973642
2018-01-10 05:00:00,4672.96513970226
2018-01-10 06:00:00,4814.926645230686
2018-01-10 07:00:00,4923.174381272787
2018-01-10 08:00:00,4749.032686811507
2018-01-10 09:00:00,4663.996391320385
2018-01-10 10:00:00,4670.17348285931
2018-01-10 11:00:00,4684.112551237256
2018-01-10 12:00:00,4667.962438237344
2018-01-10 13:00:00,4663.219738915703
2018-01-10 14:00:00,4660.890335614162
2018-01-10 15:00:00,4634.697171796976
2018-01-10 16:00:00,4644.392068139634
2018-01-10 17:00:00,4714.376273440276
2018-01-10 18:00:00,4866.116609512504
2018-01-10 19:00:00,4713.733695681884
2018-01-10 20:00:00,4683.852144195285
2018-01-10 21:00:00,4713.108467108452
2018-01-10 22:00:00,4591.839605942738
2018-01-10 23:00:00,4461.375982604362
2018-01-11 00:00:00,4427.663219389598
2018-01-11 01:00:00,4474.977547703831
2018-01-11 02:00:00,4590.87267948203
2018-01-11 03:00:00,4622.0139224172135
2018-01-11 04:00:00,4640.408763591556
2018-01-11 05:00:00,4667.486283320173
2018-01-11 06:00:00,4809.447788848599
2018-01-11 07:00:00,4917.6955248907
2018-01-11 08:00:00,4743.5538304294205
2018-01-11 09:00:00,4659.376484893473
2018-01-11 10:00:00,4665.553576432399
2018-01-11 11:00:00,4679.492644810345
2018-01-11 12:00:00,4663.342531810433
2018-01-11 13:00:00,4658.599832488791
2018-01-11 14:00:00,4656.27042918725
2018-01-11 15:00:00,4630.0565506852845
2018-01-11 16:00:00,4639.751447027941
2018-01-11 17:00:00,4709.7356523285835
2018-01-11 18:00:00,4861.475988400812
2018-01-11 19:00:00,4709.173489206635
2018-01-11 20:00:00,4679.310065030622
2018-01-11 21:00:00,4708.566387943789
2018-01-11 22:00:00,4588.380792614861
2018-01-11 23:00:00,4460.526224347117
2018-01-12 00:00:00,4427.039480165587
2018-01-12 01:00:00,4468.193621978882
2018-01-12 02:00:00,4580.7652944500605
2018-01-12 03:00:00,4611.906537385245
2018-01-12 04:00:00,4630.747040467741
2018-01-12 05:00:00,4658.116571329038
2018-01-12 06:00:00,4798.811141284043
2018-01-12 07:00:00,4902.522610284143
2018-01-12 08:00:00,4733.821251575935
2018-01-12 09:00:00,4658.116040637924
2018-01-12 10:00:00,4663.6731688824275
2018-01-12 11:00:00,4688.02792033615
2018-01-12 12:00:00,4670.206577431077
2018-01-12 13:00:00,4665.5641435173275
2018-01-12 14:00:00,4664.902491845235
2018-01-12 15:00:00,4638.688613343269
2018-01-12 16:00:00,4646.260624714786
2018-01-12 17:00:00,4716.431585148166
2018-01-12 18:00:00,4862.439038603272
2018-01-12 19:00:00,4705.693525445983
2018-01-12 20:00:00,4669.308895137206
2018-01-12 21:00:00,4699.468568490759
2018-01-12 22:00:00,4595.470087982739
2018-01-12 23:00:00,4497.111925724117
2018-01-13 00:00:00,4429.012606479014
2018-01-13 01:00:00,4455.257280335787
2018-01-13 02:00:00,4560.644018506238
2018-01-13 03:00:00,4591.898820911274
2018-01-13 04:00:00,4610.925074849145
2018-01-13 05:00:00,4622.316150505667
2018-01-13 06:00:00,4685.53943580277
2018-01-13 07:00:00,4695.239228445676
2018-01-13 08:00:00,4707.605341857074
2018-01-13 09:00:00,4708.017436414376
2018-01-13 10:00:00,4694.373146686665
2018-01-13 11:00:00,4663.063846829988
2018-01-13 12:00:00,4642.718354326578
2018-01-13 13:00:00,4640.432494713881
2018-01-13 14:00:00,4637.012435224973
2018-01-13 15:00:00,4623.929867276142
2018-01-13 16:00:00,4638.330793612282
2018-01-13 17:00:00,4714.949933516778
2018-01-13 18:00:00,4854.779137750793
2018-01-13 19:00:00,4713.163970610488
2018-01-13 20:00:00,4673.944546901686
2018-01-13 21:00:00,4704.10422025524
2018-01-13 22:00:00,4594.273789877345
2018-01-13 23:00:00,4501.253614429499
2018-01-14 00:00:00,4443.852037674049
2018-01-14 01:00:00,4462.369333668821
2018-01-14 02:00:00,4563.867778906235
2018-01-14 03:00:00,4595.12258131127
2018-01-14 04:00:00,4618.0171166150685
2018-01-14 05:00:00,4625.7677652028115
2018-01-14 06:00:00,4690.824866492678
2018-01-14 07:00:00,4700.109304414472
2018-01-14 08:00:00,4709.768342589026
2018-01-14 09:00:00,4713.450063516557
2018-01-14 10:00:00,4679.604485237677
2018-01-14 11:00:00,4644.931481365571
2018-01-14 12:00:00,4652.349535706032
2018-01-14 13:00:00,4654.803909882502
2018-01-14 14:00:00,4643.007786238862
2018-01-14 15:00:00,4629.923209883612
2018-01-14 16:00:00,4645.039356493983
2018-01-14 17:00:00,4728.470934155593
2018-01-14 18:00:00,4876.52246652627
2018-01-14 19:00:00,4732.589772899477
2018-01-14 20:00:00,4697.565100373039
2018-01-14 21:00:00,4728.129526498591
2018-01-14 22:00:00,4594.712444852615
2018-01-14 23:00:00,4498.080282201713
2018-01-15 00:00:00,4477.161316691398
2018-01-15 01:00:00,4524.451168058264
2018-01-15 02:00:00,4642.227513510255
2018-01-15 03:00:00,4677.880647798699
2018-01-15 04:00:00,4694.862953993685
2018-01-15 05:00:00,4735.392735572867
2018-01-15 06:00:00,4878.057506582732
2018-01-15 07:00:00,4988.884870483156
2018-01-15 08:00:00,4813.451180884275
2018-01-15 09:00:00,4689.299890977455
2018-01-15 10:00:00,4693.040307042918
2018-01-15 11:00:00,4694.282182430333
2018-01-15 12:00:00,4677.704658632696
2018-01-15 13:00:00,4674.751411206382
2018-01-15 14:00:00,4669.104103519933
2018-01-15 15:00:00,4645.376899413048
2018-01-15 16:00:00,4651.749334666513
2018-01-15 17:00:00,4714.887031210733
2018-01-15 18:00:00,4852.363055658572
2018-01-15 19:00:00,4721.2408324805165
2018-01-15 20:00:00,4687.421306314355
2018-01-15 21:00:00,4715.769903682867
2018-01-15 22:00:00,4581.475798400734
2018-01-15 23:00:00,4446.354219632079
2018-01-16 00:00:00,4428.4650550955075
2018-01-16 01:00:00,4476.137064586928
2018-01-16 02:00:00,4593.396492698574
2018-01-16 03:00:00,4626.399448305381
2018-01-16 04:00:00,4644.794289479724
2018-01-16 05:00:00,4676.072956994041
2018-01-16 06:00:00,4817.677144575426
2018-01-16 07:00:00,4925.924880617527
2018-01-16 08:00:00,4752.55528332416
2018-01-16 09:00:00,4667.18908184583
2018-01-16 10:00:00,4673.366173384755
2018-01-16 11:00:00,4688.641811252795
2018-01-16 12:00:00,4672.491698252883
2018-01-16 13:00:00,4667.748998931242
2018-01-16 14:00:00,4665.419595629701
2018-01-16 15:00:00,4641.871750791352
2018-01-16 16:00:00,4646.129848781402
2018-01-16 17:00:00,4711.555347198156
2018-01-16 18:00:00,4853.198683013381
2018-01-16 19:00:00,4722.479089266341
2018-01-16 20:00:00,4688.23709491616
2018-01-16 21:00:00,4717.493417829326
2018-01-16 22:00:00,4596.224556663612
2018-01-16 23:00:00,4461.102977894956
2018-01-17 00:00:00,4433.199570949217
2018-01-17 01:00:00,4480.683459896229
2018-01-17 02:00:00,4596.578591674429
2018-01-17 03:00:00,4627.719834609612
2018-01-17 04:00:00,4646.114675783954
2018-01-17 05:00:00,4673.192195512573
2018-01-17 06:00:00,4814.849950565944
2018-01-17 07:00:00,4923.097686608045
2018-01-17 08:00:00,4748.955992146764
2018-01-17 09:00:00,4663.919696655643
2018-01-17 10:00:00,4670.096788194568
2018-01-17 11:00:00,4684.035856572514
2018-01-17 12:00:00,4667.885743572601
2018-01-17 13:00:00,4663.143044250961
2018-01-17 14:00:00,4660.813640949419
2018-01-17 15:00:00,4637.265796111071
2018-01-17 16:00:00,4641.52389410112
2018-01-17 17:00:00,4705.395562010345
2018-01-17 18:00:00,4848.5581629565595
2018-01-17 19:00:00,4717.83856920952
2018-01-17 20:00:00,4685.122224322898
2018-01-17 21:00:00,4714.378547236064
2018-01-17 22:00:00,4593.10968607035
2018-01-17 23:00:00,4462.646062731975
2018-01-18 00:00:00,4427.829784797305
2018-01-18 01:00:00,4475.144113111538
2018-01-18 02:00:00,4591.039244889736
2018-01-18 03:00:00,4622.18048782492
2018-01-18 04:00:00,4640.575328999263
2018-01-18 05:00:00,4667.65284872788
2018-01-18 06:00:00,4809.310603781251
2018-01-18 07:00:00,4917.558339823352
2018-01-18 08:00:00,4743.416645362073
2018-01-18 09:00:00,4659.239299826126
2018-01-18 10:00:00,4665.416391365051
2018-01-18 11:00:00,4679.355459742997
2018-01-18 12:00:00,4663.205346743084
2018-01-18 13:00:00,4658.462647421444
2018-01-18 14:00:00,4656.133244119902
2018-01-18 15:00:00,4632.564684596773
2018-01-18 16:00:00,4636.8227825868225
2018-01-18 17:00:00,4700.6944504960475
2018-01-18 18:00:00,4843.857051442262
2018-01-18 19:00:00,4715.999338627496
2018-01-18 20:00:00,4679.805544676319
2018-01-18 21:00:00,4709.061867589486
2018-01-18 22:00:00,4590.030193579034
2018-01-18 23:00:00,4462.175625311291
2018-01-19 00:00:00,4427.2758876446505
2018-01-19 01:00:00,4468.430029457946
2018-01-19 02:00:00,4581.0017019291245
2018-01-19 03:00:00,4612.142944864308
2018-01-19 04:00:00,4630.983447946804
2018-01-19 05:00:00,4658.352978808102
2018-01-19 06:00:00,4798.743798288052
2018-01-19 07:00:00,4902.455267288153
2018-01-19 08:00:00,4733.7539085799435
2018-01-19 09:00:00,4658.048697641932
2018-01-19 10:00:00,4663.605825886436
2018-01-19 11:00:00,4687.960577340158
2018-01-19 12:00:00,4670.139234435085
2018-01-19 13:00:00,4665.496800521336
2018-01-19 14:00:00,4664.8351488492435
2018-01-19 15:00:00,4641.266589326115
2018-01-19 16:00:00,4643.401802345024
2018-01-19 17:00:00,4701.776442190784
2018-01-19 18:00:00,4839.206160519876
2018-01-19 19:00:00,4718.28915881755
2018-01-19 20:00:00,4675.574158733608
2018-01-19 21:00:00,4698.585102460352
2018-01-19 22:00:00,4595.740543270807
2018-01-19 23:00:00,4497.382381012186
2018-01-20 00:00:00,4429.451501135442
2018-01-20 01:00:00,4455.696174992217
2018-01-20 02:00:00,4561.082913162668
2018-01-20 03:00:00,4592.337715567703
2018-01-20 04:00:00,4611.3639695055745
2018-01-20 05:00:00,4622.7550451620955
2018-01-20 06:00:00,4685.978330459198
2018-01-20 07:00:00,4695.678123102105
2018-01-20 08:00:00,4708.044236513503
2018-01-20 09:00:00,4708.4563310708045
2018-01-20 10:00:00,4694.812041343093
2018-01-20 11:00:00,4663.502741486417
2018-01-20 12:00:00,4643.157248983007
2018-01-20 13:00:00,4640.87138937031
2018-01-20 14:00:00,4637.451329881402
2018-01-20 15:00:00,4624.368761932571
2018-01-20 16:00:00,4638.7696882687105
2018-01-20 17:00:00,4703.592507585588
2018-01-20 18:00:00,4843.421711819601
2018-01-20 19:00:00,4721.89223130743
2018-01-20 20:00:00,4679.177231223488
2018-01-20 21:00:00,4702.188174950232
2018-01-20 22:00:00,4593.511665890813
2018-01-20 23:00:00,4500.491490442966
2018-01-21 00:00:00,4444.290932330478
2018-01-21 01:00:00,4462.80822832525
2018-01-21 02:00:00,4564.306673562664
2018-01-21 03:00:00,4595.561475967699
2018-01-21 04:00:00,4618.456011271497
2018-01-21 05:00:00,4626.20665985924
2018-01-21 06:00:00,4691.263761149107
2018-01-21 07:00:00,4700.5481990709
2018-01-21 08:00:00,4710.207237245455
2018-01-21 09:00:00,4713.888958172985
2018-01-21 10:00:00,4680.043379894106
2018-01-21 11:00:00,4645.370376022
2018-01-21 12:00:00,4652.7884303624605
2018-01-21 13:00:00,4655.2428045389315
2018-01-21 14:00:00,4643.44668089529
2018-01-21 15:00:00,4630.3621045400405
2018-01-21 16:00:00,4645.478251150412
2018-01-21 17:00:00,4717.113508224402
2018-01-21 18:00:00,4865.165040595079
2018-01-21 19:00:00,4741.318033596418
2018-01-21 20:00:00,4702.79778469484
2018-01-21 21:00:00,4726.213481193584
2018-01-21 22:00:00,4593.950320866083
2018-01-21 23:00:00,4497.318158215181
2018-01-22 00:00:00,4477.019313268975
2018-01-22 01:00:00,4524.309164635841
2018-01-22 02:00:00,4642.085510087833
2018-01-22 03:00:00,4677.738644376277
2018-01-22 04:00:00,4694.720950571262
2018-01-22 05:00:00,4735.250732150445
2018-01-22 06:00:00,4877.9155031603095
2018-01-22 07:00:00,4988.742867060734
2018-01-22 08:00:00,4813.309177461852
2018-01-22 09:00:00,4689.157887555033
2018-01-22 10:00:00,4692.898303620496
2018-01-22 11:00:00,4694.14017900791
2018-01-22 12:00:00,4677.562655210273
2018-01-22 13:00:00,4674.609407783959
2018-01-22 14:00:00,4668.96210009751
2018-01-22 15:00:00,4645.234895990626
2018-01-22 16:00:00,4651.607331244091
2018-01-22 17:00:00,4709.061244592108
2018-01-22 18:00:00,4846.537269039947
2018-01-22 19:00:00,4736.420455634641
2018-01-22 20:00:00,4692.131908402458
2018-01-22 21:00:00,4713.331776144161
2018-01-22 22:00:00,4580.191592180504
2018-01-22 23:00:00,4445.070013411849
2018-01-23 00:00:00,4428.308694053737
2018-01-23 01:00:00,4475.980703545158
2018-01-23 02:00:00,4593.240131656804
2018-01-23 03:00:00,4626.243087263611
2018-01-23 04:00:00,4644.637928437954
2018-01-23 05:00:00,4675.916595952271
2018-01-23 06:00:00,4817.520783533656
2018-01-23 07:00:00,4925.768519575757
2018-01-23 08:00:00,4752.398922282389
2018-01-23 09:00:00,4667.03272080406
2018-01-23 10:00:00,4673.209812342985
2018-01-23 11:00:00,4688.485450211025
2018-01-23 12:00:00,4672.335337211112
2018-01-23 13:00:00,4667.592637889472
2018-01-23 14:00:00,4665.26323458793
2018-01-23 15:00:00,4641.715389749582
2018-01-23 16:00:00,4645.973487739631
2018-01-23 17:00:00,4705.715202960182
2018-01-23 18:00:00,4847.358538775408
2018-01-23 19:00:00,4737.644354801118
2018-01-23 20:00:00,4692.933339384915
2018-01-23 21:00:00,4715.040932671272
2018-01-23 22:00:00,4594.9259928240335
2018-01-23 23:00:00,4459.804414055378
2018-01-24 00:00:00,4432.866373640229
2018-01-24 01:00:00,4480.350262587242
2018-01-24 02:00:00,4596.245394365442
2018-01-24 03:00:00,4627.386637300625
2018-01-24 04:00:00,4645.781478474967
2018-01-24 05:00:00,4672.858998203585
2018-01-24 06:00:00,4814.516753256956
2018-01-24 07:00:00,4922.7644892990575
2018-01-24 08:00:00,4748.622794837777
2018-01-24 09:00:00,4663.586499346655
2018-01-24 10:00:00,4669.763590885581
2018-01-24 11:00:00,4683.702659263527
2018-01-24 12:00:00,4667.552546263614
2018-01-24 13:00:00,4662.809846941973
2018-01-24 14:00:00,4660.480443640432
2018-01-24 15:00:00,4636.932598802083
2018-01-24 16:00:00,4641.190696792133
2018-01-24 17:00:00,4699.378581505155
2018-01-24 18:00:00,4842.541182451369
2018-01-24 19:00:00,4733.676095321219
2018-01-24 20:00:00,4690.490729368574
2018-01-24 21:00:00,4712.5983226549315
2018-01-24 22:00:00,4592.4833828076935
2018-01-24 23:00:00,4462.019759469318
2018-01-25 00:00:00,4428.424526057375
2018-01-25 01:00:00,4475.738854371608
2018-01-25 02:00:00,4591.633986149807
2018-01-25 03:00:00,4622.77522908499
2018-01-25 04:00:00,4641.1700702593325
2018-01-25 05:00:00,4668.24758998795
2018-01-25 06:00:00,4809.905345041321
2018-01-25 07:00:00,4918.153081083423
2018-01-25 08:00:00,4744.011386622143
2018-01-25 09:00:00,4659.834041086196
2018-01-25 10:00:00,4666.011132625121
2018-01-25 11:00:00,4679.950201003067
2018-01-25 12:00:00,4663.800088003155
2018-01-25 13:00:00,4659.057388681514
2018-01-25 14:00:00,4656.727985379972
2018-01-25 15:00:00,4635.7403186664005
2018-01-25 16:00:00,4639.99841665645
2018-01-25 17:00:00,4682.506524031035
2018-01-25 18:00:00,4818.966407006105
2018-01-25 19:00:00,4729.410891936957
2018-01-25 20:00:00,4690.357344161612
2018-01-25 21:00:00,4712.4649374479695
2018-01-25 22:00:00,4593.433263437518
2018-01-25 23:00:00,4465.5786951697755
2018-01-26 00:00:00,4427.800786833364
2018-01-26 01:00:00,4468.95492864666
2018-01-26 02:00:00,4581.526601117838
2018-01-26 03:00:00,4612.667844053022
2018-01-26 04:00:00,4631.508347135517
2018-01-26 05:00:00,4658.877877996816
2018-01-26 06:00:00,4799.268697476765
2018-01-26 07:00:00,4902.980166476866
2018-01-26 08:00:00,4734.278807768657
2018-01-26 09:00:00,4658.573596830646
2018-01-26 10:00:00,4664.13072507515
2018-01-26 11:00:00,4688.485476528872
2018-01-26 12:00:00,4670.664133623799
2018-01-26 13:00:00,4666.02169971005
2018-01-26 14:00:00,4665.360048037957
2018-01-26 15:00:00,4644.372381324385
2018-01-26 16:00:00,4646.507594343295
2018-01-26 17:00:00,4689.202456850618
2018-01-26 18:00:00,4819.9294572085655
2018-01-26 19:00:00,4725.930928176306
2018-01-26 20:00:00,4680.356174268196
2018-01-26 21:00:00,4703.36711799494
2018-01-26 22:00:00,4600.522558805395
2018-01-26 23:00:00,4502.164396546775
2018-01-27 00:00:00,4428.854119368634
2018-01-27 01:00:00,4455.715778877193
2018-01-27 02:00:00,4561.102517047644
2018-01-27 03:00:00,4592.35731945268
2018-01-27 04:00:00,4611.383573390551
2018-01-27 05:00:00,4622.774649047073
2018-01-27 06:00:00,4685.997934344175
2018-01-27 07:00:00,4695.697726987081
2018-01-27 08:00:00,4708.063840398479
2018-01-27 09:00:00,4708.475934955781
2018-01-27 10:00:00,4693.720957876986
2018-01-27 11:00:00,4662.411658020309
2018-01-27 12:00:00,4643.2049587077645
2018-01-27 13:00:00,4640.919099095067
2018-01-27 14:00:00,4637.373052576332
2018-01-27 15:00:00,4626.871377437059
2018-01-27 16:00:00,4641.2723037731985
2018-01-27 17:00:00,4690.415345751639
2018-01-27 18:00:00,4823.541832014507
2018-01-27 19:00:00,4751.649118318533
2018-01-27 20:00:00,4682.146278256438
2018-01-27 21:00:00,4705.157221983181
2018-01-27 22:00:00,4596.480712923762
2018-01-27 23:00:00,4503.460537475918
2018-01-28 00:00:00,4443.847434202158
2018-01-28 01:00:00,4462.981715848715
2018-01-28 02:00:00,4564.480161086129
2018-01-28 03:00:00,4595.734963491164
2018-01-28 04:00:00,4618.629498794962
2018-01-28 05:00:00,4626.380147382706
2018-01-28 06:00:00,4691.437248672572
2018-01-28 07:00:00,4700.721686594366
2018-01-28 08:00:00,4710.38072476892
2018-01-28 09:00:00,4714.062445696451
2018-01-28 10:00:00,4680.48227042028
2018-01-28 11:00:00,4645.809266548173
2018-01-28 12:00:00,4650.820471920733
2018-01-28 13:00:00,4653.274846097203
2018-01-28 14:00:00,4643.53740776499
2018-01-28 15:00:00,4633.033724219297
2018-01-28 16:00:00,4648.1498708296685
2018-01-28 17:00:00,4704.105350565222
2018-01-28 18:00:00,4845.454164964754
2018-01-28 19:00:00,4772.963150825027
2018-01-28 20:00:00,4707.6550619452955
2018-01-28 21:00:00,4731.070758444039
2018-01-28 22:00:00,4598.807598116538
2018-01-28 23:00:00,4502.175435465637
2018-01-29 00:00:00,4476.855534127212
2018-01-29 01:00:00,4524.762371145864
2018-01-29 02:00:00,4642.5387165978555
2018-01-29 03:00:00,4678.191850886299
2018-01-29 04:00:00,4695.174157081285
2018-01-29 05:00:00,4735.703938660467
2018-01-29 06:00:00,4878.368709670332
2018-01-29 07:00:00,4989.196073570756
2018-01-29 08:00:00,4813.762383971875
2018-01-29 09:00:00,4689.611094065055
2018-01-29 10:00:00,4692.240822779435
2018-01-29 11:00:00,4693.482698166848
2018-01-29 12:00:00,4678.043967560077
2018-01-29 13:00:00,4675.090720133762
2018-01-29 14:00:00,4669.317425417487
2018-01-29 15:00:00,4648.1711141201595
2018-01-29 16:00:00,4654.543549373625
2018-01-29 17:00:00,4696.317685383205
2018-01-29 18:00:00,4827.090991859899
2018-01-29 19:00:00,4761.4899529121585
2018-01-29 20:00:00,4697.387010392704
2018-01-29 21:00:00,4718.586878134407
2018-01-29 22:00:00,4585.44669417075
2018-01-29 23:00:00,4450.3251154020945
2018-01-30 00:00:00,4429.016214167555
2018-01-30 01:00:00,4477.30520931076
2018-01-30 02:00:00,4594.564637422406
2018-01-30 03:00:00,4627.567593029215
2018-01-30 04:00:00,4645.962434203557
2018-01-30 05:00:00,4677.241101717874
2018-01-30 06:00:00,4818.845289299258
2018-01-30 07:00:00,4927.09302534136
2018-01-30 08:00:00,4751.951985250898
2018-01-30 09:00:00,4666.585783772569
2018-01-30 10:00:00,4671.65218796041
2018-01-30 11:00:00,4686.927825828449
2018-01-30 12:00:00,4671.916506019403
2018-01-30 13:00:00,4667.173806697761
2018-01-30 14:00:00,4664.718416366393
2018-01-30 15:00:00,4643.751464337602
2018-01-30 16:00:00,4648.009562327652
2018-01-30 17:00:00,4692.071500209766
2018-01-30 18:00:00,4827.012118053846
2018-01-30 19:00:00,4763.736031887696
2018-01-30 20:00:00,4699.210621184221
2018-01-30 21:00:00,4721.318214470579
2018-01-30 22:00:00,4601.20327462334
2018-01-30 23:00:00,4466.081695854686
2018-01-31 00:00:00,4434.496550715431
2018-01-31 01:00:00,4482.5974253142285
2018-01-31 02:00:00,4598.492557092429
2018-01-31 03:00:00,4629.633800027612
2018-01-31 04:00:00,4648.028641201954
2018-01-31 05:00:00,4675.1061609305725
2018-01-31 06:00:00,4816.763915983944
2018-01-31 07:00:00,4925.011652026044
2018-01-31 08:00:00,4748.839520105994
2018-01-31 09:00:00,4663.803224614871
2018-01-31 10:00:00,4668.869628802712
2018-01-31 11:00:00,4682.808697180659
2018-01-31 12:00:00,4667.797377371611
2018-01-31 13:00:00,4663.05467804997
2018-01-31 14:00:00,4660.599287718602
2018-01-31 15:00:00,4639.632335689811
2018-01-31 16:00:00,4643.8904336798605
2018-01-31 17:00:00,4686.398541054446
2018-01-31 18:00:00,4822.858424029516
2018-01-31 19:00:00,4761.068691868973
2018-01-31 20:00:00,4698.068930629056
2018-01-31 21:00:00,4720.176523915414
2018-01-31 22:00:00,4600.061584068176
2018-01-31 23:00:00,4469.597960729801
2018-02-01 00:00:00,4428.922641129724
2018-02-01 01:00:00,4476.853955095742
2018-02-01 02:00:00,4592.749086873941
2018-02-01 03:00:00,4623.8903298091245
2018-02-01 04:00:00,4642.285170983467
2018-02-01 05:00:00,4669.362690712084
2018-02-01 06:00:00,4811.020445765455
2018-02-01 07:00:00,4919.268181807557
2018-02-01 08:00:00,4743.096049887506
2018-02-01 09:00:00,4658.9187043515585
2018-02-01 10:00:00,4663.9851085394
2018-02-01 11:00:00,4677.924176917346
2018-02-01 12:00:00,4662.912857108299
2018-02-01 13:00:00,4658.170157786658
2018-02-01 14:00:00,4655.71476745529
2018-02-01 15:00:00,4634.727100741718
2018-02-01 16:00:00,4638.985198731767
2018-02-01 17:00:00,4681.493306106353
2018-02-01 18:00:00,4787.682448108962
2018-02-01 19:00:00,4760.995032340045
2018-02-01 20:00:00,4698.013398410714
2018-02-01 21:00:00,4720.120991697072
2018-02-01 22:00:00,4601.1309576317335
2018-02-01 23:00:00,4466.446652989813
2018-02-02 00:00:00,4429.882337158928
2018-02-02 01:00:00,4471.653464624009
2018-02-02 02:00:00,4582.877295840874
2018-02-02 03:00:00,4614.0185387760575
2018-02-02 04:00:00,4632.859041858553
2018-02-02 05:00:00,4660.2285727198505
2018-02-02 06:00:00,4800.6193921998
2018-02-02 07:00:00,4904.330861199901
2018-02-02 08:00:00,4733.599065032921
2018-02-02 09:00:00,4657.89385409491
2018-02-02 10:00:00,4662.34029498833
2018-02-02 11:00:00,4686.6950464420515
2018-02-02 12:00:00,4670.012496727844
2018-02-02 13:00:00,4665.370062814095
2018-02-02 14:00:00,4664.582424112175
2018-02-02 15:00:00,4643.594757398603
2018-02-02 16:00:00,4645.729970417513
2018-02-02 17:00:00,4688.424832924836
2018-02-02 18:00:00,4788.7531307243535
2018-02-02 19:00:00,4758.941237487796
2018-02-02 20:00:00,4689.438397425701
2018-02-02 21:00:00,4712.4493411524445
2018-02-02 22:00:00,4609.6464219080135
2018-02-02 23:00:00,4504.458523275215
2018-02-03 00:00:00,4432.259891191978
2018-02-03 01:00:00,4459.121550700536
2018-02-03 02:00:00,4563.160447616674
2018-02-03 03:00:00,4594.41525002171
2018-02-03 04:00:00,4613.441503959581
2018-02-03 05:00:00,4624.8325796161025
2018-02-03 06:00:00,4688.055864913205
2018-02-03 07:00:00,4697.755657556112
2018-02-03 08:00:00,4704.66288475983
2018-02-03 09:00:00,4708.199511943706
2018-02-03 10:00:00,4693.444534864911
2018-02-03 11:00:00,4662.135235008234
2018-02-03 12:00:00,4642.928535695689
2018-02-03 13:00:00,4640.642676082992
2018-02-03 14:00:00,4637.0966295642575
2018-02-03 15:00:00,4626.594954424984
2018-02-03 16:00:00,4640.995880761124
2018-02-03 17:00:00,4682.008694289346
2018-02-03 18:00:00,4778.312250353402
2018-02-03 19:00:00,4764.585963530195
2018-02-03 20:00:00,4695.083123468099
2018-02-03 21:00:00,4718.094067194843
2018-02-03 22:00:00,4609.459198080537
2018-02-03 23:00:00,4509.609286258515
2018-02-04 00:00:00,4446.0103633870385
2018-02-04 01:00:00,4465.144645033595
2018-02-04 02:00:00,4567.921625983279
2018-02-04 03:00:00,4599.176428388315
2018-02-04 04:00:00,4622.070963692114
2018-02-04 05:00:00,4629.821612279857
2018-02-04 06:00:00,4694.878713569723
2018-02-04 07:00:00,4704.163151491516
2018-02-04 08:00:00,4708.363303458392
2018-02-04 09:00:00,4715.169557012496
2018-02-04 10:00:00,4681.589381736325
2018-02-04 11:00:00,4646.916377864218
2018-02-04 12:00:00,4651.927583236778
2018-02-04 13:00:00,4654.3819574132485
2018-02-04 14:00:00,4644.644519081035
2018-02-04 15:00:00,4634.140835535342
2018-02-04 16:00:00,4649.256982145714
2018-02-04 17:00:00,4697.082233431049
2018-02-04 18:00:00,4801.608117631768
2018-02-04 19:00:00,4785.564304322072
2018-02-04 20:00:00,4720.25621544234
2018-02-04 21:00:00,4743.6719119410845
2018-02-04 22:00:00,4612.446917037658
2018-02-04 23:00:00,4508.9850180125795
2018-02-05 00:00:00,4480.575801600424
2018-02-05 01:00:00,4528.482638619075
2018-02-05 02:00:00,4644.911142816754
2018-02-05 03:00:00,4680.564277105198
2018-02-05 04:00:00,4697.546583300183
2018-02-05 05:00:00,4738.076364879366
2018-02-05 06:00:00,4880.7411358892305
2018-02-05 07:00:00,4991.568499789655
2018-02-05 08:00:00,4810.675923983094
2018-02-05 09:00:00,4689.649166702849
2018-02-05 10:00:00,4692.278895417227
2018-02-05 11:00:00,4693.520770804641
2018-02-05 12:00:00,4678.08204019787
2018-02-05 13:00:00,4675.128792771556
2018-02-05 14:00:00,4669.35549805528
2018-02-05 15:00:00,4648.209186757953
2018-02-05 16:00:00,4654.5816220114175
2018-02-05 17:00:00,4688.22552957078
2018-02-05 18:00:00,4782.175905848661
2018-02-05 19:00:00,4773.022067730952
2018-02-05 20:00:00,4708.919125211497
2018-02-05 21:00:00,4730.1189929532
2018-02-05 22:00:00,4597.020448934656
2018-02-05 23:00:00,4455.069133791823
2018-02-06 00:00:00,4431.185378465644
2018-02-06 01:00:00,4479.474373608849
2018-02-06 02:00:00,4595.385960466183
2018-02-06 03:00:00,4628.3889160729905
2018-02-06 04:00:00,4646.783757247333
2018-02-06 05:00:00,4678.06242476165
2018-02-06 06:00:00,4819.666612343035
2018-02-06 07:00:00,4927.914348385136
2018-02-06 08:00:00,4749.085864884089
2018-02-06 09:00:00,4666.844196032333
2018-02-06 10:00:00,4671.910600220174
2018-02-06 11:00:00,4687.186238088214
2018-02-06 12:00:00,4672.174918279167
2018-02-06 13:00:00,4667.432218957526
2018-02-06 14:00:00,4664.976828626158
2018-02-06 15:00:00,4644.009876597366
2018-02-06 16:00:00,4648.267974587416
2018-02-06 17:00:00,4684.199684019312
2018-02-06 18:00:00,4763.468743020578
2018-02-06 19:00:00,4780.134915445001
2018-02-06 20:00:00,4710.05136998107
2018-02-06 21:00:00,4732.158963267428
2018-02-06 22:00:00,4612.085663365302
2018-02-06 23:00:00,4470.134348222469
2018-02-07 00:00:00,4435.919894319353
2018-02-07 01:00:00,4484.020768918151
2018-02-07 02:00:00,4598.568059442038
2018-02-07 03:00:00,4629.709302377221
2018-02-07 04:00:00,4648.1041435515635
2018-02-07 05:00:00,4675.181663280181
2018-02-07 06:00:00,4816.839418333552
2018-02-07 07:00:00,4925.087154375653
2018-02-07 08:00:00,4745.486573706694
2018-02-07 09:00:00,4663.574810842146
2018-02-07 10:00:00,4668.641215029987
2018-02-07 11:00:00,4682.580283407932
2018-02-07 12:00:00,4667.568963598886
2018-02-07 13:00:00,4662.826264277244
2018-02-07 14:00:00,4660.370873945876
2018-02-07 15:00:00,4639.4039219170845
2018-02-07 16:00:00,4643.662019907135
2018-02-07 17:00:00,4678.039898831503
2018-02-07 18:00:00,4758.828222963756
2018-02-07 19:00:00,4775.494395388179
2018-02-07 20:00:00,4706.936499387808
2018-02-07 21:00:00,4729.044092674166
2018-02-07 22:00:00,4608.970792772041
2018-02-07 23:00:00,4471.677433059488
2018-02-08 00:00:00,4432.148662626484
2018-02-08 01:00:00,4480.079976592501
2018-02-08 02:00:00,4594.2471575747495
2018-02-08 03:00:00,4625.3884005099335
2018-02-08 04:00:00,4643.783241684275
2018-02-08 05:00:00,4670.860761412893
2018-02-08 06:00:00,4812.518516466264
2018-02-08 07:00:00,4920.766252508365
2018-02-08 08:00:00,4741.165671839406
2018-02-08 09:00:00,4660.112858930032
2018-02-08 10:00:00,4665.179263117874
2018-02-08 11:00:00,4679.11833149582
2018-02-08 12:00:00,4664.107011686773
2018-02-08 13:00:00,4659.364312365132
2018-02-08 14:00:00,4656.908922033764
2018-02-08 15:00:00,4635.921255320191
2018-02-08 16:00:00,4640.179353310241
2018-02-08 17:00:00,4674.557232234609
2018-02-08 18:00:00,4755.345556366863
2018-02-08 19:00:00,4779.74003184516
2018-02-08 20:00:00,4711.200263155374
2018-02-08 21:00:00,4726.081263365211
2018-02-08 22:00:00,4606.576871007003
2018-02-08 23:00:00,4470.108571398149
2018-02-09 00:00:00,4432.1409918807
2018-02-09 01:00:00,4473.912119345781
2018-02-09 02:00:00,4584.427313768567
2018-02-09 03:00:00,4615.568556703751
2018-02-09 04:00:00,4634.409059786246
2018-02-09 05:00:00,4661.778590647545
2018-02-09 06:00:00,4802.169410127494
2018-02-09 07:00:00,4905.880879127595
2018-02-09 08:00:00,4731.720634211706
2018-02-09 09:00:00,4657.482942397669
2018-02-09 10:00:00,4661.929383291088
2018-02-09 11:00:00,4686.28413474481
2018-02-09 12:00:00,4669.601585030603
2018-02-09 13:00:00,4664.959151116854
2018-02-09 14:00:00,4664.171512414934
2018-02-09 15:00:00,4643.183845701362
2018-02-09 16:00:00,4645.319058720272
2018-02-09 17:00:00,4679.883692777377
2018-02-09 18:00:00,4754.939134292509
2018-02-09 19:00:00,4777.236204068565
2018-02-09 20:00:00,4702.175229246015
2018-02-09 21:00:00,4715.720072661139
2018-02-09 22:00:00,4612.402795123839
2018-02-09 23:00:00,4503.887189396857
2018-02-10 00:00:00,4433.1735005395885
2018-02-10 01:00:00,4460.035160048147
2018-02-10 02:00:00,4563.365420170206
2018-02-10 03:00:00,4594.620222575242
2018-02-10 04:00:00,4613.646476513113
2018-02-10 05:00:00,4625.037552169635
2018-02-10 06:00:00,4688.260837466737
2018-02-10 07:00:00,4697.960630109644
2018-02-10 08:00:00,4704.867857313362
2018-02-10 09:00:00,4710.652858919924
2018-02-10 10:00:00,4695.89788184113
2018-02-10 11:00:00,4664.5885819844525
2018-02-10 12:00:00,4645.381882671908
2018-02-10 13:00:00,4643.096023059211
2018-02-10 14:00:00,4639.549976540476
2018-02-10 15:00:00,4629.0483014012025
2018-02-10 16:00:00,4643.449227737342
2018-02-10 17:00:00,4684.462041265565
2018-02-10 18:00:00,4761.9169686856185
2018-02-10 19:00:00,4784.424001455503
2018-02-10 20:00:00,4709.363026632953
2018-02-10 21:00:00,4722.907870048077
2018-02-10 22:00:00,4613.758642640902
2018-02-10 23:00:00,4510.581023724695
2018-02-11 00:00:00,4446.096429809208
2018-02-11 01:00:00,4465.230711455764
2018-02-11 02:00:00,4567.299055611369
2018-02-11 03:00:00,4598.553858016405
2018-02-11 04:00:00,4621.448393320204
2018-02-11 05:00:00,4629.199041907947
2018-02-11 06:00:00,4694.256143197813
2018-02-11 07:00:00,4703.540581119607
2018-02-11 08:00:00,4704.354526424599
2018-02-11 09:00:00,4717.785667887596
2018-02-11 10:00:00,4684.205492611425
2018-02-11 11:00:00,4649.532488739319
2018-02-11 12:00:00,4654.543694111879
2018-02-11 13:00:00,4656.99806828835
2018-02-11 14:00:00,4647.260629956136
2018-02-11 15:00:00,4636.419808127689
2018-02-11 16:00:00,4652.042745901725
2018-02-11 17:00:00,4694.285148385271
2018-02-11 18:00:00,4771.575788646717
2018-02-11 19:00:00,4816.654676749993
2018-02-11 20:00:00,4742.370235017173
2018-02-11 21:00:00,4748.78091622341
2018-02-11 22:00:00,4616.468129950544
2018-02-11 23:00:00,4509.678523831281
2018-02-12 00:00:00,4481.079764092387
2018-02-12 01:00:00,4528.986601111039
2018-02-12 02:00:00,4644.70646851464
2018-02-12 03:00:00,4680.359602803083
2018-02-12 04:00:00,4697.341908998068
2018-02-12 05:00:00,4737.871690577252
2018-02-12 06:00:00,4880.536461587116
2018-02-12 07:00:00,4991.36382548754
2018-02-12 08:00:00,4807.085043019097
2018-02-12 09:00:00,4688.777785722457
2018-02-12 10:00:00,4691.407514436836
2018-02-12 11:00:00,4692.64938982425
2018-02-12 12:00:00,4677.210659217479
2018-02-12 13:00:00,4674.2574117911645
2018-02-12 14:00:00,4668.484117074889
2018-02-12 15:00:00,4647.000667494807
2018-02-12 16:00:00,4653.879893911937
2018-02-12 17:00:00,4681.94095266951
2018-02-12 18:00:00,4748.656085008119
2018-02-12 19:00:00,4797.874424130237
2018-02-12 20:00:00,4724.795128757693
2018-02-12 21:00:00,4731.229488441988
2018-02-12 22:00:00,4597.616586130575
2018-02-12 23:00:00,4453.881276020808
2018-02-13 00:00:00,4432.105427161529
2018-02-13 01:00:00,4480.394422304735
2018-02-13 02:00:00,4595.59737236799
2018-02-13 03:00:00,4628.600327974797
2018-02-13 04:00:00,4646.99516914914
2018-02-13 05:00:00,4678.273836663457
2018-02-13 06:00:00,4819.878024244842
2018-02-13 07:00:00,4928.125760286943
2018-02-13 08:00:00,4745.911070124013
2018-02-13 09:00:00,4666.388901255863
2018-02-13 10:00:00,4671.455305443705
2018-02-13 11:00:00,4686.730943311744
2018-02-13 12:00:00,4671.719623502698
2018-02-13 13:00:00,4666.976924181056
2018-02-13 14:00:00,4664.521533849688
2018-02-13 15:00:00,4643.217443538142
2018-02-13 16:00:00,4647.982332691857
2018-02-13 17:00:00,4678.331193321964
2018-02-13 18:00:00,4749.213637027959
2018-02-13 19:00:00,4798.8346055810935
2018-02-13 20:00:00,4725.33284202453
2018-02-13 21:00:00,4732.674927253479
2018-02-13 22:00:00,4612.087269058485
2018-02-13 23:00:00,4468.351958948718
2018-02-14 00:00:00,4436.789563809875
2018-02-14 01:00:00,4486.001944364729
2018-02-14 02:00:00,4599.840598094537
2018-02-14 03:00:00,4630.98184102972
2018-02-14 04:00:00,4649.3766822040625
2018-02-14 05:00:00,4676.45420193268
2018-02-14 06:00:00,4818.111956986052
2018-02-14 07:00:00,4926.359693028153
2018-02-14 08:00:00,4743.372905697311
2018-02-14 09:00:00,4664.180642816368
2018-02-14 10:00:00,4669.41385049907
2018-02-14 11:00:00,4683.352918877015
2018-02-14 12:00:00,4668.341599067969
2018-02-14 13:00:00,4663.598899746327
2018-02-14 14:00:00,4661.143509414959
2018-02-14 15:00:00,4639.839419103414
2018-02-14 16:00:00,4644.604308257128
2018-02-14 17:00:00,4671.302167239526
2018-02-14 18:00:00,4740.45477043578
2018-02-14 19:00:00,4796.235493472288
2018-02-14 20:00:00,4724.259379379284
2018-02-14 21:00:00,4728.094588727562
2018-02-14 22:00:00,4607.506930532568
2018-02-14 23:00:00,4468.631309349117
2018-02-15 00:00:00,4432.206445974325
2018-02-15 01:00:00,4481.249265896398
2018-02-15 02:00:00,4595.087919626207
2018-02-15 03:00:00,4626.22916256139
2018-02-15 04:00:00,4644.624003735731
2018-02-15 05:00:00,4671.7015234643495
2018-02-15 06:00:00,4813.359278517721
2018-02-15 07:00:00,4921.607014559821
2018-02-15 08:00:00,4738.620227228979
2018-02-15 09:00:00,4660.286914303212
2018-02-15 10:00:00,4664.304968412485
2018-02-15 11:00:00,4678.244036790432
2018-02-15 12:00:00,4664.446940133058
2018-02-15 13:00:00,4659.704240811418
2018-02-15 14:00:00,4657.248850480049
2018-02-15 15:00:00,4635.924045483723
2018-02-15 16:00:00,4640.688934637437
2018-02-15 17:00:00,4667.386793619835
2018-02-15 18:00:00,4735.844240882485
2018-02-15 19:00:00,4791.705378555436
2018-02-15 20:00:00,4719.747391773018
2018-02-15 21:00:00,4723.582601121296
2018-02-15 22:00:00,4604.078208763088
2018-02-15 23:00:00,4467.811642650269
2018-02-16 00:00:00,4431.331743996148
2018-02-16 01:00:00,4474.214377417285
2018-02-16 02:00:00,4584.729571840071
2018-02-16 03:00:00,4615.870814775255
2018-02-16 04:00:00,4634.711317857751
2018-02-16 05:00:00,4662.080848719049
2018-02-16 06:00:00,4802.4716681989985
2018-02-16 07:00:00,4906.183137199099
2018-02-16 08:00:00,4728.636685621328
2018-02-16 09:00:00,4658.775507293497
2018-02-16 10:00:00,4662.173598108348
2018-02-16 11:00:00,4686.528349562071
2018-02-16 12:00:00,4671.060022999536
2018-02-16 13:00:00,4666.417589085788
2018-02-16 14:00:00,4665.629950383868
2018-02-16 15:00:00,4644.305145387541
2018-02-16 16:00:00,4646.947149570116
2018-02-16 17:00:00,4673.831763685252
2018-02-16 18:00:00,4736.556328330779
2018-02-16 19:00:00,4789.902534410088
2018-02-16 20:00:00,4711.423341494906
2018-02-16 21:00:00,4713.922394048471
2018-02-16 22:00:00,4610.605116511171
2018-02-16 23:00:00,4502.291244280224
2018-02-17 00:00:00,4432.437158635463
2018-02-17 01:00:00,4460.410324100077
2018-02-17 02:00:00,4563.740584222135
2018-02-17 03:00:00,4594.995386627173
2018-02-17 04:00:00,4614.0216405650435
2018-02-17 05:00:00,4625.4127162215655
2018-02-17 06:00:00,4688.636001518667
2018-02-17 07:00:00,4698.335794161574
2018-02-17 08:00:00,4701.856814703409
2018-02-17 09:00:00,4712.0183297961785
2018-02-17 10:00:00,4696.215002638815
2018-02-17 11:00:00,4664.905702782138
2018-02-17 12:00:00,4646.913226621267
2018-02-17 13:00:00,4644.62736700857
2018-02-17 14:00:00,4641.081320489836
2018-02-17 15:00:00,4630.242507067808
2018-02-17 16:00:00,4645.150224567612
2018-02-17 17:00:00,4678.483018153865
2018-02-17 18:00:00,4743.607068704314
2018-02-17 19:00:00,4797.163237777452
2018-02-17 20:00:00,4718.684044862269
2018-02-17 21:00:00,4721.183097415835
2018-02-17 22:00:00,4612.0338700086595
2018-02-17 23:00:00,4509.057984588489
2018-02-18 00:00:00,4446.894543435734
2018-02-18 01:00:00,4467.140331038347
2018-02-18 02:00:00,4569.208675193951
2018-02-18 03:00:00,4600.463477598988
2018-02-18 04:00:00,4623.358012902787
2018-02-18 05:00:00,4631.10866149053
2018-02-18 06:00:00,4696.165762780396
2018-02-18 07:00:00,4705.45020070219
2018-02-18 08:00:00,4706.264146007182
2018-02-18 09:00:00,4719.695287470179
2018-02-18 10:00:00,4687.832746479233
2018-02-18 11:00:00,4653.159742607126
2018-02-18 12:00:00,4656.35670283762
2018-02-18 13:00:00,4658.81107701409
2018-02-18 14:00:00,4649.073638681876
2018-02-18 15:00:00,4638.2328168534295
2018-02-18 16:00:00,4653.855754627466
2018-02-18 17:00:00,4694.000985970831
2018-02-18 18:00:00,4767.347364657944
2018-02-18 19:00:00,4818.586007244593
2018-02-18 20:00:00,4744.301565511773
2018-02-18 21:00:00,4747.205370837339
2018-02-18 22:00:00,4614.8925845644735
2018-02-18 23:00:00,4508.304711941247
2018-02-19 00:00:00,4480.464305459368
2018-02-19 01:00:00,4529.759261429588
2018-02-19 02:00:00,4645.479128833189
2018-02-19 03:00:00,4681.132263121633
2018-02-19 04:00:00,4698.114569316617
2018-02-19 05:00:00,4738.644350895801
2018-02-19 06:00:00,4881.309121905665
2018-02-19 07:00:00,4992.13648580609
2018-02-19 08:00:00,4807.857703337646
2018-02-19 09:00:00,4690.142822386433
2018-02-19 10:00:00,4691.7242010222435
2018-02-19 11:00:00,4692.966076409658
2018-02-19 12:00:00,4678.74156895456
2018-02-19 13:00:00,4675.788321528245
2018-02-19 14:00:00,4670.0150268119705
2018-02-19 15:00:00,4648.531577231888
2018-02-19 16:00:00,4655.410803649019
2018-02-19 17:00:00,4681.37469126641
2018-02-19 18:00:00,4734.254845289691
2018-02-19 19:00:00,4791.595702926589
2018-02-19 20:00:00,4726.573335039964
2018-02-19 21:00:00,4729.500818843588
2018-02-19 22:00:00,4595.887916532175
2018-02-19 23:00:00,4452.354339918444
2018-02-20 00:00:00,4431.422254235977
2018-02-20 01:00:00,4481.099368330751
2018-02-20 02:00:00,4596.302318394006
2018-02-20 03:00:00,4629.305274000813
2018-02-20 04:00:00,4647.7001151751565
2018-02-20 05:00:00,4678.9787826894735
2018-02-20 06:00:00,4820.582970270858
2018-02-20 07:00:00,4928.83070631296
2018-02-20 08:00:00,4746.616016150029
2018-02-20 09:00:00,4667.686223627306
2018-02-20 10:00:00,4671.70427773658
2018-02-20 11:00:00,4686.979915604619
2018-02-20 12:00:00,4673.182818947246
2018-02-20 13:00:00,4668.440119625605
2018-02-20 14:00:00,4665.984729294237
2018-02-20 15:00:00,4644.680638982692
2018-02-20 16:00:00,4649.445528136405
2018-02-20 17:00:00,4677.697217626332
2018-02-20 18:00:00,4734.744683016998
2018-02-20 19:00:00,4790.948029017142
2018-02-20 20:00:00,4725.503192946497
2018-02-20 21:00:00,4729.338402294775
2018-02-20 22:00:00,4608.750744099781
2018-02-20 23:00:00,4465.217167486049
2018-02-21 00:00:00,4436.156770089686
2018-02-21 01:00:00,4485.645763640052
2018-02-21 02:00:00,4599.484417369861
2018-02-21 03:00:00,4630.625660305044
2018-02-21 04:00:00,4649.020501479386
2018-02-21 05:00:00,4676.098021208005
2018-02-21 06:00:00,4817.755776261376
2018-02-21 07:00:00,4926.003512303477
2018-02-21 08:00:00,4743.016724972635
2018-02-21 09:00:00,4664.416838437119
2018-02-21 10:00:00,4668.434892546392
2018-02-21 11:00:00,4682.3739609243385
2018-02-21 12:00:00,4668.576864266965
2018-02-21 13:00:00,4663.834164945323
2018-02-21 14:00:00,4661.378774613955
2018-02-21 15:00:00,4640.07468430241
2018-02-21 16:00:00,4644.8395734561245
2018-02-21 17:00:00,4671.537432438522
2018-02-21 18:00:00,4730.104162960177
2018-02-21 19:00:00,4786.307508960321
2018-02-21 20:00:00,4722.388322353235
2018-02-21 21:00:00,4726.223531701513
2018-02-21 22:00:00,4605.635873506519
2018-02-21 23:00:00,4466.760252323068
2018-02-22 00:00:00,4430.818232893717
2018-02-22 01:00:00,4480.137665811303
2018-02-22 02:00:00,4593.9763195411115
2018-02-22 03:00:00,4625.117562476295
2018-02-22 04:00:00,4643.512403650637
2018-02-22 05:00:00,4670.589923379255
2018-02-22 06:00:00,4812.247678432626
2018-02-22 07:00:00,4920.495414474727
2018-02-22 08:00:00,4737.508627143885
2018-02-22 09:00:00,4659.767690563544
2018-02-22 10:00:00,4663.785744672818
2018-02-22 11:00:00,4677.724813050763
2018-02-22 12:00:00,4663.92771639339
2018-02-22 13:00:00,4659.185017071749
2018-02-22 14:00:00,4656.729626740381
2018-02-22 15:00:00,4635.404821744055
2018-02-22 16:00:00,4640.195909499605
2018-02-22 17:00:00,4666.893768482003
2018-02-22 18:00:00,4725.460499003658
2018-02-22 19:00:00,4781.744259640245
2018-02-22 20:00:00,4717.843200343745
2018-02-22 21:00:00,4721.678409692022
2018-02-22 22:00:00,4602.174017333815
2018-02-22 23:00:00,4465.907451220995
2018-02-23 00:00:00,4429.701553099494
2018-02-23 01:00:00,4472.860799516143
2018-02-23 02:00:00,4583.375993938929
2018-02-23 03:00:00,4614.517236874114
2018-02-23 04:00:00,4633.357739956609
2018-02-23 05:00:00,4660.727270817908
2018-02-23 06:00:00,4801.118090297858
2018-02-23 07:00:00,4904.8295592979575
2018-02-23 08:00:00,4727.283107720186
2018-02-23 09:00:00,4658.014305737783
2018-02-23 10:00:00,4661.379517007669
2018-02-23 11:00:00,4685.734268461391
2018-02-23 12:00:00,4670.265941898857
2018-02-23 13:00:00,4665.6235079851085
2018-02-23 14:00:00,4664.835869283189
2018-02-23 15:00:00,4643.511064286862
2018-02-23 16:00:00,4646.179267071273
2018-02-23 17:00:00,4673.063881186407
2018-02-23 18:00:00,4725.897729090941
2018-02-23 19:00:00,4779.666558133886
2018-02-23 20:00:00,4710.543621207698
2018-02-23 21:00:00,4713.042673761263
2018-02-23 22:00:00,4609.725396223964
2018-02-23 23:00:00,4501.411523993017
2018-02-24 00:00:00,4430.806967738808
2018-02-24 01:00:00,4459.056746198936
2018-02-24 02:00:00,4562.387006320994
2018-02-24 03:00:00,4593.641808726031
2018-02-24 04:00:00,4612.668062663902
2018-02-24 05:00:00,4624.059138320424
2018-02-24 06:00:00,4687.282423617526
2018-02-24 07:00:00,4696.982216260433
2018-02-24 08:00:00,4700.5032368022685
2018-02-24 09:00:00,4711.257128240464
2018-02-24 10:00:00,4695.420921538136
2018-02-24 11:00:00,4664.111621681459
2018-02-24 12:00:00,4646.119145520588
2018-02-24 13:00:00,4643.833285907891
2018-02-24 14:00:00,4640.287239389157
2018-02-24 15:00:00,4629.448425967129
2018-02-24 16:00:00,4644.382342068769
2018-02-24 17:00:00,4677.715135655021
2018-02-24 18:00:00,4732.948469464476
2018-02-24 19:00:00,4786.92726150125
2018-02-24 20:00:00,4717.804324575061
2018-02-24 21:00:00,4720.303377128627
2018-02-24 22:00:00,4611.154149721453
2018-02-24 23:00:00,4508.178264301281
2018-02-25 00:00:00,4445.517387149861
2018-02-25 01:00:00,4466.039787747986
2018-02-25 02:00:00,4568.108131903591
2018-02-25 03:00:00,4599.362934308627
2018-02-25 04:00:00,4622.257469612427
2018-02-25 05:00:00,4630.008118200169
2018-02-25 06:00:00,4695.065219490036
2018-02-25 07:00:00,4704.349657411829
2018-02-25 08:00:00,4705.1636027168215
2018-02-25 09:00:00,4719.1871205252455
2018-02-25 10:00:00,4687.291699989334
2018-02-25 11:00:00,4652.618696117228
2018-02-25 12:00:00,4655.815656347721
2018-02-25 13:00:00,4658.2700305241915
2018-02-25 14:00:00,4648.5325921919775
2018-02-25 15:00:00,4637.691770363532
2018-02-25 16:00:00,4653.340906739402
2018-02-25 17:00:00,4693.486138082768
2018-02-25 18:00:00,4756.941800028886
2018-02-25 19:00:00,4808.603065579171
2018-02-25 20:00:00,4743.674879835347
2018-02-25 21:00:00,4746.578685160912
2018-02-25 22:00:00,4614.265898888047
2018-02-25 23:00:00,4507.67802626482
2018-02-26 00:00:00,4482.151394728813
2018-02-26 01:00:00,4531.446350699032
2018-02-26 02:00:00,4647.166218102634
2018-02-26 03:00:00,4682.819352391078
2018-02-26 04:00:00,4699.801658586062
2018-02-26 05:00:00,4740.331440165246
2018-02-26 06:00:00,4882.99621117511
2018-02-26 07:00:00,4993.823575075535
2018-02-26 08:00:00,4809.544792607091
2018-02-26 09:00:00,4691.829911655878
2018-02-26 10:00:00,4693.3784107467245
2018-02-26 11:00:00,4694.620286134138
2018-02-26 12:00:00,4680.395778679041
2018-02-26 13:00:00,4677.442531252726
2018-02-26 14:00:00,4671.669236536451
2018-02-26 15:00:00,4650.185786956369
2018-02-26 16:00:00,4655.349306099804
2018-02-26 17:00:00,4681.313193717197
2018-02-26 18:00:00,4734.193347740476
2018-02-26 19:00:00,4789.994064309604
2018-02-26 20:00:00,4726.271024926057
2018-02-26 21:00:00,4729.198508729681
2018-02-26 22:00:00,4595.585606418267
2018-02-26 23:00:00,4452.052029804537
2018-02-27 00:00:00,4431.519218096018
2018-02-27 01:00:00,4481.196332190792
2018-02-27 02:00:00,4596.399282254048
2018-02-27 03:00:00,4629.402237860855
2018-02-27 04:00:00,4647.797079035197
2018-02-27 05:00:00,4679.075746549514
2018-02-27 06:00:00,4820.6799341309
2018-02-27 07:00:00,4928.9276701730005
2018-02-27 08:00:00,4746.712980010071
2018-02-27 09:00:00,4667.783187487347
2018-02-27 10:00:00,4671.768362051656
2018-02-27 11:00:00,4687.043999919696
2018-02-27 12:00:00,4673.246903262323
2018-02-27 13:00:00,4668.504203940682
2018-02-27 14:00:00,4666.048813609314
2018-02-27 15:00:00,4644.744723297767
2018-02-27 16:00:00,4649.535811053318
2018-02-27 17:00:00,4677.787500543244
2018-02-27 18:00:00,4734.834965933911
2018-02-27 19:00:00,4791.038311934054
2018-02-27 20:00:00,4726.892804366486
2018-02-27 21:00:00,4730.7280137147645
2018-02-27 22:00:00,4610.14035551977
2018-02-27 23:00:00,4466.606778906039
2018-02-28 00:00:00,4436.55344505143
2018-02-28 01:00:00,4486.042438601797
2018-02-28 02:00:00,4599.881092331605
2018-02-28 03:00:00,4631.022335266789
2018-02-28 04:00:00,4649.41717644113
2018-02-28 05:00:00,4676.494696169749
2018-02-28 06:00:00,4818.15245122312
2018-02-28 07:00:00,4926.400187265221
2018-02-28 08:00:00,4743.4133999343785
2018-02-28 09:00:00,4664.8135133988635
2018-02-28 10:00:00,4668.798687963172
2018-02-28 11:00:00,4682.737756341117
2018-02-28 12:00:00,4668.940659683744
2018-02-28 13:00:00,4664.197960362103
2018-02-28 14:00:00,4661.742570030735
2018-02-28 15:00:00,4640.438479719189
2018-02-28 16:00:00,4645.229567474739
2018-02-28 17:00:00,4671.927426457137
2018-02-28 18:00:00,4730.4941569787925
2018-02-28 19:00:00,4786.6975029789355
2018-02-28 20:00:00,4724.0776448749275
2018-02-28 21:00:00,4727.912854223205
2018-02-28 22:00:00,4607.325196028211
2018-02-28 23:00:00,4468.44957484476
2018-03-01 00:00:00,4426.524935182995
2018-03-01 01:00:00,4475.844368100581
2018-03-01 02:00:00,4589.6830218303885
2018-03-01 03:00:00,4620.8242647655725
2018-03-01 04:00:00,4639.219105939915
2018-03-01 05:00:00,4666.296625668532
2018-03-01 06:00:00,4807.954380721903
2018-03-01 07:00:00,4916.202116764005
2018-03-01 08:00:00,4733.215329433162
2018-03-01 09:00:00,4655.474392852822
2018-03-01 10:00:00,4659.4595674171305
2018-03-01 11:00:00,4673.398635795077
2018-03-01 12:00:00,4659.601539137703
2018-03-01 13:00:00,4654.858839816063
2018-03-01 14:00:00,4652.403449484695
2018-03-01 15:00:00,4631.078644488368
2018-03-01 16:00:00,4635.8697322439175
2018-03-01 17:00:00,4653.582710336826
2018-03-01 18:00:00,4712.14944085848
2018-03-01 19:00:00,4768.433201495068
2018-03-01 20:00:00,4724.846027164146
2018-03-01 21:00:00,4728.681236512424
2018-03-01 22:00:00,4607.243205178503
2018-03-01 23:00:00,4459.966773322784
2018-03-02 00:00:00,4425.575975226939
2018-03-02 01:00:00,4468.735221643588
2018-03-02 02:00:00,4579.250416066376
2018-03-02 03:00:00,4610.39165900156
2018-03-02 04:00:00,4629.232162084055
2018-03-02 05:00:00,4656.6016929453535
2018-03-02 06:00:00,4796.992512425303
2018-03-02 07:00:00,4900.703981425403
2018-03-02 08:00:00,4723.157529847632
2018-03-02 09:00:00,4653.888727865228
2018-03-02 10:00:00,4657.253939135115
2018-03-02 11:00:00,4681.608690588837
2018-03-02 12:00:00,4666.140364026303
2018-03-02 13:00:00,4661.497930112554
2018-03-02 14:00:00,4660.710291410634
2018-03-02 15:00:00,4639.385486414308
2018-03-02 16:00:00,4642.053689198718
2018-03-02 17:00:00,4659.953422424363
2018-03-02 18:00:00,4712.787270328897
2018-03-02 19:00:00,4766.556099371841
2018-03-02 20:00:00,4716.4477189081545
2018-03-02 21:00:00,4718.94677146172
2018-03-02 22:00:00,4613.695854948706
2018-03-02 23:00:00,4494.372116974861
2018-03-03 00:00:00,4426.477931249734
2018-03-03 01:00:00,4454.727709709861
2018-03-03 02:00:00,4558.05796983192
2018-03-03 03:00:00,4589.312772236957
2018-03-03 04:00:00,4608.339026174827
2018-03-03 05:00:00,4619.730101831348
2018-03-03 06:00:00,4682.953387128451
2018-03-03 07:00:00,4692.653179771359
2018-03-03 08:00:00,4696.174200313194
2018-03-03 09:00:00,4706.92809175139
2018-03-03 10:00:00,4691.091885049062
2018-03-03 11:00:00,4659.782585192384
2018-03-03 12:00:00,4641.790109031514
2018-03-03 13:00:00,4639.5042494188165
2018-03-03 14:00:00,4635.958202900082
2018-03-03 15:00:00,4625.1193894780545
2018-03-03 16:00:00,4640.053305579694
2018-03-03 17:00:00,4664.401218276456
2018-03-03 18:00:00,4719.634552085911
2018-03-03 19:00:00,4773.613344122685
2018-03-03 20:00:00,4727.239245709306
2018-03-03 21:00:00,4725.247346771713
2018-03-03 22:00:00,4614.164480388825
2018-03-03 23:00:00,4500.849386729035
2018-03-04 00:00:00,4440.497747582459
2018-03-04 01:00:00,4461.020148180584
2018-03-04 02:00:00,4563.088492336189
2018-03-04 03:00:00,4594.343294741225
2018-03-04 04:00:00,4617.237830045024
2018-03-04 05:00:00,4624.9884786327675
2018-03-04 06:00:00,4690.045579922634
2018-03-04 07:00:00,4699.330017844427
2018-03-04 08:00:00,4700.1439631494195
2018-03-04 09:00:00,4714.1674809578435
2018-03-04 10:00:00,4682.272060421932
2018-03-04 11:00:00,4647.599056549826
2018-03-04 12:00:00,4650.796016780319
2018-03-04 13:00:00,4653.2503909567895
2018-03-04 14:00:00,4643.591451318634
2018-03-04 15:00:00,4632.750629490188
2018-03-04 16:00:00,4648.29775856706
2018-03-04 17:00:00,4679.458109020935
2018-03-04 18:00:00,4742.913770967053
2018-03-04 19:00:00,4794.575036517338
2018-03-04 20:00:00,4759.480534359906
2018-03-04 21:00:00,4751.540311546848
2018-03-04 22:00:00,4619.680280247598
2018-03-04 23:00:00,4501.638179450448
2018-03-05 00:00:00,4479.519498664402
2018-03-05 01:00:00,4528.814454634621
2018-03-05 02:00:00,4644.534322038222
2018-03-05 03:00:00,4680.1874563266665
2018-03-05 04:00:00,4697.169762521651
2018-03-05 05:00:00,4737.699544100835
2018-03-05 06:00:00,4880.364315110698
2018-03-05 07:00:00,4991.191679011123
2018-03-05 08:00:00,4806.912896542679
2018-03-05 09:00:00,4689.198015591466
2018-03-05 10:00:00,4690.746514682312
2018-03-05 11:00:00,4691.988390069727
2018-03-05 12:00:00,4677.763882614629
2018-03-05 13:00:00,4674.810635188314
2018-03-05 14:00:00,4669.115839166098
2018-03-05 15:00:00,4647.632389586016
2018-03-05 16:00:00,4652.693901430452
2018-03-05 17:00:00,4668.214573420276
2018-03-05 18:00:00,4721.094727443557
2018-03-05 19:00:00,4776.895444012684
2018-03-05 20:00:00,4739.097024836512
2018-03-05 21:00:00,4734.059939114573
2018-03-05 22:00:00,4598.513397827446
2018-03-05 23:00:00,4446.056760574553
2018-03-06 00:00:00,4428.795847532559
2018-03-06 01:00:00,4478.472961627333
2018-03-06 02:00:00,4593.675911690587
2018-03-06 03:00:00,4626.678867297395
2018-03-06 04:00:00,4645.0737084717375
2018-03-06 05:00:00,4676.3523759860545
2018-03-06 06:00:00,4817.95656356744
2018-03-06 07:00:00,4926.204299609541
2018-03-06 08:00:00,4743.989609446611
2018-03-06 09:00:00,4665.059816923887
2018-03-06 10:00:00,4669.0449914881965
2018-03-06 11:00:00,4684.320629356236
2018-03-06 12:00:00,4670.523532698863
2018-03-06 13:00:00,4665.780833377222
2018-03-06 14:00:00,4663.403941739913
2018-03-06 15:00:00,4642.0998514283665
2018-03-06 16:00:00,4646.788931884917
2018-03-06 17:00:00,4664.597405747276
2018-03-06 18:00:00,4715.4464617538
2018-03-06 19:00:00,4771.649807753944
2018-03-06 20:00:00,4735.1419683190725
2018-03-06 21:00:00,4731.0126081417875
2018-03-06 22:00:00,4608.491310971081
2018-03-06 23:00:00,4456.034673718186
2018-03-07 00:00:00,4429.102097153828
2018-03-07 01:00:00,4478.6419478472035
2018-03-07 02:00:00,4592.480601577012
2018-03-07 03:00:00,4623.621844512196
2018-03-07 04:00:00,4642.016685686537
2018-03-07 05:00:00,4669.094205415156
2018-03-07 06:00:00,4810.751960468527
2018-03-07 07:00:00,4918.9996965106275
2018-03-07 08:00:00,4736.012909179785
2018-03-07 09:00:00,4657.41302264427
2018-03-07 10:00:00,4661.3981972085785
2018-03-07 11:00:00,4675.337265586524
2018-03-07 12:00:00,4661.540168929151
2018-03-07 13:00:00,4656.79746960751
2018-03-07 14:00:00,4654.420577970201
2018-03-07 15:00:00,4633.1164876586545
2018-03-07 16:00:00,4637.805568115205
2018-03-07 17:00:00,4655.518546208113
2018-03-07 18:00:00,4699.770618081056
2018-03-07 19:00:00,4731.367463084363
2018-03-07 20:00:00,4741.09278710406
2018-03-07 21:00:00,4736.963426926775
2018-03-07 22:00:00,4614.442129756068
2018-03-07 23:00:00,4466.357615854296
2018-03-08 00:00:00,4423.187672782506
2018-03-08 01:00:00,4472.5579628431005
2018-03-08 02:00:00,4586.396616572907
2018-03-08 03:00:00,4617.537859508093
2018-03-08 04:00:00,4635.932700682434
2018-03-08 05:00:00,4663.010220411053
2018-03-08 06:00:00,4804.667975464424
2018-03-08 07:00:00,4912.9157115065245
2018-03-08 08:00:00,4729.928924175682
2018-03-08 09:00:00,4652.187987595342
2018-03-08 10:00:00,4656.173162159651
2018-03-08 11:00:00,4670.112230537597
2018-03-08 12:00:00,4656.315133880224
2018-03-08 13:00:00,4651.572434558582
2018-03-08 14:00:00,4649.195542921273
2018-03-08 15:00:00,4627.870737924946
2018-03-08 16:00:00,4632.559818381496
2018-03-08 17:00:00,4650.2727964744045
2018-03-08 18:00:00,4694.524868347348
2018-03-08 19:00:00,4726.202127987099
2018-03-08 20:00:00,4735.94557931738
2018-03-08 21:00:00,4731.816219140096
2018-03-08 22:00:00,4610.378187806175
2018-03-08 23:00:00,4464.902728975035
2018-03-09 00:00:00,4421.012969098821
2018-03-09 01:00:00,4464.2230726584785
2018-03-09 02:00:00,4574.738267081265
2018-03-09 03:00:00,4605.87951001645
2018-03-09 04:00:00,4624.720013098946
2018-03-09 05:00:00,4652.089543960245
2018-03-09 06:00:00,4792.480363440194
2018-03-09 07:00:00,4896.191832440294
2018-03-09 08:00:00,4717.567169858229
2018-03-09 09:00:00,4648.2983678758255
2018-03-09 10:00:00,4651.663579145712
2018-03-09 11:00:00,4676.018330599434
2018-03-09 12:00:00,4660.5500040369
2018-03-09 13:00:00,4655.90757012315
2018-03-09 14:00:00,4655.19843011529
2018-03-09 15:00:00,4633.873625118964
2018-03-09 16:00:00,4636.439820604374
2018-03-09 17:00:00,4654.339553830019
2018-03-09 18:00:00,4667.742822012531
2018-03-09 19:00:00,4695.477023565356
2018-03-09 20:00:00,4736.0482173381915
2018-03-09 21:00:00,4743.450437173848
2018-03-09 22:00:00,4617.163513826752
2018-03-09 23:00:00,4495.313454068207
2018-03-10 00:00:00,4422.7441254293335
2018-03-10 01:00:00,4451.04476103247
2018-03-10 02:00:00,4554.375021154528
2018-03-10 03:00:00,4585.629823559567
2018-03-10 04:00:00,4604.656077497437
2018-03-10 05:00:00,4616.047153153958
2018-03-10 06:00:00,4679.270438451062
2018-03-10 07:00:00,4688.970231093968
2018-03-10 08:00:00,4691.41304063151
2018-03-10 09:00:00,4702.166932069706
2018-03-10 10:00:00,4686.330725367378
2018-03-10 11:00:00,4655.021425510701
2018-03-10 12:00:00,4637.028949349829
2018-03-10 13:00:00,4634.743089737132
2018-03-10 14:00:00,4631.275541912457
2018-03-10 15:00:00,4620.436728490429
2018-03-10 16:00:00,4635.268637293069
2018-03-10 17:00:00,4659.616549989832
2018-03-10 18:00:00,4670.605585696124
2018-03-10 19:00:00,4698.549750242777
2018-03-10 20:00:00,4746.870775090876
2018-03-10 21:00:00,4754.272994926533
2018-03-10 22:00:00,4622.154121709563
2018-03-10 23:00:00,4505.6420487617925
2018-03-11 00:00:00,4437.237605281359
2018-03-11 01:00:00,4457.810863022493
2018-03-11 02:00:00,4559.879207178097
2018-03-11 03:00:00,4591.134009583134
2018-03-11 04:00:00,4614.028544886934
2018-03-11 05:00:00,4621.7791934746765
2018-03-11 06:00:00,4686.836294764544
2018-03-11 07:00:00,4696.120732686337
2018-03-11 08:00:00,4695.856466987035
2018-03-11 09:00:00,4709.879984795459
2018-03-11 10:00:00,4677.984564259547
2018-03-11 11:00:00,4643.311560387441
2018-03-11 12:00:00,4646.508520617935
2018-03-11 13:00:00,4648.962894794406
2018-03-11 14:00:00,4639.303955156251
2018-03-11 15:00:00,4628.463133327804
2018-03-11 16:00:00,4644.010262404676
2018-03-11 17:00:00,4675.17061285855
2018-03-11 18:00:00,4694.381976701506
2018-03-11 19:00:00,4720.008614761671
2018-03-11 20:00:00,4777.04439203583
2018-03-11 21:00:00,4781.971906030424
2018-03-11 22:00:00,4629.0758678970915
2018-03-11 23:00:00,4506.706472290664
2018-03-12 00:00:00,4475.545909029632
2018-03-12 01:00:00,4524.89172214286
2018-03-12 02:00:00,4640.611589546462
2018-03-12 03:00:00,4676.264723834905
2018-03-12 04:00:00,4693.247030029891
2018-03-12 05:00:00,4733.776811609074
2018-03-12 06:00:00,4876.441582618938
2018-03-12 07:00:00,4987.2689465193625
2018-03-12 08:00:00,4801.911953046625
2018-03-12 09:00:00,4684.197072095412
2018-03-12 10:00:00,4685.7455711862585
2018-03-12 11:00:00,4686.987446573672
2018-03-12 12:00:00,4672.762939118575
2018-03-12 13:00:00,4669.8096916922605
2018-03-12 14:00:00,4664.114895670044
2018-03-12 15:00:00,4642.906570444354
2018-03-12 16:00:00,4647.454769233074
2018-03-12 17:00:00,4662.975441222898
2018-03-12 18:00:00,4673.440980402951
2018-03-12 19:00:00,4694.932615675953
2018-03-12 20:00:00,4760.4355032101585
2018-03-12 21:00:00,4768.266154295873
2018-03-12 22:00:00,4611.683606174664
2018-03-12 23:00:00,4454.899674112493
2018-03-13 00:00:00,4424.681246727788
2018-03-13 01:00:00,4474.409217965571
2018-03-13 02:00:00,4589.612168028825
2018-03-13 03:00:00,4622.6151236356345
2018-03-13 04:00:00,4641.009964809977
2018-03-13 05:00:00,4672.288632324294
2018-03-13 06:00:00,4813.892819905679
2018-03-13 07:00:00,4922.14055594778
2018-03-13 08:00:00,4738.847654780556
2018-03-13 09:00:00,4659.917862257833
2018-03-13 10:00:00,4663.903036822141
2018-03-13 11:00:00,4679.178674690182
2018-03-13 12:00:00,4665.381578032808
2018-03-13 13:00:00,4660.638878711167
2018-03-13 14:00:00,4658.261987073857
2018-03-13 15:00:00,4637.233021116705
2018-03-13 16:00:00,4641.408788517539
2018-03-13 17:00:00,4659.217262379897
2018-03-13 18:00:00,4672.508492492141
2018-03-13 19:00:00,4694.402757196159
2018-03-13 20:00:00,4759.483176546344
2018-03-13 21:00:00,4768.221553176713
2018-03-13 22:00:00,4624.664249171923
2018-03-13 23:00:00,4467.880317109752
2018-03-14 00:00:00,4427.671025298742
2018-03-14 01:00:00,4477.2108759921175
2018-03-14 02:00:00,4591.049529721926
2018-03-14 03:00:00,4622.19077265711
2018-03-14 04:00:00,4640.585613831452
2018-03-14 05:00:00,4667.66313356007
2018-03-14 06:00:00,4809.320888613442
2018-03-14 07:00:00,4917.568624655542
2018-03-14 08:00:00,4733.503626320406
2018-03-14 09:00:00,4654.903739784891
2018-03-14 10:00:00,4658.888914349199
2018-03-14 11:00:00,4672.827982727145
2018-03-14 12:00:00,4659.030886069771
2018-03-14 13:00:00,4654.28818674813
2018-03-14 14:00:00,4651.911295110821
2018-03-14 15:00:00,4630.882329153668
2018-03-14 16:00:00,4635.058096554502
2018-03-14 17:00:00,4652.77107464741
2018-03-14 18:00:00,4667.581569890643
2018-03-14 19:00:00,4689.47583459466
2018-03-14 20:00:00,4755.470965543727
2018-03-14 21:00:00,4764.209342174096
2018-03-14 22:00:00,4620.652038169306
2018-03-14 23:00:00,4468.240229458256
2018-03-15 00:00:00,4421.72684719497
2018-03-15 01:00:00,4471.097137255565
2018-03-15 02:00:00,4584.935790985373
2018-03-15 03:00:00,4616.077033920557
2018-03-15 04:00:00,4634.4718750949
2018-03-15 05:00:00,4661.549394823517
2018-03-15 06:00:00,4803.207149876888
2018-03-15 07:00:00,4911.45488591899
2018-03-15 08:00:00,4727.389887583853
2018-03-15 09:00:00,4649.6489510035135
2018-03-15 10:00:00,4653.634125567822
2018-03-15 11:00:00,4667.573193945767
2018-03-15 12:00:00,4653.776097288394
2018-03-15 13:00:00,4649.033397966753
2018-03-15 14:00:00,4646.656506329444
2018-03-15 15:00:00,4625.60682568751
2018-03-15 16:00:00,4629.782593088345
2018-03-15 17:00:00,4647.495571181253
2018-03-15 18:00:00,4662.306066424485
2018-03-15 19:00:00,4684.280745764946
2018-03-15 20:00:00,4750.294004024598
2018-03-15 21:00:00,4759.032380654967
2018-03-15 22:00:00,4616.558342486963
2018-03-15 23:00:00,4466.755588846546
2018-03-16 00:00:00,4419.307775089139
2018-03-16 01:00:00,4462.517878648797
2018-03-16 02:00:00,4573.033073071584
2018-03-16 03:00:00,4604.174316006767
2018-03-16 04:00:00,4623.014819089264
2018-03-16 05:00:00,4650.384349950563
2018-03-16 06:00:00,4790.775169430512
2018-03-16 07:00:00,4894.486638430612
2018-03-16 08:00:00,4715.861975848547
2018-03-16 09:00:00,4646.593173866144
2018-03-16 10:00:00,4649.95838513603
2018-03-16 11:00:00,4674.313136589752
2018-03-16 12:00:00,4658.844810027218
2018-03-16 13:00:00,4654.202376113469
2018-03-16 14:00:00,4653.493236105608
2018-03-16 15:00:00,4632.443555463675
2018-03-16 16:00:00,4634.496437893369
2018-03-16 17:00:00,4652.396171119014
2018-03-16 18:00:00,4661.473783745125
2018-03-16 19:00:00,4680.9335314919435
2018-03-16 20:00:00,4739.731874445872
2018-03-16 21:00:00,4761.973691653254
2018-03-16 22:00:00,4621.892584244509
2018-03-16 23:00:00,4500.042524485963
2018-03-17 00:00:00,4420.29832654439
2018-03-17 01:00:00,4448.5989621475255
2018-03-17 02:00:00,4551.929222269584
2018-03-17 03:00:00,4583.184024674622
2018-03-17 04:00:00,4602.210278612492
2018-03-17 05:00:00,4613.601354269014
2018-03-17 06:00:00,4676.824639566117
2018-03-17 07:00:00,4686.524432209024
2018-03-17 08:00:00,4688.967241746565
2018-03-17 09:00:00,4699.721133184761
2018-03-17 10:00:00,4683.884926482434
2018-03-17 11:00:00,4652.575626625757
2018-03-17 12:00:00,4634.583150464886
2018-03-17 13:00:00,4632.297290852189
2018-03-17 14:00:00,4628.829743027512
2018-03-17 15:00:00,4618.266053959877
2018-03-17 16:00:00,4632.584649706801
2018-03-17 17:00:00,4656.932562403564
2018-03-17 18:00:00,4668.409660934596
2018-03-17 19:00:00,4688.079371675244
2018-03-17 20:00:00,4746.877714629172
2018-03-17 21:00:00,4769.1195318365535
2018-03-17 22:00:00,4623.206474557935
2018-03-17 23:00:00,4506.694401610164
2018-03-18 00:00:00,4436.209522970465
2018-03-18 01:00:00,4456.782780711599
2018-03-18 02:00:00,4558.851124867204
2018-03-18 03:00:00,4590.10592727224
2018-03-18 04:00:00,4613.000462576039
2018-03-18 05:00:00,4620.751111163782
2018-03-18 06:00:00,4685.808212453649
2018-03-18 07:00:00,4695.092650375443
2018-03-18 08:00:00,4694.828384676141
2018-03-18 09:00:00,4708.851902484565
2018-03-18 10:00:00,4676.956481948653
2018-03-18 11:00:00,4642.283478076547
2018-03-18 12:00:00,4645.4804383070405
2018-03-18 13:00:00,4647.9348124835105
2018-03-18 14:00:00,4638.2758728453555
2018-03-18 15:00:00,4627.710175371301
2018-03-18 16:00:00,4642.743991392457
2018-03-18 17:00:00,4673.9043418463325
2018-03-18 18:00:00,4693.603768514028
2018-03-18 19:00:00,4710.955952768187
2018-03-18 20:00:00,4778.469048148176
2018-03-18 21:00:00,4798.236159514495
2018-03-18 22:00:00,4631.5459373195135
2018-03-18 23:00:00,4509.176541713086
2018-03-19 00:00:00,4474.880971388944
2018-03-19 01:00:00,4524.226784502172
2018-03-19 02:00:00,4639.946651905775
2018-03-19 03:00:00,4675.599786194219
2018-03-19 04:00:00,4692.582092389203
2018-03-19 05:00:00,4733.111873968386
2018-03-19 06:00:00,4875.77664497825
2018-03-19 07:00:00,4986.604008878675
2018-03-19 08:00:00,4801.247015405937
2018-03-19 09:00:00,4683.532134454725
2018-03-19 10:00:00,4685.080633545571
2018-03-19 11:00:00,4686.322508932985
2018-03-19 12:00:00,4672.098001477887
2018-03-19 13:00:00,4669.144754051573
2018-03-19 14:00:00,4663.449958029356
2018-03-19 15:00:00,4642.241632803667
2018-03-19 16:00:00,4646.789831592387
2018-03-19 17:00:00,4662.310503582211
2018-03-19 18:00:00,4672.776042762264
2018-03-19 19:00:00,4694.267678035266
2018-03-19 20:00:00,4759.099518154107
2018-03-19 21:00:00,4781.549049191724
2018-03-19 22:00:00,4611.172317008866
2018-03-19 23:00:00,4454.388384946695
2018-03-20 00:00:00,4424.016309087101
2018-03-20 01:00:00,4473.744280324883
2018-03-20 02:00:00,4588.9472303881375
2018-03-20 03:00:00,4621.950185994948
2018-03-20 04:00:00,4640.34502716929
2018-03-20 05:00:00,4671.623694683607
2018-03-20 06:00:00,4813.227882264991
2018-03-20 07:00:00,4921.475618307093
2018-03-20 08:00:00,4738.182717139869
2018-03-20 09:00:00,4659.252924617145
2018-03-20 10:00:00,4663.238099181454
2018-03-20 11:00:00,4678.513737049494
2018-03-20 12:00:00,4664.716640392121
2018-03-20 13:00:00,4659.97394107048
2018-03-20 14:00:00,4657.5970494331705
2018-03-20 15:00:00,4636.568083476017
2018-03-20 16:00:00,4640.743850876852
2018-03-20 17:00:00,4658.55232473921
2018-03-20 18:00:00,4671.8435548514535
2018-03-20 19:00:00,4693.737819555472
2018-03-20 20:00:00,4758.147191490292
2018-03-20 21:00:00,4781.504448072564
2018-03-20 22:00:00,4624.152960006125
2018-03-20 23:00:00,4467.369027943954
2018-03-21 00:00:00,4429.695690352159
2018-03-21 01:00:00,4479.235541045534
2018-03-21 02:00:00,4593.074194775341
2018-03-21 03:00:00,4624.215437710527
2018-03-21 04:00:00,4642.610278884868
2018-03-21 05:00:00,4669.687798613487
2018-03-21 06:00:00,4811.345553666858
2018-03-21 07:00:00,4919.593289708959
2018-03-21 08:00:00,4735.528291373822
2018-03-21 09:00:00,4656.928404838307
2018-03-21 10:00:00,4660.913579402615
2018-03-21 11:00:00,4674.852647780562
2018-03-21 12:00:00,4661.055551123188
2018-03-21 13:00:00,4656.312851801547
2018-03-21 14:00:00,4653.935960164237
2018-03-21 15:00:00,4632.906994207085
2018-03-21 16:00:00,4637.082761607919
2018-03-21 17:00:00,4654.795739700827
2018-03-21 18:00:00,4669.606234944059
2018-03-21 19:00:00,4691.500499648077
2018-03-21 20:00:00,4756.8245831817785
2018-03-21 21:00:00,4780.18183976405
2018-03-21 22:00:00,4622.830351697612
2018-03-21 23:00:00,4470.418542986563
2018-03-22 00:00:00,4423.781265980836
2018-03-22 01:00:00,4473.151556041432
2018-03-22 02:00:00,4586.990209771238
2018-03-22 03:00:00,4618.131452706424
2018-03-22 04:00:00,4636.5262938807655
2018-03-22 05:00:00,4663.603813609384
2018-03-22 06:00:00,4805.261568662755
2018-03-22 07:00:00,4913.509304704856
2018-03-22 08:00:00,4729.444306369719
2018-03-22 09:00:00,4651.703369789379
2018-03-22 10:00:00,4655.688544353688
2018-03-22 11:00:00,4669.627612731634
2018-03-22 12:00:00,4655.83051607426
2018-03-22 13:00:00,4651.087816752619
2018-03-22 14:00:00,4648.71092511531
2018-03-22 15:00:00,4627.661244473376
2018-03-22 16:00:00,4631.8370118742105
2018-03-22 17:00:00,4649.549989967119
2018-03-22 18:00:00,4664.360485210351
2018-03-22 19:00:00,4686.335164550812
2018-03-22 20:00:00,4751.677375395099
2018-03-22 21:00:00,4775.034631977371
2018-03-22 22:00:00,4618.766409747719
2018-03-22 23:00:00,4468.963656107301
2018-03-23 00:00:00,4422.558780673524
2018-03-23 01:00:00,4465.768884233183
2018-03-23 02:00:00,4576.28407865597
2018-03-23 03:00:00,4607.425321591152
2018-03-23 04:00:00,4626.265824673649
2018-03-23 05:00:00,4653.635355534948
2018-03-23 06:00:00,4794.0261750148975
2018-03-23 07:00:00,4897.737644014998
2018-03-23 08:00:00,4719.112981432932
2018-03-23 09:00:00,4649.844179450529
2018-03-23 10:00:00,4653.209390720415
2018-03-23 11:00:00,4677.564142174137
2018-03-23 12:00:00,4662.095815611603
2018-03-23 13:00:00,4657.453381697854
2018-03-23 14:00:00,4656.744241689994
2018-03-23 15:00:00,4635.69456104806
2018-03-23 16:00:00,4637.747443477754
2018-03-23 17:00:00,4655.647176703399
2018-03-23 18:00:00,4664.72478932951
2018-03-23 19:00:00,4684.1845370763285
2018-03-23 20:00:00,4742.982880030257
2018-03-23 21:00:00,4765.876410651692
2018-03-23 22:00:00,4625.795303242947
2018-03-23 23:00:00,4503.9452434844015
2018-03-24 00:00:00,4423.549332128775
2018-03-24 01:00:00,4451.849967731911
2018-03-24 02:00:00,4555.18022785397
2018-03-24 03:00:00,4586.435030259007
2018-03-24 04:00:00,4605.461284196877
2018-03-24 05:00:00,4616.852359853399
2018-03-24 06:00:00,4680.075645150503
2018-03-24 07:00:00,4689.77543779341
2018-03-24 08:00:00,4692.218247330951
2018-03-24 09:00:00,4702.972138769147
2018-03-24 10:00:00,4687.135932066819
2018-03-24 11:00:00,4655.826632210142
2018-03-24 12:00:00,4637.834156049271
2018-03-24 13:00:00,4635.548296436574
2018-03-24 14:00:00,4632.080748611897
2018-03-24 15:00:00,4621.517059544262
2018-03-24 16:00:00,4635.835655291186
2018-03-24 17:00:00,4660.18356798795
2018-03-24 18:00:00,4671.660666518981
2018-03-24 19:00:00,4691.330377259629
2018-03-24 20:00:00,4750.128720213557
2018-03-24 21:00:00,4773.022250834992
2018-03-24 22:00:00,4627.109193556373
2018-03-24 23:00:00,4510.597120608602
2018-03-25 00:00:00,4437.351193366273
2018-03-25 01:00:00,4457.924451107408
2018-03-25 02:00:00,4559.992795263012
2018-03-25 03:00:00,4591.247597668048
2018-03-25 04:00:00,4614.142132971848
2018-03-25 05:00:00,4621.892781559591
2018-03-25 06:00:00,4686.949882849457
2018-03-25 07:00:00,4696.234320771251
2018-03-25 08:00:00,4695.970055071949
2018-03-25 09:00:00,4709.993572880373
2018-03-25 10:00:00,4678.098152344462
2018-03-25 11:00:00,4643.425148472355
2018-03-25 12:00:00,4646.622108702849
2018-03-25 13:00:00,4649.07648287932
2018-03-25 14:00:00,4639.417543241165
2018-03-25 15:00:00,4628.851845767111
2018-03-25 16:00:00,4643.885661788267
2018-03-25 17:00:00,4675.046012242141
2018-03-25 18:00:00,4694.745438909837
2018-03-25 19:00:00,4712.097623163996
2018-03-25 20:00:00,4779.610718543984
2018-03-25 21:00:00,4800.029543324356
2018-03-25 22:00:00,4633.339321129375
2018-03-25 23:00:00,4510.969925522948
2018-03-26 00:00:00,4476.878955468521
2018-03-26 01:00:00,4526.22476858175
2018-03-26 02:00:00,4641.944635985352
2018-03-26 03:00:00,4677.5977702737955
2018-03-26 04:00:00,4694.58007646878
2018-03-26 05:00:00,4735.109858047964
2018-03-26 06:00:00,4877.774629057827
2018-03-26 07:00:00,4988.601992958253
2018-03-26 08:00:00,4803.244999485514
2018-03-26 09:00:00,4685.530118534301
2018-03-26 10:00:00,4687.078617625148
2018-03-26 11:00:00,4688.320493012562
2018-03-26 12:00:00,4674.095985557464
2018-03-26 13:00:00,4671.14273813115
2018-03-26 14:00:00,4665.447942108933
2018-03-26 15:00:00,4644.239616883244
2018-03-26 16:00:00,4648.7878156719635
2018-03-26 17:00:00,4664.308487661788
2018-03-26 18:00:00,4674.774026841841
2018-03-26 19:00:00,4696.265662114843
2018-03-26 20:00:00,4761.097502233683
2018-03-26 21:00:00,4783.547033271301
2018-03-26 22:00:00,4613.170301088443
2018-03-26 23:00:00,4456.386369026272
2018-03-27 00:00:00,4425.935725055163
2018-03-27 01:00:00,4475.663696292946
2018-03-27 02:00:00,4590.866646356199
2018-03-27 03:00:00,4623.86960196301
2018-03-27 04:00:00,4642.264443137351
2018-03-27 05:00:00,4673.543110651668
2018-03-27 06:00:00,4815.147298233053
2018-03-27 07:00:00,4923.395034275154
2018-03-27 08:00:00,4740.10213310793
2018-03-27 09:00:00,4661.172340585207
2018-03-27 10:00:00,4665.157515149516
2018-03-27 11:00:00,4680.433153017556
2018-03-27 12:00:00,4666.636056360183
2018-03-27 13:00:00,4661.893357038542
2018-03-27 14:00:00,4659.516465401232
2018-03-27 15:00:00,4638.487499444079
2018-03-27 16:00:00,4642.663266844913
2018-03-27 17:00:00,4660.471740707272
2018-03-27 18:00:00,4673.762970819515
2018-03-27 19:00:00,4695.657235523533
2018-03-27 20:00:00,4756.940378544087
2018-03-27 21:00:00,4788.9121240090935
2018-03-27 22:00:00,4631.560635942655
2018-03-27 23:00:00,4469.393621652711
2018-03-28 00:00:00,4428.925503626117
2018-03-28 01:00:00,4478.465354319492
2018-03-28 02:00:00,4592.304008049299
2018-03-28 03:00:00,4623.445250984485
2018-03-28 04:00:00,4641.840092158826
2018-03-28 05:00:00,4668.917611887445
2018-03-28 06:00:00,4810.575366940816
2018-03-28 07:00:00,4918.823102982917
2018-03-28 08:00:00,4734.75810464778
2018-03-28 09:00:00,4656.158218112265
2018-03-28 10:00:00,4660.143392676573
2018-03-28 11:00:00,4674.08246105452
2018-03-28 12:00:00,4660.285364397146
2018-03-28 13:00:00,4655.542665075505
2018-03-28 14:00:00,4653.165773438195
2018-03-28 15:00:00,4632.1368074810425
2018-03-28 16:00:00,4636.312574881877
2018-03-28 17:00:00,4654.025552974785
2018-03-28 18:00:00,4668.836048218017
2018-03-28 19:00:00,4690.7303129220345
2018-03-28 20:00:00,4752.92816754147
2018-03-28 21:00:00,4784.899913006476
2018-03-28 22:00:00,4627.548424940037
2018-03-28 23:00:00,4469.7535340012155
2018-03-29 00:00:00,4423.011079254795
2018-03-29 01:00:00,4472.38136931539
2018-03-29 02:00:00,4586.220023045196
2018-03-29 03:00:00,4617.361265980382
2018-03-29 04:00:00,4635.756107154723
2018-03-29 05:00:00,4662.833626883342
2018-03-29 06:00:00,4804.491381936713
2018-03-29 07:00:00,4912.739117978814
2018-03-29 08:00:00,4728.674119643677
2018-03-29 09:00:00,4650.933183063337
2018-03-29 10:00:00,4654.9183576276455
2018-03-29 11:00:00,4668.857426005592
2018-03-29 12:00:00,4655.060329348218
2018-03-29 13:00:00,4650.317630026577
2018-03-29 14:00:00,4647.940738389268
2018-03-29 15:00:00,4626.891057747334
2018-03-29 16:00:00,4631.066825148168
2018-03-29 17:00:00,4648.7798032410765
2018-03-29 18:00:00,4663.590298484309
2018-03-29 19:00:00,4685.56497782477
2018-03-29 20:00:00,4747.780959754791
2018-03-29 21:00:00,4779.752705219797
2018-03-29 22:00:00,4623.484482990144
2018-03-29 23:00:00,4468.298647121954
2018-03-30 00:00:00,4421.174927154187
2018-03-30 01:00:00,4464.3850307138455
2018-03-30 02:00:00,4574.900225136634
2018-03-30 03:00:00,4606.041468071815
2018-03-30 04:00:00,4624.881971154312
2018-03-30 05:00:00,4652.25150201561
2018-03-30 06:00:00,4792.642321495559
2018-03-30 07:00:00,4896.35379049566
2018-03-30 08:00:00,4717.729127913595
2018-03-30 09:00:00,4648.460325931191
2018-03-30 10:00:00,4651.825537201078
2018-03-30 11:00:00,4676.180288654799
2018-03-30 12:00:00,4660.711962092266
2018-03-30 13:00:00,4656.0695281785165
2018-03-30 14:00:00,4655.360388170656
2018-03-30 15:00:00,4634.310707528723
2018-03-30 16:00:00,4636.363589958417
2018-03-30 17:00:00,4654.263323184062
2018-03-30 18:00:00,4663.340935810173
2018-03-30 19:00:00,4682.800683556991
2018-03-30 20:00:00,4738.472797596653
2018-03-30 21:00:00,4770.124497653725
2018-03-30 22:00:00,4630.0433902449795
2018-03-30 23:00:00,4502.810248258662
2018-03-31 00:00:00,4422.165478609438
2018-03-31 01:00:00,4450.466114212574
2018-03-31 02:00:00,4553.796374334633
2018-03-31 03:00:00,4585.051176739669
2018-03-31 04:00:00,4604.077430677539
2018-03-31 05:00:00,4615.468506334061
2018-03-31 06:00:00,4678.691791631165
2018-03-31 07:00:00,4688.391584274072
2018-03-31 08:00:00,4690.834393811613
2018-03-31 09:00:00,4701.588285249809
2018-03-31 10:00:00,4685.752078547482
2018-03-31 11:00:00,4654.4427786908045
2018-03-31 12:00:00,4636.450302529934
2018-03-31 13:00:00,4634.164442917237
2018-03-31 14:00:00,4630.69689509256
2018-03-31 15:00:00,4620.133206024925
2018-03-31 16:00:00,4634.451801771849
2018-03-31 17:00:00,4658.7997144686115
2018-03-31 18:00:00,4670.276812999644
2018-03-31 19:00:00,4689.946523740292
2018-03-31 20:00:00,4745.618637779953
2018-03-31 21:00:00,4777.270337837025
2018-03-31 22:00:00,4631.357280558405
2018-03-31 23:00:00,4509.462125382863
2018-04-01 00:00:00,4436.594235821974
2018-04-01 01:00:00,4457.167493563108
2018-04-01 02:00:00,4559.235837718713
2018-04-01 03:00:00,4590.490640123749
2018-04-01 04:00:00,4613.385175427548
2018-04-01 05:00:00,4621.135824015291
2018-04-01 06:00:00,4686.192925305158
2018-04-01 07:00:00,4695.477363226952
2018-04-01 08:00:00,4695.21309752765
2018-04-01 09:00:00,4709.236615336074
2018-04-01 10:00:00,4677.341194800162
2018-04-01 11:00:00,4642.668190928056
2018-04-01 12:00:00,4645.865151158549
2018-04-01 13:00:00,4648.3195253350195
2018-04-01 14:00:00,4638.6605856968645
2018-04-01 15:00:00,4628.09488822281
2018-04-01 16:00:00,4643.128704243966
2018-04-01 17:00:00,4674.2890546978415
2018-04-01 18:00:00,4693.988481365537
2018-04-01 19:00:00,4703.10459294809
2018-04-01 20:00:00,4767.491459413812
2018-04-01 21:00:00,4809.009214283823
2018-04-01 22:00:00,4642.318992088842
2018-04-01 23:00:00,4514.566514254642
2018-04-02 00:00:00,4473.736143754151
2018-04-02 01:00:00,4524.838033446458
2018-04-02 02:00:00,4640.557900850059
2018-04-02 03:00:00,4676.211035138504
2018-04-02 04:00:00,4693.193341333488
2018-04-02 05:00:00,4733.723122912671
2018-04-02 06:00:00,4876.387893922535
2018-04-02 07:00:00,4987.21525782296
2018-04-02 08:00:00,4801.858264350222
2018-04-02 09:00:00,4685.275437302058
2018-04-02 10:00:00,4686.823936392904
2018-04-02 11:00:00,4688.065811780318
2018-04-02 12:00:00,4673.84130432522
2018-04-02 13:00:00,4670.888056898906
2018-04-02 14:00:00,4665.193260876689
2018-04-02 15:00:00,4643.984935650999
2018-04-02 16:00:00,4648.53313443972
2018-04-02 17:00:00,4664.053806429543
2018-04-02 18:00:00,4671.004771073439
2018-04-02 19:00:00,4679.478553924894
2018-04-02 20:00:00,4741.184165129469
2018-04-02 21:00:00,4805.183288748751
2018-04-02 22:00:00,4630.117278113574
2018-04-02 23:00:00,4454.563316133641
2018-04-03 00:00:00,4422.871481452308
2018-04-03 01:00:00,4474.355529269169
2018-04-03 02:00:00,4589.558479332423
2018-04-03 03:00:00,4622.561434939233
2018-04-03 04:00:00,4640.956276113575
2018-04-03 05:00:00,4672.234943627891
2018-04-03 06:00:00,4813.839131209276
2018-04-03 07:00:00,4922.086867251377
2018-04-03 08:00:00,4738.793966084154
2018-04-03 09:00:00,4660.996227464479
2018-04-03 10:00:00,4664.981402028787
2018-04-03 11:00:00,4680.257039896827
2018-04-03 12:00:00,4666.459943239453
2018-04-03 13:00:00,4661.717243917813
2018-04-03 14:00:00,4659.340352280503
2018-04-03 15:00:00,4638.31138632335
2018-04-03 16:00:00,4642.487153724184
2018-04-03 17:00:00,4660.295627586543
2018-04-03 18:00:00,4670.072283162629
2018-04-03 19:00:00,4678.9486954451
2018-04-03 20:00:00,4740.231838465655
2018-04-03 21:00:00,4805.13868762959
2018-04-03 22:00:00,4643.097921110833
2018-04-03 23:00:00,4467.543959130899
2018-04-04 00:00:00,4430.41221001972
2018-04-04 01:00:00,4481.708137292172
2018-04-04 02:00:00,4591.924741657968
2018-04-04 03:00:00,4623.065984593152
2018-04-04 04:00:00,4641.4608257674945
2018-04-04 05:00:00,4668.538345496112
2018-04-04 06:00:00,4810.196100549483
2018-04-04 07:00:00,4918.443836591584
2018-04-04 08:00:00,4734.378838256448
2018-04-04 09:00:00,4656.911005623981
2018-04-04 10:00:00,4660.896180188289
2018-04-04 11:00:00,4674.835248566235
2018-04-04 12:00:00,4661.038151908861
2018-04-04 13:00:00,4656.295452587221
2018-04-04 14:00:00,4653.918560949911
2018-04-04 15:00:00,4632.889594992758
2018-04-04 16:00:00,4637.065362393592
2018-04-04 17:00:00,4654.7783404865
2018-04-04 18:00:00,4668.295160680501
2018-04-04 19:00:00,4666.611092573577
2018-04-04 20:00:00,4728.808947193012
2018-04-04 21:00:00,4814.679406855661
2018-04-04 22:00:00,4646.080749169351
2018-04-04 23:00:00,4470.54229479466
2018-04-05 00:00:00,4425.07041859704
2018-04-05 01:00:00,4476.1967852367125
2018-04-05 02:00:00,4586.413389602508
2018-04-05 03:00:00,4617.554632537693
2018-04-05 04:00:00,4635.949473712035
2018-04-05 05:00:00,4663.026993440652
2018-04-05 06:00:00,4804.684748494024
2018-04-05 07:00:00,4912.932484536124
2018-04-05 08:00:00,4728.867486200988
2018-04-05 09:00:00,4651.978730145081
2018-04-05 10:00:00,4655.96390470939
2018-04-05 11:00:00,4669.902973087335
2018-04-05 12:00:00,4656.105876429962
2018-04-05 13:00:00,4651.363177108321
2018-04-05 14:00:00,4648.986285471012
2018-04-05 15:00:00,4627.936604829078
2018-04-05 16:00:00,4632.112372229913
2018-04-05 17:00:00,4649.82535032282
2018-04-05 18:00:00,4663.34217051682
2018-04-05 19:00:00,4661.73851704634
2018-04-05 20:00:00,4723.954498976361
2018-04-05 21:00:00,4809.82495863901
2018-04-05 22:00:00,4642.309566789487
2018-04-05 23:00:00,4469.380167485427
2018-04-06 00:00:00,4424.34690312906
2018-04-06 01:00:00,4469.313083267795
2018-04-06 02:00:00,4576.20622832657
2018-04-06 03:00:00,4607.347471261753
2018-04-06 04:00:00,4626.18797434425
2018-04-06 05:00:00,4653.557505205547
2018-04-06 06:00:00,4793.948324685497
2018-04-06 07:00:00,4897.659793685598
2018-04-06 08:00:00,4719.035131103532
2018-04-06 09:00:00,4650.618509645561
2018-04-06 10:00:00,4653.983720915448
2018-04-06 11:00:00,4678.33847236917
2018-04-06 12:00:00,4662.870145806636
2018-04-06 13:00:00,4658.227711892887
2018-04-06 14:00:00,4657.518571885026
2018-04-06 15:00:00,4636.468891243093
2018-04-06 16:00:00,4638.521773672787
2018-04-06 17:00:00,4657.694041569301
2018-04-06 18:00:00,4665.477979146179
2018-04-06 19:00:00,4655.44523118893
2018-04-06 20:00:00,4711.117345228592
2018-04-06 21:00:00,4803.358589282037
2018-04-06 22:00:00,4652.030312253422
2018-04-06 23:00:00,4507.053606831234
2018-04-07 00:00:00,4424.066804187902
2018-04-07 01:00:00,4455.109917761573
2018-04-07 02:00:00,4550.349468025432
2018-04-07 03:00:00,4581.604270430468
2018-04-07 04:00:00,4600.630524368338
2018-04-07 05:00:00,4612.02160002486
2018-04-07 06:00:00,4675.244885321964
2018-04-07 07:00:00,4684.944677964871
2018-04-07 08:00:00,4687.387487502412
2018-04-07 09:00:00,4704.820381477486
2018-04-07 10:00:00,4688.984174775158
2018-04-07 11:00:00,4657.674874918481
2018-04-07 12:00:00,4639.68239875761
2018-04-07 13:00:00,4637.396539144913
2018-04-07 14:00:00,4633.928991320237
2018-04-07 15:00:00,4623.365302252602
2018-04-07 16:00:00,4637.683897999526
2018-04-07 17:00:00,4663.304345367157
2018-04-07 18:00:00,4670.811263646005
2018-04-07 19:00:00,4660.988478682584
2018-04-07 20:00:00,4716.660592722246
2018-04-07 21:00:00,4808.901836775692
2018-04-07 22:00:00,4651.741609877202
2018-04-07 23:00:00,4512.102891265789
2018-04-08 00:00:00,4438.803002801541
2018-04-08 01:00:00,4462.236958822861
2018-04-08 02:00:00,4555.796367810833
2018-04-08 03:00:00,4587.051170215868
2018-04-08 04:00:00,4609.945705519667
2018-04-08 05:00:00,4617.69635410741
2018-04-08 06:00:00,4682.753455397277
2018-04-08 07:00:00,4692.037893319071
2018-04-08 08:00:00,4691.773627619769
2018-04-08 09:00:00,4710.613433650536
2018-04-08 10:00:00,4678.718013114624
2018-04-08 11:00:00,4644.045009242518
2018-04-08 12:00:00,4647.2419694730115
2018-04-08 13:00:00,4649.696343649482
2018-04-08 14:00:00,4640.0374040113265
2018-04-08 15:00:00,4629.471706537272
2018-04-08 16:00:00,4644.505522558428
2018-04-08 17:00:00,4676.938407683172
2018-04-08 18:00:00,4693.72423418297
2018-04-08 19:00:00,4679.983940179637
2018-04-08 20:00:00,4733.437359496144
2018-04-08 21:00:00,4837.969725888493
2018-04-08 22:00:00,4660.03233407364
2018-04-08 23:00:00,4512.502486193533
2018-04-09 00:00:00,4470.028096117689
2018-04-09 01:00:00,4522.116387201453
2018-04-09 02:00:00,4634.398693004572
2018-04-09 03:00:00,4670.051827293016
2018-04-09 04:00:00,4687.034133488001
2018-04-09 05:00:00,4727.563915067184
2018-04-09 06:00:00,4870.228686077048
2018-04-09 07:00:00,4981.056049977473
2018-04-09 08:00:00,4795.699056504735
2018-04-09 09:00:00,4684.943051469016
2018-04-09 10:00:00,4686.491550559862
2018-04-09 11:00:00,4687.733425947276
2018-04-09 12:00:00,4673.508918492178
2018-04-09 13:00:00,4670.555671065864
2018-04-09 14:00:00,4664.860875043647
2018-04-09 15:00:00,4643.652549817958
2018-04-09 16:00:00,4648.200748606678
2018-04-09 17:00:00,4668.425464774536
2018-04-09 18:00:00,4674.920823702404
2018-04-09 19:00:00,4665.626988800435
2018-04-09 20:00:00,4719.631747153605
2018-04-09 21:00:00,4823.2379877611975
2018-04-09 22:00:00,4641.614085958468
2018-04-09 23:00:00,4459.734245043741
2018-04-10 00:00:00,4418.6257181966375
2018-04-10 01:00:00,4471.096167404957
2018-04-10 02:00:00,4582.861555867728
2018-04-10 03:00:00,4615.864511474538
2018-04-10 04:00:00,4634.259352648879
2018-04-10 05:00:00,4665.538020163196
2018-04-10 06:00:00,4807.142207744581
2018-04-10 07:00:00,4915.389943786682
2018-04-10 08:00:00,4732.097042619458
2018-04-10 09:00:00,4660.126126012229
2018-04-10 10:00:00,4664.111300576537
2018-04-10 11:00:00,4679.386938444577
2018-04-10 12:00:00,4665.589841787204
2018-04-10 13:00:00,4660.847142465563
2018-04-10 14:00:00,4658.4702508282535
2018-04-10 15:00:00,4637.4412848711
2018-04-10 16:00:00,4641.617052271935
2018-04-10 17:00:00,4664.129570312327
2018-04-10 18:00:00,4673.450620172386
2018-04-10 19:00:00,4664.5594147014335
2018-04-10 20:00:00,4718.141704870582
2018-04-10 21:00:00,4822.65567102283
2018-04-10 22:00:00,4654.05701333652
2018-04-10 23:00:00,4472.1771724217915
2018-04-11 00:00:00,4426.396588451501
2018-04-11 01:00:00,4478.678917115412
2018-04-11 02:00:00,4584.0086356775855
2018-04-11 03:00:00,4615.14987861277
2018-04-11 04:00:00,4633.544719787113
2018-04-11 05:00:00,4660.62223951573
2018-04-11 06:00:00,4802.279994569102
2018-04-11 07:00:00,4910.527730611203
2018-04-11 08:00:00,4726.462732276066
2018-04-11 09:00:00,4654.821721656044
2018-04-11 10:00:00,4658.806896220353
2018-04-11 11:00:00,4672.745964598299
2018-04-11 12:00:00,4658.948867940926
2018-04-11 13:00:00,4654.206168619285
2018-04-11 14:00:00,4651.829276981975
2018-04-11 15:00:00,4630.800311024822
2018-04-11 16:00:00,4634.976078425656
2018-04-11 17:00:00,4657.393100696598
2018-04-11 18:00:00,4668.233415687646
2018-04-11 19:00:00,4659.342210216693
2018-04-11 20:00:00,4713.839211984723
2018-04-11 21:00:00,4818.35317813697
2018-04-11 22:00:00,4649.7545204506605
2018-04-11 23:00:00,4472.2468028870535
2018-04-12 00:00:00,4421.131405021245
2018-04-12 01:00:00,4473.244173052376
2018-04-12 02:00:00,4578.573891614551
2018-04-12 03:00:00,4609.715134549734
2018-04-12 04:00:00,4628.109975724076
2018-04-12 05:00:00,4655.187495452694
2018-04-12 06:00:00,4796.845250506065
2018-04-12 07:00:00,4905.092986548167
2018-04-12 08:00:00,4721.02798821303
2018-04-12 09:00:00,4649.966054169568
2018-04-12 10:00:00,4653.951228733877
2018-04-12 11:00:00,4667.890297111822
2018-04-12 12:00:00,4654.093200454449
2018-04-12 13:00:00,4649.350501132808
2018-04-12 14:00:00,4646.973609495499
2018-04-12 15:00:00,4625.923928853565
2018-04-12 16:00:00,4630.0996962543995
2018-04-12 17:00:00,4652.51671852534
2018-04-12 18:00:00,4663.357033516389
2018-04-12 19:00:00,4654.54624268188
2018-04-12 20:00:00,4709.061371760495
2018-04-12 21:00:00,4813.575337912742
2018-04-12 22:00:00,4646.059946063219
2018-04-12 23:00:00,4471.1612835702435
2018-04-13 00:00:00,4419.269917936008
2018-04-13 01:00:00,4465.222499466202
2018-04-13 02:00:00,4567.228758721353
2018-04-13 03:00:00,4598.370001656539
2018-04-13 04:00:00,4617.210504739035
2018-04-13 05:00:00,4644.580035600334
2018-04-13 06:00:00,4784.970855080283
2018-04-13 07:00:00,4888.682324080384
2018-04-13 08:00:00,4710.057661498318
2018-04-13 09:00:00,4647.467862052793
2018-04-13 10:00:00,4650.833073322679
2018-04-13 11:00:00,4675.187824776402
2018-04-13 12:00:00,4659.719498213868
2018-04-13 13:00:00,4655.077064300119
2018-04-13 14:00:00,4654.367924292258
2018-04-13 15:00:00,4633.318243650324
2018-04-13 16:00:00,4635.371126080018
2018-04-13 17:00:00,4657.974903483697
2018-04-13 18:00:00,4663.082335857623
2018-04-13 19:00:00,4649.325954312175
2018-04-13 20:00:00,4697.297215500431
2018-04-13 21:00:00,4800.898929159054
2018-04-13 22:00:00,4649.570652130438
2018-04-13 23:00:00,4502.624683519336
2018-04-14 00:00:00,4416.812003900358
2018-04-14 01:00:00,4451.209347068232
2018-04-14 02:00:00,4546.030672022658
2018-04-14 03:00:00,4577.285474427694
2018-04-14 04:00:00,4596.311728365564
2018-04-14 05:00:00,4607.702804022087
2018-04-14 06:00:00,4670.92608931919
2018-04-14 07:00:00,4680.625881962097
2018-04-14 08:00:00,4683.068691499639
2018-04-14 09:00:00,4700.501585474713
2018-04-14 10:00:00,4684.665378772385
2018-04-14 11:00:00,4653.356078915708
2018-04-14 12:00:00,4635.363602754836
2018-04-14 13:00:00,4633.077743142139
2018-04-14 14:00:00,4630.575306247079
2018-04-14 15:00:00,4621.517659785811
2018-04-14 16:00:00,4634.866936520607
2018-04-14 17:00:00,4663.918893395403
2018-04-14 18:00:00,4669.680452359587
2018-04-14 19:00:00,4656.134033807968
2018-04-14 20:00:00,4704.105294996224
2018-04-14 21:00:00,4807.707008654847
2018-04-14 22:00:00,4650.546781756358
2018-04-14 23:00:00,4508.9387999560295
2018-04-15 00:00:00,4431.904718802161
2018-04-15 01:00:00,4458.692904417684
2018-04-15 02:00:00,4552.2523134056555
2018-04-15 03:00:00,4583.507115810691
2018-04-15 04:00:00,4606.401651114489
2018-04-15 05:00:00,4614.152299702232
2018-04-15 06:00:00,4679.2094009921
2018-04-15 07:00:00,4688.493838913894
2018-04-15 08:00:00,4688.229573214592
2018-04-15 09:00:00,4707.0693792453585
2018-04-15 10:00:00,4675.173958709447
2018-04-15 11:00:00,4640.50095483734
2018-04-15 12:00:00,4643.697915067834
2018-04-15 13:00:00,4646.1522892443045
2018-04-15 14:00:00,4637.458460535765
2018-04-15 15:00:00,4628.398805668077
2018-04-15 16:00:00,4642.463302677105
2018-04-15 17:00:00,4678.327697309014
2018-04-15 18:00:00,4693.368164494148
2018-04-15 19:00:00,4677.504219456039
2018-04-15 20:00:00,4730.957638772547
2018-04-15 21:00:00,4835.490005164895
2018-04-15 22:00:00,4657.552613350043
2018-04-15 23:00:00,4510.022765469936
2018-04-16 00:00:00,4470.540995166168
2018-04-16 01:00:00,4522.684673532979
2018-04-16 02:00:00,4634.966979336099
2018-04-16 03:00:00,4670.620113624543
2018-04-16 04:00:00,4687.602419819527
2018-04-16 05:00:00,4728.13220139871
2018-04-16 06:00:00,4870.796972408574
2018-04-16 07:00:00,4981.624336308999
2018-04-16 08:00:00,4796.267342836261
2018-04-16 09:00:00,4685.511337800543
2018-04-16 10:00:00,4687.059836891389
2018-04-16 11:00:00,4688.301712278802
2018-04-16 12:00:00,4674.077204823705
2018-04-16 13:00:00,4671.123957397391
2018-04-16 14:00:00,4661.860858750766
2018-04-16 15:00:00,4640.00118373865
2018-04-16 16:00:00,4646.687427195392
2018-04-16 17:00:00,4666.91214336325
2018-04-16 18:00:00,4674.923734030188
2018-04-16 19:00:00,4663.506248093444
2018-04-16 20:00:00,4717.511006446613
2018-04-16 21:00:00,4821.117247054206
2018-04-16 22:00:00,4641.196398286634
2018-04-16 23:00:00,4458.9256081063695
2018-04-17 00:00:00,4420.07911926573
2018-04-17 01:00:00,4472.604955757095
2018-04-17 02:00:00,4584.370344219866
2018-04-17 03:00:00,4617.373299826676
2018-04-17 04:00:00,4635.768141001018
2018-04-17 05:00:00,4667.046808515335
2018-04-17 06:00:00,4808.65099609672
2018-04-17 07:00:00,4916.898732138821
2018-04-17 08:00:00,4733.605830971597
2018-04-17 09:00:00,4661.634914364367
2018-04-17 10:00:00,4665.620088928676
2018-04-17 11:00:00,4680.895726796716
2018-04-17 12:00:00,4667.098630139342
2018-04-17 13:00:00,4662.355930817702
2018-04-17 14:00:00,4656.410736555985
2018-04-17 15:00:00,4634.730420812405
2018-04-17 16:00:00,4640.513734132637
2018-04-17 17:00:00,4663.026252173029
2018-04-17 18:00:00,4673.863533772158
2018-04-17 19:00:00,4662.217691676187
2018-04-17 20:00:00,4715.799981845336
2018-04-17 21:00:00,4820.313947997583
2018-04-17 22:00:00,4656.776096313315
2018-04-17 23:00:00,4474.505306133051
2018-04-18 00:00:00,4427.859406478325
2018-04-18 01:00:00,4480.197122425282
2018-04-18 02:00:00,4585.526840987455
2018-04-18 03:00:00,4616.66808392264
2018-04-18 04:00:00,4635.062925096982
2018-04-18 05:00:00,4662.1404448256
2018-04-18 06:00:00,4803.798199878972
2018-04-18 07:00:00,4912.045935921073
2018-04-18 08:00:00,4727.980937585936
2018-04-18 09:00:00,4656.339926965915
2018-04-18 10:00:00,4660.325101530223
2018-04-18 11:00:00,4674.264169908169
2018-04-18 12:00:00,4660.467073250796
2018-04-18 13:00:00,4655.724373929154
2018-04-18 14:00:00,4649.779179667437
2018-04-18 15:00:00,4628.098863923858
2018-04-18 16:00:00,4633.882177244091
2018-04-18 17:00:00,4656.299199515031
2018-04-18 18:00:00,4668.655746245149
2018-04-18 19:00:00,4657.0099041491785
2018-04-18 20:00:00,4711.506905917207
2018-04-18 21:00:00,4816.020872069455
2018-04-18 22:00:00,4652.483020385187
2018-04-18 23:00:00,4474.584353556044
2018-04-19 00:00:00,4422.5349497711195
2018-04-19 01:00:00,4474.7031050852975
2018-04-19 02:00:00,4580.0328236474725
2018-04-19 03:00:00,4611.1740665826555
2018-04-19 04:00:00,4629.568907756998
2018-04-19 05:00:00,4656.646427485615
2018-04-19 06:00:00,4798.304182538986
2018-04-19 07:00:00,4906.551918581088
2018-04-19 08:00:00,4722.486920245951
2018-04-19 09:00:00,4651.42498620249
2018-04-19 10:00:00,4655.410160766798
2018-04-19 11:00:00,4669.349229144744
2018-04-19 12:00:00,4655.552132487371
2018-04-19 13:00:00,4650.809433165729
2018-04-19 14:00:00,4644.864238904012
2018-04-19 15:00:00,4623.163208475652
2018-04-19 16:00:00,4628.946521795885
2018-04-19 17:00:00,4651.363544066826
2018-04-19 18:00:00,4663.720090796944
2018-04-19 19:00:00,4652.154663337416
2018-04-19 20:00:00,4706.669792416032
2018-04-19 21:00:00,4811.183758568279
2018-04-19 22:00:00,4648.729172720797
2018-04-19 23:00:00,4473.439560962286
2018-04-20 00:00:00,4420.73912170457
2018-04-20 01:00:00,4466.745303074824
2018-04-20 02:00:00,4568.751562329975
2018-04-20 03:00:00,4599.89280526516
2018-04-20 04:00:00,4618.733308347656
2018-04-20 05:00:00,4646.102839208955
2018-04-20 06:00:00,4786.493658688904
2018-04-20 07:00:00,4890.205127689005
2018-04-20 08:00:00,4711.580465106939
2018-04-20 09:00:00,4648.990665661414
2018-04-20 10:00:00,4652.3558769313
2018-04-20 11:00:00,4676.710628385023
2018-04-20 12:00:00,4661.242301822489
2018-04-20 13:00:00,4656.59986790874
2018-04-20 14:00:00,4652.322425276472
2018-04-20 15:00:00,4630.621394848111
2018-04-20 16:00:00,4634.281823197204
2018-04-20 17:00:00,4656.885600600882
2018-04-20 18:00:00,4663.509264713878
2018-04-20 19:00:00,4649.121897578188
2018-04-20 20:00:00,4697.093158766444
2018-04-20 21:00:00,4800.694872425067
2018-04-20 22:00:00,4654.427401398492
2018-04-20 23:00:00,4507.0904835218535
2018-04-21 00:00:00,4418.23281915178
2018-04-21 01:00:00,4452.768674589652
2018-04-21 02:00:00,4547.589999544078
2018-04-21 03:00:00,4578.8448019491125
2018-04-21 04:00:00,4597.8710558869825
2018-04-21 05:00:00,4609.262131543505
2018-04-21 06:00:00,4672.485416840609
2018-04-21 07:00:00,4682.185209483516
2018-04-21 08:00:00,4684.628019021057
2018-04-21 09:00:00,4702.060912996131
2018-04-21 10:00:00,4686.224706293804
2018-04-21 11:00:00,4654.915406437127
2018-04-21 12:00:00,4636.922930276256
2018-04-21 13:00:00,4634.637070663559
2018-04-21 14:00:00,4632.134633768498
2018-04-21 15:00:00,4623.0769873072295
2018-04-21 16:00:00,4635.895765293401
2018-04-21 17:00:00,4664.947722168197
2018-04-21 18:00:00,4670.709281132382
2018-04-21 19:00:00,4656.531876990521
2018-04-21 20:00:00,4704.503138178777
2018-04-21 21:00:00,4808.1048518374
2018-04-21 22:00:00,4656.005430940952
2018-04-21 23:00:00,4514.006499875088
2018-04-22 00:00:00,4433.325534053583
2018-04-22 01:00:00,4460.252231939103
2018-04-22 02:00:00,4553.811640927075
2018-04-22 03:00:00,4585.066443332111
2018-04-22 04:00:00,4607.960978635908
2018-04-22 05:00:00,4615.711627223651
2018-04-22 06:00:00,4680.768728513519
2018-04-22 07:00:00,4690.053166435313
2018-04-22 08:00:00,4689.788900736011
2018-04-22 09:00:00,4708.628706766777
2018-04-22 10:00:00,4676.733286230866
2018-04-22 11:00:00,4642.06028235876
2018-04-22 12:00:00,4645.257242589253
2018-04-22 13:00:00,4647.711616765723
2018-04-22 14:00:00,4639.017788057184
2018-04-22 15:00:00,4629.958133189496
2018-04-22 16:00:00,4643.492131449901
2018-04-22 17:00:00,4679.356526081809
2018-04-22 18:00:00,4694.396993266942
2018-04-22 19:00:00,4677.902062638592
2018-04-22 20:00:00,4731.3554819551
2018-04-22 21:00:00,4835.887848347447
2018-04-22 22:00:00,4663.011262534636
2018-04-22 23:00:00,4515.090465388994
2018-04-23 00:00:00,4473.439978669359
2018-04-23 01:00:00,4525.501536146838
2018-04-23 02:00:00,4637.783841949957
2018-04-23 03:00:00,4673.4369762384
2018-04-23 04:00:00,4690.419282433386
2018-04-23 05:00:00,4730.949064012569
2018-04-23 06:00:00,4873.613835022433
2018-04-23 07:00:00,4984.441198922857
2018-04-23 08:00:00,4799.08420545012
2018-04-23 09:00:00,4688.3282004144
2018-04-23 10:00:00,4689.8766995052465
2018-04-23 11:00:00,4691.118574892661
2018-04-23 12:00:00,4676.894067437563
2018-04-23 13:00:00,4673.940820011248
2018-04-23 14:00:00,4664.677721364625
2018-04-23 15:00:00,4642.818046352509
2018-04-23 16:00:00,4648.973791060626
2018-04-23 17:00:00,4669.198507228484
2018-04-23 18:00:00,4677.210097895422
2018-04-23 19:00:00,4665.1616263684355
2018-04-23 20:00:00,4719.166384721604
2018-04-23 21:00:00,4822.772625329198
2018-04-23 22:00:00,4646.20952952851
2018-04-23 23:00:00,4463.938739348246
2018-04-24 00:00:00,4420.6345350506635
2018-04-24 01:00:00,4473.078250652696
2018-04-24 02:00:00,4584.843639115466
2018-04-24 03:00:00,4617.846594722277
2018-04-24 04:00:00,4636.241435896619
2018-04-24 05:00:00,4667.520103410936
2018-04-24 06:00:00,4809.12429099232
2018-04-24 07:00:00,4917.372027034422
2018-04-24 08:00:00,4734.079125867198
2018-04-24 09:00:00,4662.108209259968
2018-04-24 10:00:00,4666.093383824276
2018-04-24 11:00:00,4681.369021692317
2018-04-24 12:00:00,4667.571925034943
2018-04-24 13:00:00,4662.829225713303
2018-04-24 14:00:00,4656.8840314515855
2018-04-24 15:00:00,4635.203715708006
2018-04-24 16:00:00,4640.987029028238
2018-04-24 17:00:00,4663.49954706863
2018-04-24 18:00:00,4674.336828667759
2018-04-24 19:00:00,4662.690986571788
2018-04-24 20:00:00,4716.273276740936
2018-04-24 21:00:00,4820.787242893184
2018-04-24 22:00:00,4657.249391208916
2018-04-24 23:00:00,4474.978601028652
2018-04-25 00:00:00,4427.828283214952
2018-04-25 01:00:00,4480.083878272576
2018-04-25 02:00:00,4585.413596834749
2018-04-25 03:00:00,4616.554839769935
2018-04-25 04:00:00,4634.949680944277
2018-04-25 05:00:00,4662.027200672895
2018-04-25 06:00:00,4803.684955726266
2018-04-25 07:00:00,4911.9326917683675
2018-04-25 08:00:00,4727.867693433231
2018-04-25 09:00:00,4656.226682813209
2018-04-25 10:00:00,4660.211857377517
2018-04-25 11:00:00,4674.1509257554635
2018-04-25 12:00:00,4660.35382909809
2018-04-25 13:00:00,4655.611129776449
2018-04-25 14:00:00,4649.665935514732
2018-04-25 15:00:00,4627.985619771152
2018-04-25 16:00:00,4633.7689330913845
2018-04-25 17:00:00,4656.185955362326
2018-04-25 18:00:00,4667.569336252426
2018-04-25 19:00:00,4655.9234941564555
2018-04-25 20:00:00,4710.420495924485
2018-04-25 21:00:00,4814.934462076732
2018-04-25 22:00:00,4660.415027066819
2018-04-25 23:00:00,4474.110851135791
2018-04-26 00:00:00,4422.486491792271
2018-04-26 01:00:00,4474.572526217116
2018-04-26 02:00:00,4579.902244779292
2018-04-26 03:00:00,4611.043487714475
2018-04-26 04:00:00,4629.4383288888175
2018-04-26 05:00:00,4656.515848617435
2018-04-26 06:00:00,4798.173603670806
2018-04-26 07:00:00,4906.421339712908
2018-04-26 08:00:00,4722.356341377771
2018-04-26 09:00:00,4651.29440733431
2018-04-26 10:00:00,4655.279581898618
2018-04-26 11:00:00,4669.2186502765635
2018-04-26 12:00:00,4655.4215536191905
2018-04-26 13:00:00,4650.678854297549
2018-04-26 14:00:00,4644.733660035832
2018-04-26 15:00:00,4623.032629607472
2018-04-26 16:00:00,4628.815942927705
2018-04-26 17:00:00,4651.232965198646
2018-04-26 18:00:00,4662.616346088746
2018-04-26 19:00:00,4651.050918629219
2018-04-26 20:00:00,4705.566047707834
2018-04-26 21:00:00,4810.080013860081
2018-04-26 22:00:00,4656.643844686954
2018-04-26 23:00:00,4472.948723826557
2018-04-27 00:00:00,4421.635095651758
2018-04-27 01:00:00,4467.560943575666
2018-04-27 02:00:00,4569.567202830818
2018-04-27 03:00:00,4600.708445766003
2018-04-27 04:00:00,4619.548948848499
2018-04-27 05:00:00,4646.918479709798
2018-04-27 06:00:00,4787.309299189747
2018-04-27 07:00:00,4891.020768189847
2018-04-27 08:00:00,4712.396105607782
2018-04-27 09:00:00,4649.806306162257
2018-04-27 10:00:00,4653.171517432143
2018-04-27 11:00:00,4677.526268885866
2018-04-27 12:00:00,4662.057942323331
2018-04-27 13:00:00,4657.415508409582
2018-04-27 14:00:00,4653.138065777314
2018-04-27 15:00:00,4631.437035348954
2018-04-27 16:00:00,4635.097463698046
2018-04-27 17:00:00,4657.701241101725
2018-04-27 18:00:00,4663.3321611172405
2018-04-27 19:00:00,4648.94479398155
2018-04-27 20:00:00,4694.564802804751
2018-04-27 21:00:00,4798.166516463375
2018-04-27 22:00:00,4665.062272630248
2018-04-27 23:00:00,4503.104430856063
2018-04-28 00:00:00,4419.045066995929
2018-04-28 01:00:00,4453.500588987456
2018-04-28 02:00:00,4548.321913941881
2018-04-28 03:00:00,4579.576716346916
2018-04-28 04:00:00,4598.602970284786
2018-04-28 05:00:00,4609.994045941308
2018-04-28 06:00:00,4673.217331238413
2018-04-28 07:00:00,4682.91712388132
2018-04-28 08:00:00,4685.359933418861
2018-04-28 09:00:00,4702.792827393935
2018-04-28 10:00:00,4686.956620691608
2018-04-28 11:00:00,4655.647320834931
2018-04-28 12:00:00,4637.65484467406
2018-04-28 13:00:00,4635.368985061363
2018-04-28 14:00:00,4632.866548166302
2018-04-28 15:00:00,4623.808901705033
2018-04-28 16:00:00,4636.627679691205
2018-04-28 17:00:00,4665.679636566001
2018-04-28 18:00:00,4670.448451432706
2018-04-28 19:00:00,4656.271047290844
2018-04-28 20:00:00,4701.891056114046
2018-04-28 21:00:00,4805.49276977267
2018-04-28 22:00:00,4666.556576069668
2018-04-28 23:00:00,4509.936721106258
2018-04-29 00:00:00,4432.777175541778
2018-04-29 01:00:00,4459.623539980952
2018-04-29 02:00:00,4553.1829489689235
2018-04-29 03:00:00,4584.43775137396
2018-04-29 04:00:00,4607.332286677757
2018-04-29 05:00:00,4615.0829352655
2018-04-29 06:00:00,4680.140036555368
2018-04-29 07:00:00,4689.424474477162
2018-04-29 08:00:00,4689.16020877786
2018-04-29 09:00:00,4708.000014808626
2018-04-29 10:00:00,4676.104594272715
2018-04-29 11:00:00,4641.431590400608
2018-04-29 12:00:00,4644.6285506311015
2018-04-29 13:00:00,4647.082924807572
2018-04-29 14:00:00,4638.389096099033
2018-04-29 15:00:00,4629.329441231345
2018-04-29 16:00:00,4642.863439491749
2018-04-29 17:00:00,4678.727834123658
2018-04-29 18:00:00,4691.358376319278
2018-04-29 19:00:00,4674.863445690928
2018-04-29 20:00:00,4725.965612642381
2018-04-29 21:00:00,4830.497979034729
2018-04-29 22:00:00,4679.161962772912
2018-04-29 23:00:00,4509.79482156161
2018-04-30 00:00:00,4473.388712638955
2018-04-30 01:00:00,4524.993070748615
2018-04-30 02:00:00,4637.275376551734
2018-04-30 03:00:00,4672.928510840177
2018-04-30 04:00:00,4689.910817035162
2018-04-30 05:00:00,4730.440598614346
2018-04-30 06:00:00,4873.105369624209
2018-04-30 07:00:00,4983.932733524634
2018-04-30 08:00:00,4798.575740051896
2018-04-30 09:00:00,4687.819735016177
2018-04-30 10:00:00,4689.368234107023
2018-04-30 11:00:00,4690.610109494437
2018-04-30 12:00:00,4676.38560203934
2018-04-30 13:00:00,4673.432354613025
2018-04-30 14:00:00,4664.169255966401
2018-04-30 15:00:00,4642.309580954285
2018-04-30 16:00:00,4648.465325662403
2018-04-30 17:00:00,4668.69004183026
2018-04-30 18:00:00,4675.728466657181
2018-04-30 19:00:00,4663.679995130195
2018-04-30 20:00:00,4715.333501118309
2018-04-30 21:00:00,4818.939741725902
2018-04-30 22:00:00,4657.5227028142035
2018-04-30 23:00:00,4461.473447379209
2018-05-01 00:00:00,4415.591978163569
2018-05-01 01:00:00,4467.578494397782
2018-05-01 02:00:00,4579.343882860555
2018-05-01 03:00:00,4612.346838467363
2018-05-01 04:00:00,4630.741679641706
2018-05-01 05:00:00,4662.020347156022
2018-05-01 06:00:00,4803.624534737407
2018-05-01 07:00:00,4900.874795203304
2018-05-01 08:00:00,4730.616430282541
2018-05-01 09:00:00,4674.309585490406
2018-05-01 10:00:00,4678.294760054714
2018-05-01 11:00:00,4689.460358388539
2018-05-01 12:00:00,4675.663261731166
2018-05-01 13:00:00,4670.920562409525
2018-05-01 14:00:00,4664.975368147808
2018-05-01 15:00:00,4643.295052404228
2018-05-01 16:00:00,4649.078365724461
2018-05-01 17:00:00,4664.484306698631
2018-05-01 18:00:00,4670.096951479976
2018-05-01 19:00:00,4658.451109384006
2018-05-01 20:00:00,4709.682147188099
2018-05-01 21:00:00,4809.562275832173
2018-05-01 22:00:00,4688.652905196338
2018-05-01 23:00:00,4475.596310042649
2018-05-02 00:00:00,4423.653930041334
2018-05-02 01:00:00,4475.452325731139
2018-05-02 02:00:00,4580.62755234103
2018-05-02 03:00:00,4611.768795276214
2018-05-02 04:00:00,4630.163636450556
2018-05-02 05:00:00,4657.241156179174
2018-05-02 06:00:00,4798.898911232545
2018-05-02 07:00:00,4896.149171698442
2018-05-02 08:00:00,4725.1187096097665
2018-05-02 09:00:00,4669.141770804839
2018-05-02 10:00:00,4673.1269453691475
2018-05-02 11:00:00,4682.955974212879
2018-05-02 12:00:00,4669.158877555506
2018-05-02 13:00:00,4664.416178233864
2018-05-02 14:00:00,4658.470983972147
2018-05-02 15:00:00,4636.7906682285675
2018-05-02 16:00:00,4642.5739815488
2018-05-02 17:00:00,4658.788730374446
2018-05-02 18:00:00,4665.9206402867785
2018-05-02 19:00:00,4652.433761556232
2018-05-02 20:00:00,4704.579510959206
2018-05-02 21:00:00,4804.459639603281
2018-05-02 22:00:00,4683.202843307582
2018-05-02 23:00:00,4474.518371505015
2018-05-03 00:00:00,4419.760986476424
2018-05-03 01:00:00,4470.371292186488
2018-05-03 02:00:00,4575.54651879638
2018-05-03 03:00:00,4606.687761731562
2018-05-03 04:00:00,4625.082602905904
2018-05-03 05:00:00,4652.160122634522
2018-05-03 06:00:00,4793.817877687893
2018-05-03 07:00:00,4891.06813815379
2018-05-03 08:00:00,4720.037676065114
2018-05-03 09:00:00,4664.639813836748
2018-05-03 10:00:00,4668.624988401056
2018-05-03 11:00:00,4678.454017244787
2018-05-03 12:00:00,4664.656920587413
2018-05-03 13:00:00,4659.9142212657725
2018-05-03 14:00:00,4653.9690270040555
2018-05-03 15:00:00,4632.267996575695
2018-05-03 16:00:00,4638.051309895927
2018-05-03 17:00:00,4654.266058721573
2018-05-03 18:00:00,4661.397968633906
2018-05-03 19:00:00,4647.991504539803
2018-05-03 20:00:00,4700.155381253363
2018-05-03 21:00:00,4800.035509897438
2018-05-03 22:00:00,4679.861979438525
2018-05-03 23:00:00,4473.786562706589
2018-05-04 00:00:00,4418.827000623156
2018-05-04 01:00:00,4463.277119832283
2018-05-04 02:00:00,4565.128887135151
2018-05-04 03:00:00,4596.270130070335
2018-05-04 04:00:00,4615.110633152831
2018-05-04 05:00:00,4642.4801640141295
2018-05-04 06:00:00,4782.87098349408
2018-05-04 07:00:00,4875.280506412084
2018-05-04 08:00:00,4709.690380076479
2018-05-04 09:00:00,4662.764652446049
2018-05-04 10:00:00,4666.129863715935
2018-05-04 11:00:00,4686.374575635442
2018-05-04 12:00:00,4670.906249072908
2018-05-04 13:00:00,4666.263815159159
2018-05-04 14:00:00,4661.9863725268915
2018-05-04 15:00:00,4640.285342098531
2018-05-04 16:00:00,4643.9457704476235
2018-05-04 17:00:00,4660.347274406006
2018-05-04 18:00:00,4661.726723443755
2018-05-04 19:00:00,4645.4983196734875
2018-05-04 20:00:00,4691.118328496689
2018-05-04 21:00:00,4790.08620464714
2018-05-04 22:00:00,4689.845526399881
2018-05-04 23:00:00,4504.600020728637
2018-05-05 00:00:00,4416.145296416964
2018-05-05 01:00:00,4449.12508969371
2018-05-05 02:00:00,4543.791922695851
2018-05-05 03:00:00,4575.046725100887
2018-05-05 04:00:00,4593.3570050357075
2018-05-05 05:00:00,4604.631428006583
2018-05-05 06:00:00,4667.854713303687
2018-05-05 07:00:00,4675.971354203483
2018-05-05 08:00:00,4683.279934460554
2018-05-05 09:00:00,4710.10818636982
2018-05-05 10:00:00,4694.271979667492
2018-05-05 11:00:00,4664.960978624136
2018-05-05 12:00:00,4646.968502463265
2018-05-05 13:00:00,4644.682642850568
2018-05-05 14:00:00,4642.1802059555075
2018-05-05 15:00:00,4633.122559494239
2018-05-05 16:00:00,4645.941337480412
2018-05-05 17:00:00,4668.791020909912
2018-05-05 18:00:00,4669.30836479885
2018-05-05 19:00:00,4653.416866267217
2018-05-05 20:00:00,4691.816327432196
2018-05-05 21:00:00,4792.940451207009
2018-05-05 22:00:00,4701.960031814104
2018-05-05 23:00:00,4511.64619642427
2018-05-06 00:00:00,4429.030439375653
2018-05-06 01:00:00,4454.401075100047
2018-05-06 02:00:00,4547.805992135734
2018-05-06 03:00:00,4579.060794540769
2018-05-06 04:00:00,4601.239355841519
2018-05-06 05:00:00,4608.873351743616
2018-05-06 06:00:00,4673.930453033483
2018-05-06 07:00:00,4681.631739212166
2018-05-06 08:00:00,4690.8038428057425
2018-05-06 09:00:00,4714.884721269948
2018-05-06 10:00:00,4682.989300734037
2018-05-06 11:00:00,4650.314595675252
2018-05-06 12:00:00,4653.511555905746
2018-05-06 13:00:00,4655.965930082217
2018-05-06 14:00:00,4647.272101373676
2018-05-06 15:00:00,4638.212446505989
2018-05-06 16:00:00,4651.746444766393
2018-05-06 17:00:00,4681.4085659530065
2018-05-06 18:00:00,4689.787637170859
2018-05-06 19:00:00,4671.578612152738
2018-05-06 20:00:00,4715.460231445969
2018-05-06 21:00:00,4817.515007954505
2018-05-06 22:00:00,4716.094190156415
2018-05-06 23:00:00,4511.27731051251
2018-05-07 00:00:00,4469.369014750716
2018-05-07 01:00:00,4519.954843513413
2018-05-07 02:00:00,4632.082657364249
2018-05-07 03:00:00,4667.735791652693
2018-05-07 04:00:00,4684.002123844629
2018-05-07 05:00:00,4724.415252738166
2018-05-07 06:00:00,4867.08002374803
2018-05-07 07:00:00,4966.7176851736185
2018-05-07 08:00:00,4798.965826520691
2018-05-07 09:00:00,4701.218765970034
2018-05-07 10:00:00,4702.76726506088
2018-05-07 11:00:00,4699.899100914079
2018-05-07 12:00:00,4685.674593458981
2018-05-07 13:00:00,4682.721346032667
2018-05-07 14:00:00,4673.458247386043
2018-05-07 15:00:00,4651.598572373927
2018-05-07 16:00:00,4657.7543170820445
2018-05-07 17:00:00,4672.825783920441
2018-05-07 18:00:00,4675.612737769595
2018-05-07 19:00:00,4661.850171852837
2018-05-07 20:00:00,4706.283130182729
2018-05-07 21:00:00,4807.411780906511
2018-05-07 22:00:00,4691.99987275604
2018-05-07 23:00:00,4463.39703868087
2018-05-08 00:00:00,4417.933177195185
2018-05-08 01:00:00,4468.901164082437
2018-05-08 02:00:00,4580.512060592925
2018-05-08 03:00:00,4613.5150161997335
2018-05-08 04:00:00,4631.1938833710265
2018-05-08 05:00:00,4662.355898199698
2018-05-08 06:00:00,4803.960085781083
2018-05-08 07:00:00,4901.968841428307
2018-05-08 08:00:00,4738.86343104497
2018-05-08 09:00:00,4674.0867134647215
2018-05-08 10:00:00,4678.07188802903
2018-05-08 11:00:00,4689.237486362855
2018-05-08 12:00:00,4675.440389705482
2018-05-08 13:00:00,4670.69769038384
2018-05-08 14:00:00,4664.752496122123
2018-05-08 15:00:00,4643.072180378544
2018-05-08 16:00:00,4648.855493698777
2018-05-08 17:00:00,4665.165738293873
2018-05-08 18:00:00,4670.778383075217
2018-05-08 19:00:00,4657.418446589476
2018-05-08 20:00:00,4701.428936735347
2018-05-08 21:00:00,4803.465313003783
2018-05-08 22:00:00,4700.1234888435465
2018-05-08 23:00:00,4471.520654768376
2018-05-09 00:00:00,4421.847527016594
2018-05-09 01:00:00,4472.6273933594375
2018-05-09 02:00:00,4577.802619969329
2018-05-09 03:00:00,4608.943862904513
2018-05-09 04:00:00,4626.6227300758055
2018-05-09 05:00:00,4653.583597118777
2018-05-09 06:00:00,4795.241352172148
2018-05-09 07:00:00,4888.770349180541
2018-05-09 08:00:00,4731.866199426346
2018-05-09 09:00:00,4674.996115199638
2018-05-09 10:00:00,4678.981289763946
2018-05-09 11:00:00,4688.810318607677
2018-05-09 12:00:00,4675.013221950304
2018-05-09 13:00:00,4670.270522628663
2018-05-09 14:00:00,4664.3253283669455
2018-05-09 15:00:00,4642.645012623366
2018-05-09 16:00:00,4648.428325943599
2018-05-09 17:00:00,4664.643074769245
2018-05-09 18:00:00,4659.470207339282
2018-05-09 19:00:00,4646.110270853541
2018-05-09 20:00:00,4691.035472598293
2018-05-09 21:00:00,4793.071848866729
2018-05-09 22:00:00,4701.8536176708485
2018-05-09 23:00:00,4477.622906946799
2018-05-10 00:00:00,4416.505735593914
2018-05-10 01:00:00,4467.116041303978
2018-05-10 02:00:00,4572.291267913869
2018-05-10 03:00:00,4603.432510849052
2018-05-10 04:00:00,4621.111378020346
2018-05-10 05:00:00,4648.0722450633175
2018-05-10 06:00:00,4789.730000116689
2018-05-10 07:00:00,4883.258997125082
2018-05-10 08:00:00,4726.354847370885
2018-05-10 09:00:00,4670.0638397207385
2018-05-10 10:00:00,4674.049014285047
2018-05-10 11:00:00,4683.878043128778
2018-05-10 12:00:00,4670.080946471404
2018-05-10 13:00:00,4665.338247149763
2018-05-10 14:00:00,4659.393052888046
2018-05-10 15:00:00,4637.692022459686
2018-05-10 16:00:00,4643.475335779918
2018-05-10 17:00:00,4659.690084605564
2018-05-10 18:00:00,4654.517217175602
2018-05-10 19:00:00,4641.237695326305
2018-05-10 20:00:00,4686.181024381642
2018-05-10 21:00:00,4788.217400650078
2018-05-10 22:00:00,4698.082435290983
2018-05-10 23:00:00,4476.460779637566
2018-05-11 00:00:00,4415.325927167978
2018-05-11 01:00:00,4459.776046377105
2018-05-11 02:00:00,4561.627813679973
2018-05-11 03:00:00,4592.769056615157
2018-05-11 04:00:00,4610.8935856946055
2018-05-11 05:00:00,4638.146463870257
2018-05-11 06:00:00,4778.537283350207
2018-05-11 07:00:00,4867.530013316599
2018-05-11 08:00:00,4716.066199315474
2018-05-11 09:00:00,4668.247326263263
2018-05-11 10:00:00,4671.612537533149
2018-05-11 11:00:00,4691.857249452656
2018-05-11 12:00:00,4676.388922890123
2018-05-11 13:00:00,4671.746488976373
2018-05-11 14:00:00,4667.469046344106
2018-05-11 15:00:00,4645.768015915744
2018-05-11 16:00:00,4649.428444264838
2018-05-11 17:00:00,4665.8299482232205
2018-05-11 18:00:00,4654.904619918673
2018-05-11 19:00:00,4638.803158393212
2018-05-11 20:00:00,4677.202619558191
2018-05-11 21:00:00,4778.326743333004
2018-05-11 22:00:00,4705.301866774329
2018-05-11 23:00:00,4509.650044573719
2018-05-12 00:00:00,4411.883174098344
2018-05-12 01:00:00,4444.86296737509
2018-05-12 02:00:00,4539.529800377231
2018-05-12 03:00:00,4570.784602782263
2018-05-12 04:00:00,4589.094882717089
2018-05-12 05:00:00,4600.369305687964
2018-05-12 06:00:00,4663.592590985068
2018-05-12 07:00:00,4672.111219863301
2018-05-12 08:00:00,4690.175407898642
2018-05-12 09:00:00,4715.715408700056
2018-05-12 10:00:00,4699.879201997728
2018-05-12 11:00:00,4670.568200954373
2018-05-12 12:00:00,4652.575724793502
2018-05-12 13:00:00,4650.289865180805
2018-05-12 14:00:00,4647.787428285745
2018-05-12 15:00:00,4638.729781824476
2018-05-12 16:00:00,4651.548559810648
2018-05-12 17:00:00,4674.398243240148
2018-05-12 18:00:00,4662.610809786791
2018-05-12 19:00:00,4646.719311255158
2018-05-12 20:00:00,4685.118772420137
2018-05-12 21:00:00,4786.24289619495
2018-05-12 22:00:00,4707.3860697664
2018-05-12 23:00:00,4517.0722343765665
2018-05-13 00:00:00,4424.704185833938
2018-05-13 01:00:00,4450.074821558332
2018-05-13 02:00:00,4543.47973859402
2018-05-13 03:00:00,4574.734540999056
2018-05-13 04:00:00,4596.9131022998035
2018-05-13 05:00:00,4604.5470982019
2018-05-13 06:00:00,4669.604199491769
2018-05-13 07:00:00,4677.7074736488885
2018-05-13 08:00:00,4694.14098837654
2018-05-13 09:00:00,4721.087901233645
2018-05-13 10:00:00,4689.192480697734
2018-05-13 11:00:00,4656.517775638949
2018-05-13 12:00:00,4659.714735869444
2018-05-13 13:00:00,4662.169110045914
2018-05-13 14:00:00,4653.475281337374
2018-05-13 15:00:00,4644.415626469687
2018-05-13 16:00:00,4657.94962473009
2018-05-13 17:00:00,4687.6117459167035
2018-05-13 18:00:00,4683.686039792262
2018-05-13 19:00:00,4667.596591855617
2018-05-13 20:00:00,4703.441939702312
2018-05-13 21:00:00,4805.496716210849
2018-05-13 22:00:00,4729.587910952457
2018-05-13 23:00:00,4516.469176625558
2018-05-14 00:00:00,4462.951326802192
2018-05-14 01:00:00,4513.53715556489
2018-05-14 02:00:00,4625.664969415726
2018-05-14 03:00:00,4661.3181037041695
2018-05-14 04:00:00,4677.584435896106
2018-05-14 05:00:00,4717.997564789643
2018-05-14 06:00:00,4860.662335799507
2018-05-14 07:00:00,4956.770960666223
2018-05-14 08:00:00,4799.651217703578
2018-05-14 09:00:00,4708.7205962528005
2018-05-14 10:00:00,4710.269095343647
2018-05-14 11:00:00,4707.400931196846
2018-05-14 12:00:00,4693.176423741747
2018-05-14 13:00:00,4690.223176315433
2018-05-14 14:00:00,4680.960077668809
2018-05-14 15:00:00,4659.100402656693
2018-05-14 16:00:00,4665.256147364811
2018-05-14 17:00:00,4680.327614203208
2018-05-14 18:00:00,4669.800718506543
2018-05-14 19:00:00,4658.157729671262
2018-05-14 20:00:00,4694.554416554619
2018-05-14 21:00:00,4795.683067278401
2018-05-14 22:00:00,4708.0664160297665
2018-05-14 23:00:00,4471.161727271603
2018-05-15 00:00:00,4414.815949716656
2018-05-15 01:00:00,4465.783936603908
2018-05-15 02:00:00,4577.3948331143965
2018-05-15 03:00:00,4610.397788721205
2018-05-15 04:00:00,4628.076655892498
2018-05-15 05:00:00,4659.238670721169
2018-05-15 06:00:00,4800.842858302553
2018-05-15 07:00:00,4894.371855310947
2018-05-15 08:00:00,4739.316204653816
2018-05-15 09:00:00,4682.116214439901
2018-05-15 10:00:00,4686.1013890042095
2018-05-15 11:00:00,4697.266987338035
2018-05-15 12:00:00,4683.469890680661
2018-05-15 13:00:00,4678.72719135902
2018-05-15 14:00:00,4672.781997097303
2018-05-15 15:00:00,4651.1016813537235
2018-05-15 16:00:00,4656.884994673956
2018-05-15 17:00:00,4673.195239269053
2018-05-15 18:00:00,4666.503106708101
2018-05-15 19:00:00,4655.2627473038365
2018-05-15 20:00:00,4689.1944595293035
2018-05-15 21:00:00,4791.23083579774
2018-05-15 22:00:00,4716.877911364909
2018-05-15 23:00:00,4479.9732226067445
2018-05-16 00:00:00,4422.59623692925
2018-05-16 01:00:00,4473.376103272094
2018-05-16 02:00:00,4578.551329881985
2018-05-16 03:00:00,4609.692572817169
2018-05-16 04:00:00,4627.371439988463
2018-05-16 05:00:00,4654.3323070314345
2018-05-16 06:00:00,4795.990062084806
2018-05-16 07:00:00,4889.519059093199
2018-05-16 08:00:00,4733.691311268155
2018-05-16 09:00:00,4676.821227041448
2018-05-16 10:00:00,4680.806401605756
2018-05-16 11:00:00,4690.635430449487
2018-05-16 12:00:00,4676.838333792114
2018-05-16 13:00:00,4672.095634470473
2018-05-16 14:00:00,4666.150440208756
2018-05-16 15:00:00,4644.470124465176
2018-05-16 16:00:00,4650.253437785409
2018-05-16 17:00:00,4666.468186611054
2018-05-16 18:00:00,4661.295319181092
2018-05-16 19:00:00,4650.054959776828
2018-05-16 20:00:00,4684.901383601175
2018-05-16 21:00:00,4786.937759869612
2018-05-16 22:00:00,4712.584835436781
2018-05-16 23:00:00,4480.052270029738
2018-05-17 00:00:00,4417.052212535509
2018-05-17 01:00:00,4467.662518245573
2018-05-17 02:00:00,4572.837744855464
2018-05-17 03:00:00,4603.978987790647
2018-05-17 04:00:00,4621.764159041653
2018-05-17 05:00:00,4648.548243155086
2018-05-17 06:00:00,4790.2059982084575
2018-05-17 07:00:00,4883.836011827524
2018-05-17 08:00:00,4728.008264002481
2018-05-17 09:00:00,4671.717256352334
2018-05-17 10:00:00,4675.702430916642
2018-05-17 11:00:00,4685.531459760373
2018-05-17 12:00:00,4671.734363103
2018-05-17 13:00:00,4666.9916637813585
2018-05-17 14:00:00,4661.0464695196415
2018-05-17 15:00:00,4639.345439091281
2018-05-17 16:00:00,4645.128752411514
2018-05-17 17:00:00,4661.343501237159
2018-05-17 18:00:00,4656.170633807197
2018-05-17 19:00:00,4645.010689039376
2018-05-17 20:00:00,4679.8752401743095
2018-05-17 21:00:00,4768.9347804461295
2018-05-17 22:00:00,4713.506593113453
2018-05-17 23:00:00,4484.260306752351
2018-05-18 00:00:00,4415.872404109572
2018-05-18 01:00:00,4460.3225233186995
2018-05-18 02:00:00,4562.174290621568
2018-05-18 03:00:00,4593.315533556751
2018-05-18 04:00:00,4611.546366715912
2018-05-18 05:00:00,4638.622461962027
2018-05-18 06:00:00,4779.013281441976
2018-05-18 07:00:00,4868.1070280190415
2018-05-18 08:00:00,4717.7196159470695
2018-05-18 09:00:00,4669.900742894858
2018-05-18 10:00:00,4673.2659541647445
2018-05-18 11:00:00,4693.510666084252
2018-05-18 12:00:00,4678.042339521718
2018-05-18 13:00:00,4673.399905607968
2018-05-18 14:00:00,4669.122462975701
2018-05-18 15:00:00,4647.42143254734
2018-05-18 16:00:00,4651.081860896433
2018-05-18 17:00:00,4667.483364854816
2018-05-18 18:00:00,4656.558036550268
2018-05-18 19:00:00,4642.576152106284
2018-05-18 20:00:00,4670.896835350859
2018-05-18 21:00:00,4759.044123129055
2018-05-18 22:00:00,4720.726024596799
2018-05-18 23:00:00,4517.449571688505
2018-05-19 00:00:00,4412.290656041894
2018-05-19 01:00:00,4445.270449318639
2018-05-19 02:00:00,4539.937282320781
2018-05-19 03:00:00,4571.1920847258125
2018-05-19 04:00:00,4589.60866874035
2018-05-19 05:00:00,4600.706308781688
2018-05-19 06:00:00,4663.9295940787915
2018-05-19 07:00:00,4672.549239567697
2018-05-19 08:00:00,4691.689829532193
2018-05-19 09:00:00,4717.2298303336065
2018-05-19 10:00:00,4701.393623631278
2018-05-19 11:00:00,4672.082622587924
2018-05-19 12:00:00,4654.090146427053
2018-05-19 13:00:00,4651.804286814356
2018-05-19 14:00:00,4649.301849919295
2018-05-19 15:00:00,4640.244203458026
2018-05-19 16:00:00,4653.062981444198
2018-05-19 17:00:00,4675.912664873698
2018-05-19 18:00:00,4664.125231420341
2018-05-19 19:00:00,4650.353309970185
2018-05-19 20:00:00,4678.67399321476
2018-05-19 21:00:00,4766.821280992956
2018-05-19 22:00:00,4722.671232590826
2018-05-19 23:00:00,4524.732766493307
2018-05-20 00:00:00,4426.176078010304
2018-05-20 01:00:00,4451.546713734698
2018-05-20 02:00:00,4544.951630770385
2018-05-20 03:00:00,4576.206433175421
2018-05-20 04:00:00,4598.491298555881
2018-05-20 05:00:00,4606.050826382552
2018-05-20 06:00:00,4671.107927672421
2018-05-20 07:00:00,4677.6198765693525
2018-05-20 08:00:00,4695.863037128687
2018-05-20 09:00:00,4722.809949985793
2018-05-20 10:00:00,4690.914529449881
2018-05-20 11:00:00,4658.239824391097
2018-05-20 12:00:00,4661.43678462159
2018-05-20 13:00:00,4663.891158798061
2018-05-20 14:00:00,4655.1973300895215
2018-05-20 15:00:00,4646.137675221834
2018-05-20 16:00:00,4659.671673482238
2018-05-20 17:00:00,4689.333794668851
2018-05-20 18:00:00,4685.408088544409
2018-05-20 19:00:00,4669.318640607764
2018-05-20 20:00:00,4693.3902339012875
2018-05-20 21:00:00,4779.683396337121
2018-05-20 22:00:00,4744.831728969354
2018-05-20 23:00:00,4532.390218617765
2018-05-21 00:00:00,4462.612398620369
2018-05-21 01:00:00,4513.198227383067
2018-05-21 02:00:00,4625.326041233903
2018-05-21 03:00:00,4660.979175522347
2018-05-21 04:00:00,4678.631308278047
2018-05-21 05:00:00,4717.313853779676
2018-05-21 06:00:00,4859.97862478954
2018-05-21 07:00:00,4954.831585707734
2018-05-21 08:00:00,4802.0982009147165
2018-05-21 09:00:00,4711.167579463939
2018-05-21 10:00:00,4712.716078554785
2018-05-21 11:00:00,4709.847914407984
2018-05-21 12:00:00,4695.6234069528855
2018-05-21 13:00:00,4692.670159526571
2018-05-21 14:00:00,4683.4070608799475
2018-05-21 15:00:00,4661.5473858678315
2018-05-21 16:00:00,4667.70313057595
2018-05-21 17:00:00,4682.774597414346
2018-05-21 18:00:00,4672.247701717681
2018-05-21 19:00:00,4660.6047128824
2018-05-21 20:00:00,4679.194025610397
2018-05-21 21:00:00,4764.561062261476
2018-05-21 22:00:00,4729.121600567166
2018-05-21 23:00:00,4486.401089634746
2018-05-22 00:00:00,4412.070619479731
2018-05-22 01:00:00,4463.038606366983
2018-05-22 02:00:00,4574.64950287747
2018-05-22 03:00:00,4607.65245848428
2018-05-22 04:00:00,4625.437629735286
2018-05-22 05:00:00,4656.52517648853
2018-05-22 06:00:00,4798.129364069915
2018-05-22 07:00:00,4890.06703581812
2018-05-22 08:00:00,4739.397743330616
2018-05-22 09:00:00,4682.197753116701
2018-05-22 10:00:00,4686.1829276810095
2018-05-22 11:00:00,4697.3485260148345
2018-05-22 12:00:00,4683.5514293574615
2018-05-22 13:00:00,4678.80873003582
2018-05-22 14:00:00,4672.863535774103
2018-05-22 15:00:00,4651.183220030523
2018-05-22 16:00:00,4656.966533350756
2018-05-22 17:00:00,4673.276777945853
2018-05-22 18:00:00,4666.584645384902
2018-05-22 19:00:00,4655.344285980637
2018-05-22 20:00:00,4673.511130524614
2018-05-22 21:00:00,4759.785892720346
2018-05-22 22:00:00,4734.133270654132
2018-05-22 23:00:00,4491.412759721712
2018-05-23 00:00:00,4419.850906692325
2018-05-23 01:00:00,4470.630773035169
2018-05-23 02:00:00,4575.805999645061
2018-05-23 03:00:00,4606.947242580244
2018-05-23 04:00:00,4624.73241383125
2018-05-23 05:00:00,4651.618812798795
2018-05-23 06:00:00,4793.276567852166
2018-05-23 07:00:00,4885.214239600372
2018-05-23 08:00:00,4733.772849944956
2018-05-23 09:00:00,4676.902765718248
2018-05-23 10:00:00,4680.887940282557
2018-05-23 11:00:00,4690.716969126288
2018-05-23 12:00:00,4676.919872468914
2018-05-23 13:00:00,4672.177173147273
2018-05-23 14:00:00,4666.231978885557
2018-05-23 15:00:00,4644.551663141976
2018-05-23 16:00:00,4650.334976462209
2018-05-23 17:00:00,4666.549725287855
2018-05-23 18:00:00,4661.376857857892
2018-05-23 19:00:00,4650.136498453628
2018-05-23 20:00:00,4669.218054596485
2018-05-23 21:00:00,4755.492816792218
2018-05-23 22:00:00,4729.840194726004
2018-05-23 23:00:00,4491.4918071447055
2018-05-24 00:00:00,4412.955757046424
2018-05-24 01:00:00,4463.5660627564885
2018-05-24 02:00:00,4568.741289366377
2018-05-24 03:00:00,4599.882532301563
2018-05-24 04:00:00,4617.667703552568
2018-05-24 05:00:00,4644.554102520114
2018-05-24 06:00:00,4786.211857573485
2018-05-24 07:00:00,4878.14952932169
2018-05-24 08:00:00,4726.708139666274
2018-05-24 09:00:00,4671.166513091961
2018-05-24 10:00:00,4675.151687656269
2018-05-24 11:00:00,4684.9807165
2018-05-24 12:00:00,4671.183619842627
2018-05-24 13:00:00,4666.440920520986
2018-05-24 14:00:00,4660.495726259269
2018-05-24 15:00:00,4638.7946958309085
2018-05-24 16:00:00,4644.5780091511415
2018-05-24 17:00:00,4660.7927579767875
2018-05-24 18:00:00,4655.6198905468245
2018-05-24 19:00:00,4644.459945779004
2018-05-24 20:00:00,4663.559629232446
2018-05-24 21:00:00,4749.8343914281795
2018-05-24 22:00:00,4725.265035198751
2018-05-24 23:00:00,4489.5257026880845
2018-05-25 00:00:00,4409.830286623425
2018-05-25 01:00:00,4454.280405832553
2018-05-25 02:00:00,4556.13217313542
2018-05-25 03:00:00,4587.273416070604
2018-05-25 04:00:00,4605.504249229765
2018-05-25 05:00:00,4632.682659329991
2018-05-25 06:00:00,4773.07347880994
2018-05-25 07:00:00,4856.856005787178
2018-05-25 08:00:00,4719.191165948474
2018-05-25 09:00:00,4670.151624111964
2018-05-25 10:00:00,4673.516835381852
2018-05-25 11:00:00,4693.7615473013575
2018-05-25 12:00:00,4678.293220738824
2018-05-25 13:00:00,4673.650786825075
2018-05-25 14:00:00,4669.373344192807
2018-05-25 15:00:00,4647.672313764447
2018-05-25 16:00:00,4651.332742113539
2018-05-25 17:00:00,4667.734246071922
2018-05-25 18:00:00,4656.808917767375
2018-05-25 19:00:00,4642.00418985169
2018-05-25 20:00:00,4654.560005414774
2018-05-25 21:00:00,4739.922515116883
2018-05-25 22:00:00,4732.463247687875
2018-05-25 23:00:00,4522.693748630016
2018-05-26 00:00:00,4404.355364478035
2018-05-26 01:00:00,4437.33515775478
2018-05-26 02:00:00,4532.001990756922
2018-05-26 03:00:00,4563.256793161953
2018-05-26 04:00:00,4581.67337717649
2018-05-26 05:00:00,4592.873332071939
2018-05-26 06:00:00,4656.096617369044
2018-05-26 07:00:00,4659.405043258122
2018-05-26 08:00:00,4696.224203539038
2018-05-26 09:00:00,4720.543535556154
2018-05-26 10:00:00,4704.707328853827
2018-05-26 11:00:00,4675.17198344024
2018-05-26 12:00:00,4657.179507279369
2018-05-26 13:00:00,4654.893647666672
2018-05-26 14:00:00,4650.73848597226
2018-05-26 15:00:00,4642.180725607787
2018-05-26 16:00:00,4654.895533437046
2018-05-26 17:00:00,4677.745216866546
2018-05-26 18:00:00,4667.0697980006025
2018-05-26 19:00:00,4652.4750330787465
2018-05-26 20:00:00,4665.03084864183
2018-05-26 21:00:00,4739.665328054748
2018-05-26 22:00:00,4741.761177990089
2018-05-26 23:00:00,4531.624794651929
2018-05-27 00:00:00,4417.173598911834
2018-05-27 01:00:00,4442.544234636228
2018-05-27 02:00:00,4535.949151671915
2018-05-27 03:00:00,4567.203954076947
2018-05-27 04:00:00,4589.488819457411
2018-05-27 05:00:00,4597.048347284082
2018-05-27 06:00:00,4662.1054485739505
2018-05-27 07:00:00,4664.998519741915
2018-05-27 08:00:00,4701.577689811989
2018-05-27 09:00:00,4725.7019734436435
2018-05-27 10:00:00,4693.806552907732
2018-05-27 11:00:00,4660.9075034787165
2018-05-27 12:00:00,4664.104463709211
2018-05-27 13:00:00,4666.558837885681
2018-05-27 14:00:00,4656.21228437779
2018-05-27 15:00:00,4647.652515606898
2018-05-27 16:00:00,4661.082543710388
2018-05-27 17:00:00,4690.744664897001
2018-05-27 18:00:00,4687.930973359973
2018-05-27 19:00:00,4671.018681951628
2018-05-27 20:00:00,4689.056655642964
2018-05-27 21:00:00,4764.621787789605
2018-05-27 22:00:00,4756.277239319762
2018-05-27 23:00:00,4531.637811727531
2018-05-28 00:00:00,4456.073306280663
2018-05-28 01:00:00,4506.659135043361
2018-05-28 02:00:00,4618.786948894196
2018-05-28 03:00:00,4654.44008318264
2018-05-28 04:00:00,4672.09221593834
2018-05-28 05:00:00,4710.774761439969
2018-05-28 06:00:00,4853.439532449833
2018-05-28 07:00:00,4944.67361563906
2018-05-28 08:00:00,4807.6995280188385
2018-05-28 09:00:00,4715.570291787091
2018-05-28 10:00:00,4717.1187908779375
2018-05-28 11:00:00,4699.131273889833
2018-05-28 12:00:00,4684.906766434736
2018-05-28 13:00:00,4681.953519008422
2018-05-28 14:00:00,4681.32713588709
2018-05-28 15:00:00,4660.161471183357
2018-05-28 16:00:00,4669.467012479829
2018-05-28 17:00:00,4684.538479318225
2018-05-28 18:00:00,4675.123598208974
2018-05-28 19:00:00,4662.657765901993
2018-05-28 20:00:00,4681.24707862999
2018-05-28 21:00:00,4755.886084991877
2018-05-28 22:00:00,4735.833690531792
2018-05-28 23:00:00,4487.408308508295
2018-05-29 00:00:00,4406.52558936982
2018-05-29 01:00:00,4457.493576257073
2018-05-29 02:00:00,4569.10447276756
2018-05-29 03:00:00,4602.10742837437
2018-05-29 04:00:00,4619.892599625375
2018-05-29 05:00:00,4650.980146378619
2018-05-29 06:00:00,4792.584333960004
2018-05-29 07:00:00,4880.9031279792425
2018-05-29 08:00:00,4745.993132664535
2018-05-29 09:00:00,4685.970513225167
2018-05-29 10:00:00,4689.955687789476
2018-05-29 11:00:00,4686.001933281998
2018-05-29 12:00:00,4672.204836624625
2018-05-29 13:00:00,4667.462137302984
2018-05-29 14:00:00,4670.153658566559
2018-05-29 15:00:00,4649.167353131363
2018-05-29 16:00:00,4658.100463039948
2018-05-29 17:00:00,4674.410707635045
2018-05-29 18:00:00,4668.830589661508
2018-05-29 19:00:00,4656.767386785544
2018-05-29 20:00:00,4674.93423132952
2018-05-29 21:00:00,4743.865973377378
2018-05-29 22:00:00,4743.750233189552
2018-05-29 23:00:00,4492.330327375837
2018-05-30 00:00:00,4414.304519856489
2018-05-30 01:00:00,4465.084386199333
2018-05-30 02:00:00,4570.259612809223
2018-05-30 03:00:00,4601.400855744407
2018-05-30 04:00:00,4619.186026995412
2018-05-30 05:00:00,4646.072425962958
2018-05-30 06:00:00,4787.73018101633
2018-05-30 07:00:00,4876.048975035567
2018-05-30 08:00:00,4740.366882552948
2018-05-30 09:00:00,4680.674169100788
2018-05-30 10:00:00,4684.6593436650965
2018-05-30 11:00:00,4679.369019667524
2018-05-30 12:00:00,4665.571923010151
2018-05-30 13:00:00,4660.82922368851
2018-05-30 14:00:00,4663.520744952085
2018-05-30 15:00:00,4642.5344395168895
2018-05-30 16:00:00,4651.467549425474
2018-05-30 17:00:00,4667.68229825112
2018-05-30 18:00:00,4663.621445408573
2018-05-30 19:00:00,4651.558242532607
2018-05-30 20:00:00,4670.639798675465
2018-05-30 21:00:00,4739.571540723324
2018-05-30 22:00:00,4739.4558005354975
2018-05-30 23:00:00,4492.408018072904
2018-05-31 00:00:00,4408.95488171938
2018-05-31 01:00:00,4459.565187429444
2018-05-31 02:00:00,4564.740414039333
2018-05-31 03:00:00,4595.881656974518
2018-05-31 04:00:00,4613.666828225524
2018-05-31 05:00:00,4640.55322719307
2018-05-31 06:00:00,4782.210982246441
2018-05-31 07:00:00,4870.529776265679
2018-05-31 08:00:00,4734.8476837830585
2018-05-31 09:00:00,4675.734046907459
2018-05-31 10:00:00,4679.719221471768
2018-05-31 11:00:00,4674.428897474196
2018-05-31 12:00:00,4660.631800816823
2018-05-31 13:00:00,4655.889101495181
2018-05-31 14:00:00,4658.580622758756
2018-05-31 15:00:00,4637.57360263878
2018-05-31 16:00:00,4646.506712547365
2018-05-31 17:00:00,4662.721461373011
2018-05-31 18:00:00,4658.660608530463
2018-05-31 19:00:00,4646.677820290942
2018-05-31 20:00:00,4665.777503744384
2018-05-31 21:00:00,4734.709245792244
2018-05-31 22:00:00,4735.6767714412035
2018-05-31 23:00:00,4491.238044049242
2018-06-01 00:00:00,4408.383848191844
2018-06-01 01:00:00,4452.833967400971
2018-06-01 02:00:00,4554.6857347038385
2018-06-01 03:00:00,4585.8269776390225
2018-06-01 04:00:00,4604.057810798184
2018-06-01 05:00:00,4631.2362208984105
2018-06-01 06:00:00,4771.627040378359
2018-06-01 07:00:00,4855.409567355597
2018-06-01 08:00:00,4725.167810626048
2018-06-01 09:00:00,4674.526308348384
2018-06-01 10:00:00,4677.891519618271
2018-06-01 11:00:00,4683.016878696475
2018-06-01 12:00:00,4667.5485521339415
2018-06-01 13:00:00,4662.906118220192
2018-06-01 14:00:00,4667.265391113216
2018-06-01 15:00:00,4646.25837099324
2018-06-01 16:00:00,4653.068595930685
2018-06-01 17:00:00,4669.470099889068
2018-06-01 18:00:00,4663.666708853929
2018-06-01 19:00:00,4641.67972482459
2018-06-01 20:00:00,4651.928837345199
2018-06-01 21:00:00,4715.038875893739
2018-06-01 22:00:00,4745.260904743277
2018-06-01 23:00:00,4526.7920108041235
2018-06-02 00:00:00,4404.69841100065
2018-06-02 01:00:00,4437.678204277396
2018-06-02 02:00:00,4532.345037279537
2018-06-02 03:00:00,4563.599839684569
2018-06-02 04:00:00,4582.016423699105
2018-06-02 05:00:00,4593.216378594554
2018-06-02 06:00:00,4656.43966389166
2018-06-02 07:00:00,4659.748089780737
2018-06-02 08:00:00,4699.034335087655
2018-06-02 09:00:00,4721.751706663617
2018-06-02 10:00:00,4705.915499961289
2018-06-02 11:00:00,4676.380154547704
2018-06-02 12:00:00,4658.387678386832
2018-06-02 13:00:00,4656.101818774135
2018-06-02 14:00:00,4651.946657079722
2018-06-02 15:00:00,4643.388896715251
2018-06-02 16:00:00,4656.103704544508
2018-06-02 17:00:00,4678.953387974008
2018-06-02 18:00:00,4672.287891790059
2018-06-02 19:00:00,4650.510870754549
2018-06-02 20:00:00,4660.7599832751575
2018-06-02 21:00:00,4723.870021823697
2018-06-02 22:00:00,4748.260100803361
2018-06-02 23:00:00,4535.129193674983
2018-06-03 00:00:00,4418.128556156474
2018-06-03 01:00:00,4443.499191880867
2018-06-03 02:00:00,4536.904108916555
2018-06-03 03:00:00,4568.158911321587
2018-06-03 04:00:00,4590.443776702051
2018-06-03 05:00:00,4598.003304528721
2018-06-03 06:00:00,4663.06040581859
2018-06-03 07:00:00,4665.953476986555
2018-06-03 08:00:00,4702.53264705663
2018-06-03 09:00:00,4726.656930688283
2018-06-03 10:00:00,4694.761510152372
2018-06-03 11:00:00,4661.862460723357
2018-06-03 12:00:00,4665.05942095385
2018-06-03 13:00:00,4667.51379513032
2018-06-03 14:00:00,4657.167241622429
2018-06-03 15:00:00,4648.607472851538
2018-06-03 16:00:00,4662.037500955028
2018-06-03 17:00:00,4691.699622141641
2018-06-03 18:00:00,4692.895853286607
2018-06-03 19:00:00,4668.801305764608
2018-06-03 20:00:00,4684.532576413469
2018-06-03 21:00:00,4748.573267695732
2018-06-03 22:00:00,4762.522948270211
2018-06-03 23:00:00,4534.888996887761
2018-06-04 00:00:00,4457.69559028529
2018-06-04 01:00:00,4508.281419047987
2018-06-04 02:00:00,4620.409232898823
2018-06-04 03:00:00,4656.062367187266
2018-06-04 04:00:00,4673.7144999429665
2018-06-04 05:00:00,4712.397045444595
2018-06-04 06:00:00,4855.0618164544585
2018-06-04 07:00:00,4946.295899643686
2018-06-04 08:00:00,4809.321812023465
2018-06-04 09:00:00,4717.192575791718
2018-06-04 10:00:00,4718.741074882564
2018-06-04 11:00:00,4700.75355789446
2018-06-04 12:00:00,4686.529050439362
2018-06-04 13:00:00,4683.575803013048
2018-06-04 14:00:00,4682.949419891716
2018-06-04 15:00:00,4661.783755187984
2018-06-04 16:00:00,4671.089296484455
2018-06-04 17:00:00,4686.160763322851
2018-06-04 18:00:00,4680.755804895594
2018-06-04 19:00:00,4661.1077164749595
2018-06-04 20:00:00,4677.390326160481
2018-06-04 21:00:00,4740.504891657991
2018-06-04 22:00:00,4742.746726242227
2018-06-04 23:00:00,4491.326820428512
2018-06-05 00:00:00,4407.287341927447
2018-06-05 01:00:00,4458.255328814699
2018-06-05 02:00:00,4569.866225325186
2018-06-05 03:00:00,4602.869180931997
2018-06-05 04:00:00,4620.654352183002
2018-06-05 05:00:00,4651.741898936247
2018-06-05 06:00:00,4793.346086517631
2018-06-05 07:00:00,4878.602484624151
2018-06-05 08:00:00,4746.8612952342755
2018-06-05 09:00:00,4686.838675794908
2018-06-05 10:00:00,4690.8238503592165
2018-06-05 11:00:00,4686.870095851738
2018-06-05 12:00:00,4673.072999194365
2018-06-05 13:00:00,4668.330299872724
2018-06-05 14:00:00,4671.0218211363
2018-06-05 15:00:00,4650.035515701104
2018-06-05 16:00:00,4658.968625609689
2018-06-05 17:00:00,4675.278870204786
2018-06-05 18:00:00,4673.708674913242
2018-06-05 19:00:00,4654.463215923624
2018-06-05 20:00:00,4670.1204402082185
2018-06-05 21:00:00,4730.4509693249
2018-06-05 22:00:00,4748.129083565276
2018-06-05 23:00:00,4496.709177751562
2018-06-06 00:00:00,4414.774191852483
2018-06-06 01:00:00,4465.554058195327
2018-06-06 02:00:00,4570.729284805217
2018-06-06 03:00:00,4601.870527740402
2018-06-06 04:00:00,4619.655698991407
2018-06-06 05:00:00,4646.542097958953
2018-06-06 06:00:00,4788.199853012324
2018-06-06 07:00:00,4873.456251118843
2018-06-06 08:00:00,4740.942964561055
2018-06-06 09:00:00,4681.408778910201
2018-06-06 10:00:00,4685.3939534745095
2018-06-06 11:00:00,4680.103629476937
2018-06-06 12:00:00,4666.306532819564
2018-06-06 13:00:00,4661.563833497923
2018-06-06 14:00:00,4664.255354761498
2018-06-06 15:00:00,4643.269049326303
2018-06-06 16:00:00,4652.202159234887
2018-06-06 17:00:00,4668.416908060533
2018-06-06 18:00:00,4668.365977899979
2018-06-06 19:00:00,4649.12051891036
2018-06-06 20:00:00,4665.692454793836
2018-06-06 21:00:00,4726.022983910519
2018-06-06 22:00:00,4743.701098150894
2018-06-06 23:00:00,4496.653315688301
2018-06-07 00:00:00,4408.907331849337
2018-06-07 01:00:00,4457.126266639956
2018-06-07 02:00:00,4561.517489023448
2018-06-07 03:00:00,4592.658731958633
2018-06-07 04:00:00,4610.44390320964
2018-06-07 05:00:00,4637.330302177185
2018-06-07 06:00:00,4778.9880572305565
2018-06-07 07:00:00,4846.418841661227
2018-06-07 08:00:00,4737.089921931371
2018-06-07 09:00:00,4678.134812857076
2018-06-07 10:00:00,4682.119987421384
2018-06-07 11:00:00,4676.829663423813
2018-06-07 12:00:00,4663.032566766439
2018-06-07 13:00:00,4658.289867444799
2018-06-07 14:00:00,4660.981388708374
2018-06-07 15:00:00,4639.974368588397
2018-06-07 16:00:00,4648.907478496983
2018-06-07 17:00:00,4665.1222273226285
2018-06-07 18:00:00,4665.071297162074
2018-06-07 19:00:00,4646.560340905393
2018-06-07 20:00:00,4663.150404099453
2018-06-07 21:00:00,4716.2871201692205
2018-06-07 22:00:00,4744.539803245491
2018-06-07 23:00:00,4500.507080802352
2018-06-08 00:00:00,4407.6499677150605
2018-06-08 01:00:00,4449.708716004741
2018-06-08 02:00:00,4550.776479081213
2018-06-08 03:00:00,4581.917722016397
2018-06-08 04:00:00,4600.148555175559
2018-06-08 05:00:00,4627.3269652757845
2018-06-08 06:00:00,4767.717784755734
2018-06-08 07:00:00,4830.612302144404
2018-06-08 08:00:00,4726.723718167618
2018-06-08 09:00:00,4676.260819496737
2018-06-08 10:00:00,4679.626030766623
2018-06-08 11:00:00,4684.751389844828
2018-06-08 12:00:00,4669.283063282294
2018-06-08 13:00:00,4664.640629368545
2018-06-08 14:00:00,4668.999902261568
2018-06-08 15:00:00,4647.992882141592
2018-06-08 16:00:00,4654.8031070790375
2018-06-08 17:00:00,4671.20461103742
2018-06-08 18:00:00,4665.401220002282
2018-06-08 19:00:00,4644.068324069437
2018-06-08 20:00:00,4654.114519373139
2018-06-08 21:00:00,4706.338982949283
2018-06-08 22:00:00,4751.701754825973
2018-06-08 23:00:00,4533.053233542236
2018-06-09 00:00:00,4401.951661580803
2018-06-09 01:00:00,4434.449789402271
2018-06-09 02:00:00,4528.332618178016
2018-06-09 03:00:00,4559.552035323848
2018-06-09 04:00:00,4577.968619338382
2018-06-09 05:00:00,4589.168574233833
2018-06-09 06:00:00,4652.391859530939
2018-06-09 07:00:00,4648.3331428457495
2018-06-09 08:00:00,4701.992713790005
2018-06-09 09:00:00,4724.888688972749
2018-06-09 10:00:00,4709.052482270421
2018-06-09 11:00:00,4679.517136856835
2018-06-09 12:00:00,4661.5246606959645
2018-06-09 13:00:00,4659.238801083267
2018-06-09 14:00:00,4655.083639388855
2018-06-09 15:00:00,4646.525879024382
2018-06-09 16:00:00,4659.24068685364
2018-06-09 17:00:00,4682.090370283141
2018-06-09 18:00:00,4675.424874099192
2018-06-09 19:00:00,4654.257007329031
2018-06-09 20:00:00,4664.303202632733
2018-06-09 21:00:00,4716.527666208876
2018-06-09 22:00:00,4756.058488215692
2018-06-09 23:00:00,4542.747953742731
2018-06-10 00:00:00,4415.828660429489
2018-06-10 01:00:00,4440.717630698604
2018-06-10 02:00:00,4533.338543507896
2018-06-10 03:00:00,4564.557960653728
2018-06-10 04:00:00,4586.842826034192
2018-06-10 05:00:00,4594.402353860862
2018-06-10 06:00:00,4659.459455150731
2018-06-10 07:00:00,4654.98538374443
2018-06-10 08:00:00,4705.937879451842
2018-06-10 09:00:00,4730.240766690277
2018-06-10 10:00:00,4698.345346154366
2018-06-10 11:00:00,4665.446296725351
2018-06-10 12:00:00,4668.643256955845
2018-06-10 13:00:00,4671.097631132315
2018-06-10 14:00:00,4660.7510776244235
2018-06-10 15:00:00,4652.191308853532
2018-06-10 16:00:00,4665.621336957021
2018-06-10 17:00:00,4695.283458143635
2018-06-10 18:00:00,4696.479689288601
2018-06-10 19:00:00,4672.994296031951
2018-06-10 20:00:00,4688.5226494639055
2018-06-10 21:00:00,4740.881042010929
2018-06-10 22:00:00,4769.97146561256
2018-06-10 23:00:00,4543.552959239946
2018-06-11 00:00:00,4458.679924128521
2018-06-11 01:00:00,4506.874381971773
2018-06-11 02:00:00,4618.218191596213
2018-06-11 03:00:00,4653.835940625456
2018-06-11 04:00:00,4671.488073381157
2018-06-11 05:00:00,4710.170618882785
2018-06-11 06:00:00,4852.835389892649
2018-06-11 07:00:00,4922.832364897615
2018-06-11 08:00:00,4812.211450030157
2018-06-11 09:00:00,4720.240741599715
2018-06-11 10:00:00,4721.789240690561
2018-06-11 11:00:00,4703.801723702458
2018-06-11 12:00:00,4689.5772162473595
2018-06-11 13:00:00,4686.623968821045
2018-06-11 14:00:00,4685.997585699713
2018-06-11 15:00:00,4664.831920995981
2018-06-11 16:00:00,4674.137462292452
2018-06-11 17:00:00,4689.208929130848
2018-06-11 18:00:00,4683.803970703591
2018-06-11 19:00:00,4664.765036548307
2018-06-11 20:00:00,4680.8447290169215
2018-06-11 21:00:00,4732.276995779191
2018-06-11 22:00:00,4749.65957339058
2018-06-11 23:00:00,4500.040744880107
2018-06-12 00:00:00,4407.112521003662
2018-06-12 01:00:00,4455.6891369714685
2018-06-12 02:00:00,4566.516029255557
2018-06-12 03:00:00,4599.483599603169
2018-06-12 04:00:00,4617.268770854174
2018-06-12 05:00:00,4647.613057159526
2018-06-12 06:00:00,4789.217244740911
2018-06-12 07:00:00,4857.2474076365015
2018-06-12 08:00:00,4748.690585074557
2018-06-12 09:00:00,4688.826493436495
2018-06-12 10:00:00,4692.811668000804
2018-06-12 11:00:00,4688.857913493326
2018-06-12 12:00:00,4675.060816835953
2018-06-12 13:00:00,4670.318117514312
2018-06-12 14:00:00,4673.009638777887
2018-06-12 15:00:00,4652.023333342691
2018-06-12 16:00:00,4660.956443251276
2018-06-12 17:00:00,4677.266687846372
2018-06-12 18:00:00,4675.69649255483
2018-06-12 19:00:00,4657.060187830561
2018-06-12 20:00:00,4672.717412115155
2018-06-12 21:00:00,4725.057404422078
2018-06-12 22:00:00,4752.226821661563
2018-06-12 23:00:00,4502.607993151089
2018-06-13 00:00:00,4414.701905123335
2018-06-13 01:00:00,4463.090400546733
2018-06-13 02:00:00,4567.481622930226
2018-06-13 03:00:00,4598.587480606213
2018-06-13 04:00:00,4616.3726518572175
2018-06-13 05:00:00,4642.5157903768695
2018-06-13 06:00:00,4784.173545430241
2018-06-13 07:00:00,4852.203708325831
2018-06-13 08:00:00,4742.874788595975
2018-06-13 09:00:00,4683.340602945121
2018-06-13 10:00:00,4687.325777509429
2018-06-13 11:00:00,4682.035453511858
2018-06-13 12:00:00,4668.238356854484
2018-06-13 13:00:00,4663.495657532843
2018-06-13 14:00:00,4666.187178796418
2018-06-13 15:00:00,4645.200873361222
2018-06-13 16:00:00,4654.133983269808
2018-06-13 17:00:00,4670.348732095454
2018-06-13 18:00:00,4670.297801934899
2018-06-13 19:00:00,4651.66149721063
2018-06-13 20:00:00,4668.233433094105
2018-06-13 21:00:00,4720.875964992217
2018-06-13 22:00:00,4748.045382231701
2018-06-13 23:00:00,4502.798677072349
2018-06-14 00:00:00,4409.360113700655
2018-06-14 01:00:00,4457.579048491274
2018-06-14 02:00:00,4561.970270874766
2018-06-14 03:00:00,4593.0761285507515
2018-06-14 04:00:00,4610.861299801758
2018-06-14 05:00:00,4637.00443832141
2018-06-14 06:00:00,4778.662193374781
2018-06-14 07:00:00,4846.692356270371
2018-06-14 08:00:00,4737.363436540515
2018-06-14 09:00:00,4678.408327466221
2018-06-14 10:00:00,4682.39350203053
2018-06-14 11:00:00,4677.103178032958
2018-06-14 12:00:00,4663.306081375585
2018-06-14 13:00:00,4658.563382053943
2018-06-14 14:00:00,4661.254903317518
2018-06-14 15:00:00,4640.247883197542
2018-06-14 16:00:00,4649.180993106127
2018-06-14 17:00:00,4665.395741931773
2018-06-14 18:00:00,4665.344811771219
2018-06-14 19:00:00,4646.788921683394
2018-06-14 20:00:00,4663.378984877454
2018-06-14 21:00:00,4716.021516775566
2018-06-14 22:00:00,4744.274199851836
2018-06-14 23:00:00,4501.636549763116
2018-06-15 00:00:00,4408.480156494788
2018-06-15 01:00:00,4450.53890478447
2018-06-15 02:00:00,4551.606667860942
2018-06-15 03:00:00,4582.7125255369265
2018-06-15 04:00:00,4600.943358696087
2018-06-15 05:00:00,4627.37850834842
2018-06-15 06:00:00,4767.76932782837
2018-06-15 07:00:00,4831.263223681959
2018-06-15 08:00:00,4727.374639705174
2018-06-15 09:00:00,4676.911741034292
2018-06-15 10:00:00,4680.27695230418
2018-06-15 11:00:00,4685.402311382383
2018-06-15 12:00:00,4669.93398481985
2018-06-15 13:00:00,4665.2915509061
2018-06-15 14:00:00,4669.650823799125
2018-06-15 15:00:00,4648.643803679148
2018-06-15 16:00:00,4655.454028616594
2018-06-15 17:00:00,4671.855532574977
2018-06-15 18:00:00,4666.052141539838
2018-06-15 19:00:00,4644.674311775849
2018-06-15 20:00:00,4654.72050707955
2018-06-15 21:00:00,4705.087375522278
2018-06-15 22:00:00,4750.4501473989685
2018-06-15 23:00:00,4533.19669846965
2018-06-16 00:00:00,4401.588098926451
2018-06-16 01:00:00,4434.086226747918
2018-06-16 02:00:00,4527.969055523663
2018-06-16 03:00:00,4559.188472669495
2018-06-16 04:00:00,4577.60505668403
2018-06-16 05:00:00,4588.061751131588
2018-06-16 06:00:00,4651.285036428693
2018-06-16 07:00:00,4647.825698208425
2018-06-16 08:00:00,4701.485269152679
2018-06-16 09:00:00,4724.3812443354245
2018-06-16 10:00:00,4708.545037633096
2018-06-16 11:00:00,4679.009692219511
2018-06-16 12:00:00,4661.017216058639
2018-06-16 13:00:00,4658.731356445942
2018-06-16 14:00:00,4654.576194751529
2018-06-16 15:00:00,4646.018434387058
2018-06-16 16:00:00,4658.733242216315
2018-06-16 17:00:00,4681.5829256458155
2018-06-16 18:00:00,4674.917429461866
2018-06-16 19:00:00,4653.749562691706
2018-06-16 20:00:00,4663.795757995407
2018-06-16 21:00:00,4714.162626438136
2018-06-16 22:00:00,4753.693448444951
2018-06-16 23:00:00,4541.777986326409
2018-06-17 00:00:00,4414.998033009315
2018-06-17 01:00:00,4439.88700327843
2018-06-17 02:00:00,4532.507916087721
2018-06-17 03:00:00,4563.7273332335535
2018-06-17 04:00:00,4586.0121986140175
2018-06-17 05:00:00,4592.828465992795
2018-06-17 06:00:00,4657.885567282664
2018-06-17 07:00:00,4654.010874341282
2018-06-17 08:00:00,4704.963370048695
2018-06-17 09:00:00,4729.26625728713
2018-06-17 10:00:00,4697.370836751219
2018-06-17 11:00:00,4664.471787322204
2018-06-17 12:00:00,4667.668747552698
2018-06-17 13:00:00,4670.123121729168
2018-06-17 14:00:00,4659.776568221277
2018-06-17 15:00:00,4651.216799450385
2018-06-17 16:00:00,4664.6468275538755
2018-06-17 17:00:00,4694.308948740488
2018-06-17 18:00:00,4695.505179885455
2018-06-17 19:00:00,4672.0197866288045
2018-06-17 20:00:00,4687.548140060759
2018-06-17 21:00:00,4738.84566123721
2018-06-17 22:00:00,4767.936084838841
2018-06-17 23:00:00,4541.517578466227
2018-06-18 00:00:00,4460.199252445816
2018-06-18 01:00:00,4508.393710289068
2018-06-18 02:00:00,4619.737519913508
2018-06-18 03:00:00,4655.355268942751
2018-06-18 04:00:00,4673.007401698451
2018-06-18 05:00:00,4710.946686752186
2018-06-18 06:00:00,4853.61145776205
2018-06-18 07:00:00,4924.207811231936
2018-06-18 08:00:00,4813.586896364479
2018-06-18 09:00:00,4721.616187934037
2018-06-18 10:00:00,4723.164687024883
2018-06-18 11:00:00,4705.177170036779
2018-06-18 12:00:00,4690.952662581682
2018-06-18 13:00:00,4687.999415155367
2018-06-18 14:00:00,4687.3730320340355
2018-06-18 15:00:00,4666.207367330303
2018-06-18 16:00:00,4675.512908626774
2018-06-18 17:00:00,4690.5843754651705
2018-06-18 18:00:00,4685.1794170379135
2018-06-18 19:00:00,4666.140482882629
2018-06-18 20:00:00,4682.220175351244
2018-06-18 21:00:00,4733.954981704701
2018-06-18 22:00:00,4751.337559316089
2018-06-18 23:00:00,4501.718730805615
2018-06-19 00:00:00,4408.763750660975
2018-06-19 01:00:00,4457.340366628781
2018-06-19 02:00:00,4568.167258912871
2018-06-19 03:00:00,4601.134829260483
2018-06-19 04:00:00,4618.920000511488
2018-06-19 05:00:00,4649.26428681684
2018-06-19 06:00:00,4790.868474398225
2018-06-19 07:00:00,4858.898637293814
2018-06-19 08:00:00,4750.341814731872
2018-06-19 09:00:00,4690.477723093809
2018-06-19 10:00:00,4694.462897658117
2018-06-19 11:00:00,4690.50914315064
2018-06-19 12:00:00,4676.712046493267
2018-06-19 13:00:00,4671.9693471716255
2018-06-19 14:00:00,4674.6608684352
2018-06-19 15:00:00,4653.674563000005
2018-06-19 16:00:00,4662.60767290859
2018-06-19 17:00:00,4678.917917503686
2018-06-19 18:00:00,4677.347722212144
2018-06-19 19:00:00,4658.711417487874
2018-06-19 20:00:00,4674.368641772468
2018-06-19 21:00:00,4727.01117367058
2018-06-19 22:00:00,4754.180590910064
2018-06-19 23:00:00,4504.56176239959
2018-06-20 00:00:00,4416.663176993618
2018-06-20 01:00:00,4465.0516724170175
2018-06-20 02:00:00,4569.44289480051
2018-06-20 03:00:00,4600.548752476497
2018-06-20 04:00:00,4618.333923727501
2018-06-20 05:00:00,4644.477062247153
2018-06-20 06:00:00,4786.134817300524
2018-06-20 07:00:00,4854.164980196115
2018-06-20 08:00:00,4744.8360604662585
2018-06-20 09:00:00,4685.3018748154045
2018-06-20 10:00:00,4689.287049379713
2018-06-20 11:00:00,4683.996725382141
2018-06-20 12:00:00,4670.1996287247675
2018-06-20 13:00:00,4665.456929403127
2018-06-20 14:00:00,4668.148450666702
2018-06-20 15:00:00,4647.162145231506
2018-06-20 16:00:00,4656.0952551400915
2018-06-20 17:00:00,4672.310003965737
2018-06-20 18:00:00,4672.259073805183
2018-06-20 19:00:00,4653.622769080914
2018-06-20 20:00:00,4670.1947049643895
2018-06-20 21:00:00,4722.8372368625005
2018-06-20 22:00:00,4750.006654101985
2018-06-20 23:00:00,4504.759948942633
2018-06-21 00:00:00,4411.282120892005
2018-06-21 01:00:00,4459.501055682624
2018-06-21 02:00:00,4563.892278066116
2018-06-21 03:00:00,4594.998135742101
2018-06-21 04:00:00,4612.783306993107
2018-06-21 05:00:00,4638.9264455127595
2018-06-21 06:00:00,4780.584200566131
2018-06-21 07:00:00,4848.614363461721
2018-06-21 08:00:00,4739.285443731865
2018-06-21 09:00:00,4680.33033465757
2018-06-21 10:00:00,4684.3155092218785
2018-06-21 11:00:00,4679.025185224307
2018-06-21 12:00:00,4665.228088566933
2018-06-21 13:00:00,4660.485389245293
2018-06-21 14:00:00,4663.176910508868
2018-06-21 15:00:00,4642.169890388892
2018-06-21 16:00:00,4651.103000297477
2018-06-21 17:00:00,4667.317749123123
2018-06-21 18:00:00,4667.266818962568
2018-06-21 19:00:00,4648.710928874743
2018-06-21 20:00:00,4665.300992068804
2018-06-21 21:00:00,4717.943523966916
2018-06-21 22:00:00,4746.1962070431855
2018-06-21 23:00:00,4503.5585569544655
2018-06-22 00:00:00,4410.240828633236
2018-06-22 01:00:00,4452.2995769229165
2018-06-22 02:00:00,4553.367339999389
2018-06-22 03:00:00,4584.473197675372
2018-06-22 04:00:00,4602.704030834533
2018-06-22 05:00:00,4629.139180486866
2018-06-22 06:00:00,4769.529999966815
2018-06-22 07:00:00,4833.023895820405
2018-06-22 08:00:00,4729.13531184362
2018-06-22 09:00:00,4678.672413172739
2018-06-22 10:00:00,4682.037624442626
2018-06-22 11:00:00,4687.16298352083
2018-06-22 12:00:00,4671.694656958296
2018-06-22 13:00:00,4667.052223044547
2018-06-22 14:00:00,4671.411495937571
2018-06-22 15:00:00,4650.404475817594
2018-06-22 16:00:00,4657.214700755039
2018-06-22 17:00:00,4673.616204713423
2018-06-22 18:00:00,4667.812813678283
2018-06-22 19:00:00,4646.434983914294
2018-06-22 20:00:00,4656.481179217996
2018-06-22 21:00:00,4706.848047660725
2018-06-22 22:00:00,4752.210819537415
2018-06-22 23:00:00,4534.957370608096
2018-06-23 00:00:00,4401.351045250905
2018-06-23 01:00:00,4433.849173072373
2018-06-23 02:00:00,4527.732001848119
2018-06-23 03:00:00,4558.95141899395
2018-06-23 04:00:00,4577.368003008484
2018-06-23 05:00:00,4587.824697456042
2018-06-23 06:00:00,4651.047982753147
2018-06-23 07:00:00,4647.58864453288
2018-06-23 08:00:00,4701.248215477134
2018-06-23 09:00:00,4724.144190659878
2018-06-23 10:00:00,4708.307983957551
2018-06-23 11:00:00,4678.772638543965
2018-06-23 12:00:00,4660.780162383094
2018-06-23 13:00:00,4658.494302770397
2018-06-23 14:00:00,4654.339141075984
2018-06-23 15:00:00,4645.781380711513
2018-06-23 16:00:00,4658.49618854077
2018-06-23 17:00:00,4681.34587197027
2018-06-23 18:00:00,4674.680375786321
2018-06-23 19:00:00,4653.51250901616
2018-06-23 20:00:00,4663.558704319862
2018-06-23 21:00:00,4713.9255727625905
2018-06-23 22:00:00,4753.456394769406
2018-06-23 23:00:00,4541.540932650863
2018-06-24 00:00:00,4414.758679699799
2018-06-24 01:00:00,4439.647649968914
2018-06-24 02:00:00,4532.268562778207
2018-06-24 03:00:00,4563.487979924037
2018-06-24 04:00:00,4585.772845304501
2018-06-24 05:00:00,4592.5891126832785
2018-06-24 06:00:00,4657.646213973148
2018-06-24 07:00:00,4653.7715210317665
2018-06-24 08:00:00,4704.724016739178
2018-06-24 09:00:00,4729.026903977615
2018-06-24 10:00:00,4697.1314834417035
2018-06-24 11:00:00,4664.232434012688
2018-06-24 12:00:00,4667.429394243181
2018-06-24 13:00:00,4669.883768419652
2018-06-24 14:00:00,4659.53721491176
2018-06-24 15:00:00,4650.97744614087
2018-06-24 16:00:00,4664.407474244359
2018-06-24 17:00:00,4694.069595430972
2018-06-24 18:00:00,4695.265826575938
2018-06-24 19:00:00,4671.780433319289
2018-06-24 20:00:00,4687.308786751242
2018-06-24 21:00:00,4738.606307927695
2018-06-24 22:00:00,4767.696731529326
2018-06-24 23:00:00,4541.278225156711
2018-06-25 00:00:00,4459.8994537101935
2018-06-25 01:00:00,4508.093911553446
2018-06-25 02:00:00,4619.437721177885
2018-06-25 03:00:00,4655.055470207128
2018-06-25 04:00:00,4672.707602962828
2018-06-25 05:00:00,4710.646888016563
2018-06-25 06:00:00,4853.311659026427
2018-06-25 07:00:00,4923.908012496313
2018-06-25 08:00:00,4813.287097628856
2018-06-25 09:00:00,4721.316389198414
2018-06-25 10:00:00,4722.86488828926
2018-06-25 11:00:00,4704.877371301156
2018-06-25 12:00:00,4690.652863846059
2018-06-25 13:00:00,4687.699616419744
2018-06-25 14:00:00,4687.073233298413
2018-06-25 15:00:00,4665.90756859468
2018-06-25 16:00:00,4675.213109891151
2018-06-25 17:00:00,4690.284576729548
2018-06-25 18:00:00,4684.8796183022905
2018-06-25 19:00:00,4665.840684147006
2018-06-25 20:00:00,4681.920376615621
2018-06-25 21:00:00,4733.655182969078
2018-06-25 22:00:00,4751.037760580466
2018-06-25 23:00:00,4501.418932069993
2018-06-26 00:00:00,4408.495933371161
2018-06-26 01:00:00,4456.971990987948
2018-06-26 02:00:00,4567.798883272037
2018-06-26 03:00:00,4600.766453619648
2018-06-26 04:00:00,4618.5516248706535
2018-06-26 05:00:00,4648.895911176005
2018-06-26 06:00:00,4790.500098757389
2018-06-26 07:00:00,4858.53026165298
2018-06-26 08:00:00,4749.973439091036
2018-06-26 09:00:00,4690.109347452974
2018-06-26 10:00:00,4694.0945220172825
2018-06-26 11:00:00,4690.140767509805
2018-06-26 12:00:00,4676.343670852431
2018-06-26 13:00:00,4671.60097153079
2018-06-26 14:00:00,4674.292492794366
2018-06-26 15:00:00,4653.30618735917
2018-06-26 16:00:00,4662.239297267755
2018-06-26 17:00:00,4678.549541862852
2018-06-26 18:00:00,4676.979346571309
2018-06-26 19:00:00,4658.34304184704
2018-06-26 20:00:00,4674.000266131634
2018-06-26 21:00:00,4726.642798029746
2018-06-26 22:00:00,4753.8122152692295
2018-06-26 23:00:00,4504.193386758757
2018-06-27 00:00:00,4416.766976705469
2018-06-27 01:00:00,4464.677474342989
2018-06-27 02:00:00,4569.068696726483
2018-06-27 03:00:00,4600.174554402469
2018-06-27 04:00:00,4617.9597256534735
2018-06-27 05:00:00,4644.102864173125
2018-06-27 06:00:00,4785.7606192264975
2018-06-27 07:00:00,4853.790782122087
2018-06-27 08:00:00,4744.461862392231
2018-06-27 09:00:00,4684.927676741377
2018-06-27 10:00:00,4688.912851305685
2018-06-27 11:00:00,4683.622527308114
2018-06-27 12:00:00,4669.82543065074
2018-06-27 13:00:00,4665.082731329099
2018-06-27 14:00:00,4667.774252592674
2018-06-27 15:00:00,4646.787947157478
2018-06-27 16:00:00,4655.721057066064
2018-06-27 17:00:00,4671.93580589171
2018-06-27 18:00:00,4671.884875731155
2018-06-27 19:00:00,4653.248571006886
2018-06-27 20:00:00,4669.820506890362
2018-06-27 21:00:00,4722.463038788474
2018-06-27 22:00:00,4749.632456027957
2018-06-27 23:00:00,4504.385750868605
2018-06-28 00:00:00,4411.195122517762
2018-06-28 01:00:00,4458.9360595225035
2018-06-28 02:00:00,4563.327281905996
2018-06-28 03:00:00,4594.433139581981
2018-06-28 04:00:00,4612.218310832987
2018-06-28 05:00:00,4638.361449352639
2018-06-28 06:00:00,4780.01920440601
2018-06-28 07:00:00,4848.049367301601
2018-06-28 08:00:00,4738.720447571744
2018-06-28 09:00:00,4679.765338497451
2018-06-28 10:00:00,4683.750513061759
2018-06-28 11:00:00,4678.460189064187
2018-06-28 12:00:00,4664.663092406814
2018-06-28 13:00:00,4659.920393085173
2018-06-28 14:00:00,4662.611914348748
2018-06-28 15:00:00,4641.604894228772
2018-06-28 16:00:00,4650.538004137356
2018-06-28 17:00:00,4666.752752963002
2018-06-28 18:00:00,4666.701822802448
2018-06-28 19:00:00,4648.145932714623
2018-06-28 20:00:00,4664.735995908683
2018-06-28 21:00:00,4717.378527806795
2018-06-28 22:00:00,4745.631210883065
2018-06-28 23:00:00,4502.993560794345
2018-06-29 00:00:00,4408.972338214824
2018-06-29 01:00:00,4450.553088718628
2018-06-29 02:00:00,4551.6208517951
2018-06-29 03:00:00,4582.726709471083
2018-06-29 04:00:00,4600.9575426302445
2018-06-29 05:00:00,4627.392692282578
2018-06-29 06:00:00,4767.783511762527
2018-06-29 07:00:00,4831.277407616117
2018-06-29 08:00:00,4727.388823639331
2018-06-29 09:00:00,4676.925924968451
2018-06-29 10:00:00,4681.171141140239
2018-06-29 11:00:00,4686.296500218443
2018-06-29 12:00:00,4670.828173655909
2018-06-29 13:00:00,4666.18573974216
2018-06-29 14:00:00,4670.545012635184
2018-06-29 15:00:00,4649.537992515207
2018-06-29 16:00:00,4656.3482174526525
2018-06-29 17:00:00,4672.749721411035
2018-06-29 18:00:00,4666.946330375897
2018-06-29 19:00:00,4645.568500611907
2018-06-29 20:00:00,4655.614695915609
2018-06-29 21:00:00,4705.981564358338
2018-06-29 22:00:00,4753.613577217784
2018-06-29 23:00:00,4536.360128288466
2018-06-30 00:00:00,4399.639886845693
2018-06-30 01:00:00,4431.660016881283
2018-06-30 02:00:00,4525.542845657028
2018-06-30 03:00:00,4556.76226280286
2018-06-30 04:00:00,4575.178846817395
2018-06-30 05:00:00,4585.635541264952
2018-06-30 06:00:00,4648.858826562058
2018-06-30 07:00:00,4645.39948834179
2018-06-30 08:00:00,4699.059059286044
2018-06-30 09:00:00,4721.955034468789
2018-06-30 10:00:00,4706.998832668363
2018-06-30 11:00:00,4677.463487254777
2018-06-30 12:00:00,4659.471011093906
2018-06-30 13:00:00,4657.185151481209
2018-06-30 14:00:00,4653.029989786796
2018-06-30 15:00:00,4644.472229422325
2018-06-30 16:00:00,4657.187037251582
2018-06-30 17:00:00,4680.036720681082
2018-06-30 18:00:00,4673.371224497133
2018-06-30 19:00:00,4652.203357726972
2018-06-30 20:00:00,4662.249553030674
2018-06-30 21:00:00,4712.616421473403
2018-06-30 22:00:00,4754.416484462974
2018-06-30 23:00:00,4542.5010223444315
2018-07-01 00:00:00,4414.256939556042
2018-07-01 01:00:00,4436.446978744407
2018-07-01 02:00:00,4529.067891553699
2018-07-01 03:00:00,4560.2873086995305
2018-07-01 04:00:00,4582.572174079995
2018-07-01 05:00:00,4589.388441458772
2018-07-01 06:00:00,4654.445542748641
2018-07-01 07:00:00,4650.57084980726
2018-07-01 08:00:00,4701.523345514672
2018-07-01 09:00:00,4725.826232753107
2018-07-01 10:00:00,4694.810817119098
2018-07-01 11:00:00,4661.911767690082
2018-07-01 12:00:00,4665.108727920577
2018-07-01 13:00:00,4667.563102097047
2018-07-01 14:00:00,4657.2165485891555
2018-07-01 15:00:00,4648.656779818264
2018-07-01 16:00:00,4662.0868079217535
2018-07-01 17:00:00,4691.748929108367
2018-07-01 18:00:00,4692.945160253333
2018-07-01 19:00:00,4673.920640747356
2018-07-01 20:00:00,4689.448994179309
2018-07-01 21:00:00,4732.488409403352
2018-07-01 22:00:00,4763.84807398774
2018-07-01 23:00:00,4543.4463281380185
2018-07-02 00:00:00,4458.651329123774
2018-07-02 01:00:00,4504.146855886276
2018-07-02 02:00:00,4615.490665510715
2018-07-02 03:00:00,4651.108414539959
2018-07-02 04:00:00,4668.760547295659
2018-07-02 05:00:00,4706.6998323493945
2018-07-02 06:00:00,4849.364603359259
2018-07-02 07:00:00,4919.960956829144
2018-07-02 08:00:00,4809.340041961687
2018-07-02 09:00:00,4717.3693335312455
2018-07-02 10:00:00,4720.003904096168
2018-07-02 11:00:00,4702.016387108065
2018-07-02 12:00:00,4687.791879652967
2018-07-02 13:00:00,4684.838632226652
2018-07-02 14:00:00,4684.212249105321
2018-07-02 15:00:00,4663.046584401588
2018-07-02 16:00:00,4672.352125698059
2018-07-02 17:00:00,4687.4235925364555
2018-07-02 18:00:00,4682.393035960769
2018-07-02 19:00:00,4667.814975556156
2018-07-02 20:00:00,4683.894668024771
2018-07-02 21:00:00,4727.371368425819
2018-07-02 22:00:00,4747.023187019964
2018-07-02 23:00:00,4503.421119032385
2018-07-03 00:00:00,4407.215827338934
2018-07-03 01:00:00,4453.093512225991
2018-07-03 02:00:00,4563.9204045100805
2018-07-03 03:00:00,4596.887974857691
2018-07-03 04:00:00,4614.6731461086965
2018-07-03 05:00:00,4645.017432414048
2018-07-03 06:00:00,4786.621619995432
2018-07-03 07:00:00,4854.651782891023
2018-07-03 08:00:00,4746.094960329079
2018-07-03 09:00:00,4686.230868691017
2018-07-03 10:00:00,4691.302114729403
2018-07-03 11:00:00,4687.348360221925
2018-07-03 12:00:00,4673.551263564552
2018-07-03 13:00:00,4668.8085642429105
2018-07-03 14:00:00,4671.500085506486
2018-07-03 15:00:00,4650.51378007129
2018-07-03 16:00:00,4659.446889979876
2018-07-03 17:00:00,4675.757134574972
2018-07-03 18:00:00,4674.561341135
2018-07-03 19:00:00,4660.385910161402
2018-07-03 20:00:00,4676.043134445996
2018-07-03 21:00:00,4720.427560391699
2018-07-03 22:00:00,4749.866218613939
2018-07-03 23:00:00,4506.26415062636
2018-07-04 00:00:00,4412.4686729377445
2018-07-04 01:00:00,4458.158237280393
2018-07-04 02:00:00,4562.5494596638855
2018-07-04 03:00:00,4593.655317339872
2018-07-04 04:00:00,4611.440488590877
2018-07-04 05:00:00,4637.58362711053
2018-07-04 06:00:00,4779.241382163901
2018-07-04 07:00:00,4847.2715450594915
2018-07-04 08:00:00,4736.072325456209
2018-07-04 09:00:00,4676.538139805354
2018-07-04 10:00:00,4681.577351504636
2018-07-04 11:00:00,4676.287027507064
2018-07-04 12:00:00,4662.489930849691
2018-07-04 13:00:00,4657.747231528049
2018-07-04 14:00:00,4660.438752791625
2018-07-04 15:00:00,4639.452447356429
2018-07-04 16:00:00,4648.3855572650145
2018-07-04 17:00:00,4664.6003060906605
2018-07-04 18:00:00,4664.923777781676
2018-07-04 19:00:00,4650.748346808079
2018-07-04 20:00:00,4667.320282691554
2018-07-04 21:00:00,4711.704708637257
2018-07-04 22:00:00,4741.143366859497
2018-07-04 23:00:00,4505.636820433873
2018-07-05 00:00:00,4413.1928596611115
2018-07-05 01:00:00,4458.71286337098
2018-07-05 02:00:00,4563.104085754472
2018-07-05 03:00:00,4594.209943430457
2018-07-05 04:00:00,4611.995114681464
2018-07-05 05:00:00,4638.138253201116
2018-07-05 06:00:00,4779.796008254488
2018-07-05 07:00:00,4847.826171150078
2018-07-05 08:00:00,4738.521282829715
2018-07-05 09:00:00,4679.566173755421
2018-07-05 10:00:00,4684.605385454703
2018-07-05 11:00:00,4679.737686099727
2018-07-05 12:00:00,4665.940589442354
2018-07-05 13:00:00,4661.197890120713
2018-07-05 14:00:00,4663.889411384288
2018-07-05 15:00:00,4642.882391264312
2018-07-05 16:00:00,4651.815501172897
2018-07-05 17:00:00,4668.030249998543
2018-07-05 18:00:00,4668.353721689559
2018-07-05 19:00:00,4654.258705352406
2018-07-05 20:00:00,4670.848768546466
2018-07-05 21:00:00,4717.229206709938
2018-07-05 22:00:00,4742.332036387559
2018-07-05 23:00:00,4507.03112469776
2018-07-06 00:00:00,4412.263845486126
2018-07-06 01:00:00,4451.623662695058
2018-07-06 02:00:00,4552.691425771529
2018-07-06 03:00:00,4583.797283447513
2018-07-06 04:00:00,4602.028116606674
2018-07-06 05:00:00,4628.4632662590075
2018-07-06 06:00:00,4768.854085738956
2018-07-06 07:00:00,4832.347981592547
2018-07-06 08:00:00,4728.483429025255
2018-07-06 09:00:00,4678.020530354374
2018-07-06 10:00:00,4682.439778759233
2018-07-06 11:00:00,4687.987762480035
2018-07-06 12:00:00,4672.5194359175
2018-07-06 13:00:00,4667.877002003752
2018-07-06 14:00:00,4672.236274896775
2018-07-06 15:00:00,4651.229254776799
2018-07-06 16:00:00,4658.039479714244
2018-07-06 17:00:00,4674.440983672627
2018-07-06 18:00:00,4669.011994489058
2018-07-06 19:00:00,4652.095038475742
2018-07-06 20:00:00,4662.141233779444
2018-07-06 21:00:00,4706.246008487532
2018-07-06 22:00:00,4748.458926965573
2018-07-06 23:00:00,4538.542216435176
2018-07-07 00:00:00,4403.466987543909
2018-07-07 01:00:00,4433.266184284626
2018-07-07 02:00:00,4527.1490130603715
2018-07-07 03:00:00,4558.368430206203
2018-07-07 04:00:00,4576.785014220739
2018-07-07 05:00:00,4587.241708668294
2018-07-07 06:00:00,4650.464993965401
2018-07-07 07:00:00,4647.005655745133
2018-07-07 08:00:00,4700.6892580988815
2018-07-07 09:00:00,4723.585233281626
2018-07-07 10:00:00,4708.803063714271
2018-07-07 11:00:00,4679.690342943282
2018-07-07 12:00:00,4661.6978667824105
2018-07-07 13:00:00,4659.412007169713
2018-07-07 14:00:00,4655.256845475301
2018-07-07 15:00:00,4646.699085110829
2018-07-07 16:00:00,4659.413892940087
2018-07-07 17:00:00,4682.263576369587
2018-07-07 18:00:00,4675.972482037208
2018-07-07 19:00:00,4659.265489017719
2018-07-07 20:00:00,4669.311684321421
2018-07-07 21:00:00,4713.4164590295095
2018-07-07 22:00:00,4749.797427637675
2018-07-07 23:00:00,4545.218703918055
2018-07-08 00:00:00,4416.140438229264
2018-07-08 01:00:00,4438.330477417629
2018-07-08 02:00:00,4530.951390226921
2018-07-08 03:00:00,4562.170807372751
2018-07-08 04:00:00,4584.455672753216
2018-07-08 05:00:00,4591.271940131994
2018-07-08 06:00:00,4656.329041421863
2018-07-08 07:00:00,4652.454348480481
2018-07-08 08:00:00,4703.430875597387
2018-07-08 09:00:00,4727.733762835823
2018-07-08 10:00:00,4696.892379434885
2018-07-08 11:00:00,4664.415954648466
2018-07-08 12:00:00,4667.61291487896
2018-07-08 13:00:00,4670.067289055431
2018-07-08 14:00:00,4659.720735547538
2018-07-08 15:00:00,4651.160966776648
2018-07-08 16:00:00,4664.590994880137
2018-07-08 17:00:00,4694.25311606675
2018-07-08 18:00:00,4695.823749063286
2018-07-08 19:00:00,4676.799229557309
2018-07-08 20:00:00,4692.327582989263
2018-07-08 21:00:00,4737.363010431075
2018-07-08 22:00:00,4763.303580634057
2018-07-08 23:00:00,4544.221812660364
2018-07-09 00:00:00,4461.94051406674
2018-07-09 01:00:00,4507.436040829242
2018-07-09 02:00:00,4618.779850453681
2018-07-09 03:00:00,4654.397599482925
2018-07-09 04:00:00,4672.049732238625
2018-07-09 05:00:00,4709.989017292361
2018-07-09 06:00:00,4852.653788302225
2018-07-09 07:00:00,4923.2501417721105
2018-07-09 08:00:00,4812.653258314147
2018-07-09 09:00:00,4720.682549883704
2018-07-09 10:00:00,4723.285086109524
2018-07-09 11:00:00,4705.720193764017
2018-07-09 12:00:00,4691.495686308919
2018-07-09 13:00:00,4688.542438882605
2018-07-09 14:00:00,4687.916055761273
2018-07-09 15:00:00,4666.750391057541
2018-07-09 16:00:00,4676.055932354012
2018-07-09 17:00:00,4691.127399192408
2018-07-09 18:00:00,4686.096842616722
2018-07-09 19:00:00,4671.518782212108
2018-07-09 20:00:00,4687.598474680723
2018-07-09 21:00:00,4733.071187299541
2018-07-09 22:00:00,4747.30391151228
2018-07-09 23:00:00,4505.021821400729
2018-07-10 00:00:00,4409.719425768601
2018-07-10 01:00:00,4456.024556299213
2018-07-10 02:00:00,4566.851448583303
2018-07-10 03:00:00,4599.819018930914
2018-07-10 04:00:00,4617.604190181919
2018-07-10 05:00:00,4647.94847648727
2018-07-10 06:00:00,4789.552664068656
2018-07-10 07:00:00,4857.582826964246
2018-07-10 08:00:00,4749.050035811796
2018-07-10 09:00:00,4689.185944173734
2018-07-10 10:00:00,4694.225155873016
2018-07-10 11:00:00,4690.694026008135
2018-07-10 12:00:00,4676.896929350762
2018-07-10 13:00:00,4672.15423002912
2018-07-10 14:00:00,4674.845751292695
2018-07-10 15:00:00,4653.8594458575
2018-07-10 16:00:00,4662.792555766085
2018-07-10 17:00:00,4679.102800361181
2018-07-10 18:00:00,4677.907006921208
2018-07-10 19:00:00,4663.731575947611
2018-07-10 20:00:00,4679.3888002322055
2018-07-10 21:00:00,4725.769238395678
2018-07-10 22:00:00,4749.788802236512
2018-07-10 23:00:00,4507.506712124961
2018-07-11 00:00:00,4417.726796321367
2018-07-11 01:00:00,4463.843806307573
2018-07-11 02:00:00,4568.235028691065
2018-07-11 03:00:00,4599.340886367052
2018-07-11 04:00:00,4617.126057618057
2018-07-11 05:00:00,4643.2691961377095
2018-07-11 06:00:00,4784.926951191081
2018-07-11 07:00:00,4852.957114086671
2018-07-11 08:00:00,4743.652225766308
2018-07-11 09:00:00,4684.118040115454
2018-07-11 10:00:00,4689.157251814735
2018-07-11 11:00:00,4684.289552459761
2018-07-11 12:00:00,4670.492455802387
2018-07-11 13:00:00,4665.749756480746
2018-07-11 14:00:00,4668.441277744321
2018-07-11 15:00:00,4647.454972309125
2018-07-11 16:00:00,4656.388082217711
2018-07-11 17:00:00,4672.602831043357
2018-07-11 18:00:00,4672.926302734372
2018-07-11 19:00:00,4658.750871760775
2018-07-11 20:00:00,4675.32280764425
2018-07-11 21:00:00,4721.703245807723
2018-07-11 22:00:00,4745.722809648557
2018-07-11 23:00:00,4507.812842888127
2018-07-12 00:00:00,4412.385004898688
2018-07-12 01:00:00,4458.332454252113
2018-07-12 02:00:00,4562.723676635605
2018-07-12 03:00:00,4593.829534311591
2018-07-12 04:00:00,4611.614705562597
2018-07-12 05:00:00,4637.757844082249
2018-07-12 06:00:00,4779.415599135621
2018-07-12 07:00:00,4847.445762031211
2018-07-12 08:00:00,4738.140873710849
2018-07-12 09:00:00,4679.185764636554
2018-07-12 10:00:00,4684.224976335836
2018-07-12 11:00:00,4679.357276980861
2018-07-12 12:00:00,4665.560180323488
2018-07-12 13:00:00,4660.817481001846
2018-07-12 14:00:00,4663.509002265421
2018-07-12 15:00:00,4642.501982145445
2018-07-12 16:00:00,4651.43509205403
2018-07-12 17:00:00,4667.649840879676
2018-07-12 18:00:00,4667.9733125706925
2018-07-12 19:00:00,4653.878296233539
2018-07-12 20:00:00,4670.468359427599
2018-07-12 21:00:00,4716.848797591071
2018-07-12 22:00:00,4741.951627268692
2018-07-12 23:00:00,4506.650715578894
2018-07-13 00:00:00,4411.455990723703
2018-07-13 01:00:00,4451.243253576191
2018-07-13 02:00:00,4552.311016652663
2018-07-13 03:00:00,4583.416874328646
2018-07-13 04:00:00,4601.647707487808
2018-07-13 05:00:00,4628.082857140141
2018-07-13 06:00:00,4768.4736766200895
2018-07-13 07:00:00,4831.96757247368
2018-07-13 08:00:00,4728.103019906388
2018-07-13 09:00:00,4677.640121235508
2018-07-13 10:00:00,4682.059369640367
2018-07-13 11:00:00,4687.607353361168
2018-07-13 12:00:00,4672.1390267986335
2018-07-13 13:00:00,4667.496592884885
2018-07-13 14:00:00,4671.855865777909
2018-07-13 15:00:00,4650.8488456579325
2018-07-13 16:00:00,4657.659070595378
2018-07-13 17:00:00,4674.0605745537605
2018-07-13 18:00:00,4668.631585370192
2018-07-13 19:00:00,4651.714629356875
2018-07-13 20:00:00,4661.760824660577
2018-07-13 21:00:00,4705.865599368665
2018-07-13 22:00:00,4748.078517846706
2018-07-13 23:00:00,4538.161807316309
2018-07-14 00:00:00,4403.243384698428
2018-07-14 01:00:00,4433.997703348505
2018-07-14 02:00:00,4526.924731827254
2018-07-14 03:00:00,4558.144148973085
2018-07-14 04:00:00,4576.560732987621
2018-07-14 05:00:00,4587.017427435177
2018-07-14 06:00:00,4650.240712732283
2018-07-14 07:00:00,4646.781374512015
2018-07-14 08:00:00,4700.464976865764
2018-07-14 09:00:00,4723.360952048508
2018-07-14 10:00:00,4708.578782481152
2018-07-14 11:00:00,4679.466061710164
2018-07-14 12:00:00,4661.473585549293
2018-07-14 13:00:00,4659.187725936596
2018-07-14 14:00:00,4655.032564242183
2018-07-14 15:00:00,4646.474803877711
2018-07-14 16:00:00,4659.189611706968
2018-07-14 17:00:00,4682.039295136469
2018-07-14 18:00:00,4675.74820080409
2018-07-14 19:00:00,4655.048082034454
2018-07-14 20:00:00,4665.094277338156
2018-07-14 21:00:00,4715.758024102557
2018-07-14 22:00:00,4752.138992710723
2018-07-14 23:00:00,4542.896687766475
2018-07-15 00:00:00,4415.66251161825
2018-07-15 01:00:00,4438.807672715975
2018-07-15 02:00:00,4530.47278522827
2018-07-15 03:00:00,4561.692202374102
2018-07-15 04:00:00,4583.977067754567
2018-07-15 05:00:00,4590.793335133344
2018-07-15 06:00:00,4655.850436423213
2018-07-15 07:00:00,4651.975743481831
2018-07-15 08:00:00,4702.952270598737
2018-07-15 09:00:00,4727.255157837173
2018-07-15 10:00:00,4696.413774436235
2018-07-15 11:00:00,4663.9373496498165
2018-07-15 12:00:00,4667.13430988031
2018-07-15 13:00:00,4669.588684056781
2018-07-15 14:00:00,4659.242130548889
2018-07-15 15:00:00,4650.682361777998
2018-07-15 16:00:00,4664.112389881488
2018-07-15 17:00:00,4693.774511068101
2018-07-15 18:00:00,4695.345144064637
2018-07-15 19:00:00,4672.327498808512
2018-07-15 20:00:00,4687.8558522404655
2018-07-15 21:00:00,4739.450251738591
2018-07-15 22:00:00,4765.390821941572
2018-07-15 23:00:00,4541.645472743253
2018-07-16 00:00:00,4461.502682823359
2018-07-16 01:00:00,4507.9533314952205
2018-07-16 02:00:00,4618.341340822663
2018-07-16 03:00:00,4653.959089851907
2018-07-16 04:00:00,4671.6112226076075
2018-07-16 05:00:00,4709.550507661343
2018-07-16 06:00:00,4852.215278671207
2018-07-16 07:00:00,4922.811632141093
2018-07-16 08:00:00,4812.214748683129
2018-07-16 09:00:00,4720.244040252686
2018-07-16 10:00:00,4722.783066222388
2018-07-16 11:00:00,4705.21817387688
2018-07-16 12:00:00,4690.914991445332
2018-07-16 13:00:00,4687.961744019018
2018-07-16 14:00:00,4687.335360897686
2018-07-16 15:00:00,4666.169696193954
2018-07-16 16:00:00,4675.475237490425
2018-07-16 17:00:00,4690.546704328821
2018-07-16 18:00:00,4685.516147753135
2018-07-16 19:00:00,4666.944961598374
2018-07-16 20:00:00,4683.024654066989
2018-07-16 21:00:00,4735.05633874212
2018-07-16 22:00:00,4749.289062954858
2018-07-16 23:00:00,4502.3433916186805
2018-07-17 00:00:00,4409.945785328877
2018-07-17 01:00:00,4456.7785921252935
2018-07-17 02:00:00,4566.649684112386
2018-07-17 03:00:00,4599.617254459998
2018-07-17 04:00:00,4617.402425711003
2018-07-17 05:00:00,4647.746712016355
2018-07-17 06:00:00,4789.35089959774
2018-07-17 07:00:00,4857.38106249333
2018-07-17 08:00:00,4748.84827134088
2018-07-17 09:00:00,4688.984179702818
2018-07-17 10:00:00,4693.959881145981
2018-07-17 11:00:00,4690.428751281101
2018-07-17 12:00:00,4676.5529796472765
2018-07-17 13:00:00,4671.810280325635
2018-07-17 14:00:00,4674.50180158921
2018-07-17 15:00:00,4653.515496154015
2018-07-17 16:00:00,4662.4486060625995
2018-07-17 17:00:00,4678.758850657696
2018-07-17 18:00:00,4677.563057217723
2018-07-17 19:00:00,4660.325673096628
2018-07-17 20:00:00,4675.982897381222
2018-07-17 21:00:00,4728.303705931426
2018-07-17 22:00:00,4752.323269772261
2018-07-17 23:00:00,4505.377598436082
2018-07-18 00:00:00,4417.953155881644
2018-07-18 01:00:00,4464.597842133653
2018-07-18 02:00:00,4568.033264220148
2018-07-18 03:00:00,4599.139121896136
2018-07-18 04:00:00,4616.924293147141
2018-07-18 05:00:00,4643.067431666793
2018-07-18 06:00:00,4784.725186720164
2018-07-18 07:00:00,4852.755349615754
2018-07-18 08:00:00,4743.4504612953915
2018-07-18 09:00:00,4683.916275644538
2018-07-18 10:00:00,4688.891977087701
2018-07-18 11:00:00,4684.024277732726
2018-07-18 12:00:00,4670.148506098902
2018-07-18 13:00:00,4665.405806777261
2018-07-18 14:00:00,4668.097328040836
2018-07-18 15:00:00,4647.11102260564
2018-07-18 16:00:00,4656.044132514226
2018-07-18 17:00:00,4672.258881339872
2018-07-18 18:00:00,4672.582353030887
2018-07-18 19:00:00,4655.3449689097915
2018-07-18 20:00:00,4671.916904793266
2018-07-18 21:00:00,4724.237713343471
2018-07-18 22:00:00,4748.257277184305
2018-07-18 23:00:00,4505.683729199249
2018-07-19 00:00:00,4413.60113308116
2018-07-19 01:00:00,4460.076258700388
2018-07-19 02:00:00,4563.511680786884
2018-07-19 03:00:00,4594.61753846287
2018-07-19 04:00:00,4612.402709713876
2018-07-19 05:00:00,4638.545848233529
2018-07-19 06:00:00,4780.2036032869
2018-07-19 07:00:00,4848.23376618249
2018-07-19 08:00:00,4735.295823342246
2018-07-19 09:00:00,4679.15281850902
2018-07-19 10:00:00,4684.128519952183
2018-07-19 11:00:00,4679.260820597208
2018-07-19 12:00:00,4665.385048963384
2018-07-19 13:00:00,4660.642349641743
2018-07-19 14:00:00,4663.333870905318
2018-07-19 15:00:00,4642.326850785342
2018-07-19 16:00:00,4651.259960693927
2018-07-19 17:00:00,4667.474709519573
2018-07-19 18:00:00,4667.798181210589
2018-07-19 19:00:00,4650.641211725937
2018-07-19 20:00:00,4667.231274919997
2018-07-19 21:00:00,4719.552083470201
2018-07-19 22:00:00,4744.654913147821
2018-07-19 23:00:00,4504.690420233397
2018-07-20 00:00:00,4413.170060849318
2018-07-20 01:00:00,4453.48499996761
2018-07-20 02:00:00,4553.596962747085
2018-07-20 03:00:00,4584.702820423068
2018-07-20 04:00:00,4602.93365358223
2018-07-20 05:00:00,4629.3688032345635
2018-07-20 06:00:00,4769.759622714512
2018-07-20 07:00:00,4833.253518568102
2018-07-20 08:00:00,4725.546838438135
2018-07-20 09:00:00,4677.896044008322
2018-07-20 10:00:00,4682.251782157064
2018-07-20 11:00:00,4687.799765877864
2018-07-20 12:00:00,4672.252764338879
2018-07-20 13:00:00,4667.61033042513
2018-07-20 14:00:00,4671.969603318154
2018-07-20 15:00:00,4650.9625831981775
2018-07-20 16:00:00,4657.772808135624
2018-07-20 17:00:00,4674.174312094006
2018-07-20 18:00:00,4668.745322910438
2018-07-20 19:00:00,4648.766413749622
2018-07-20 20:00:00,4657.2115766012075
2018-07-20 21:00:00,4718.087635568946
2018-07-20 22:00:00,4746.881083540999
2018-07-20 23:00:00,4532.300791785976
2018-07-21 00:00:00,4404.649794921757
2018-07-21 01:00:00,4435.404113571834
2018-07-21 02:00:00,4528.331142050583
2018-07-21 03:00:00,4559.550559196414
2018-07-21 04:00:00,4577.967143210948
2018-07-21 05:00:00,4588.423837658505
2018-07-21 06:00:00,4651.647122955612
2018-07-21 07:00:00,4648.1877847353435
2018-07-21 08:00:00,4698.029259526417
2018-07-21 09:00:00,4723.737338950229
2018-07-21 10:00:00,4708.891659126756
2018-07-21 11:00:00,4679.7789383557665
2018-07-21 12:00:00,4661.707787218445
2018-07-21 13:00:00,4659.421927605748
2018-07-21 14:00:00,4655.266765911336
2018-07-21 15:00:00,4646.709005546863
2018-07-21 16:00:00,4659.423813376121
2018-07-21 17:00:00,4682.273496805621
2018-07-21 18:00:00,4675.9824024732425
2018-07-21 19:00:00,4656.2134563062555
2018-07-21 20:00:00,4664.658619157841
2018-07-21 21:00:00,4725.534678125579
2018-07-21 22:00:00,4748.496176227758
2018-07-21 23:00:00,4539.253871283511
2018-07-22 00:00:00,4417.035221473368
2018-07-22 01:00:00,4440.180382571094
2018-07-22 02:00:00,4531.845495083389
2018-07-22 03:00:00,4563.064912229221
2018-07-22 04:00:00,4585.349777609685
2018-07-22 05:00:00,4592.166044988462
2018-07-22 06:00:00,4657.223146278331
2018-07-22 07:00:00,4653.348453336949
2018-07-22 08:00:00,4700.48285289118
2018-07-22 09:00:00,4727.597844370684
2018-07-22 10:00:00,4694.01512460976
2018-07-22 11:00:00,4661.538699823342
2018-07-22 12:00:00,4667.591115464762
2018-07-22 13:00:00,4670.045489641233
2018-07-22 14:00:00,4659.698936133341
2018-07-22 15:00:00,4651.13916736245
2018-07-22 16:00:00,4664.56919546594
2018-07-22 17:00:00,4694.231316652553
2018-07-22 18:00:00,4695.801949649089
2018-07-22 19:00:00,4673.715476995613
2018-07-22 20:00:00,4687.642797975451
2018-07-22 21:00:00,4749.449509676912
2018-07-22 22:00:00,4761.970609373907
2018-07-22 23:00:00,4538.225260175588
2018-07-23 00:00:00,4462.799939167156
2018-07-23 01:00:00,4509.2505878390175
2018-07-23 02:00:00,4619.63859716646
2018-07-23 03:00:00,4655.256346195703
2018-07-23 04:00:00,4672.908478951404
2018-07-23 05:00:00,4710.84776400514
2018-07-23 06:00:00,4853.512535015003
2018-07-23 07:00:00,4924.108888484889
2018-07-23 08:00:00,4809.66987746425
2018-07-23 09:00:00,4720.511273274876
2018-07-23 10:00:00,4723.050299244576
2018-07-23 11:00:00,4705.48540689907
2018-07-23 12:00:00,4691.182224467521
2018-07-23 13:00:00,4688.228977041207
2018-07-23 14:00:00,4687.602593919875
2018-07-23 15:00:00,4666.436929216143
2018-07-23 16:00:00,4675.742470512614
2018-07-23 17:00:00,4690.81393735101
2018-07-23 18:00:00,4685.783380775323
2018-07-23 19:00:00,4668.1433672232115
2018-07-23 20:00:00,4682.62202723971
2018-07-23 21:00:00,4744.866024118178
2018-07-23 22:00:00,4745.679277824929
2018-07-23 23:00:00,4498.733606488753
2018-07-24 00:00:00,4410.932357841382
2018-07-24 01:00:00,4457.765164637799
2018-07-24 02:00:00,4567.636256624892
2018-07-24 03:00:00,4600.603826972503
2018-07-24 04:00:00,4618.388998223509
2018-07-24 05:00:00,4648.73328452886
2018-07-24 06:00:00,4790.337472110245
2018-07-24 07:00:00,4858.411233846102
2018-07-24 08:00:00,4746.036315130977
2018-07-24 09:00:00,4689.514364453622
2018-07-24 10:00:00,4694.490065896785
2018-07-24 11:00:00,4690.958936031904
2018-07-24 12:00:00,4677.08316439808
2018-07-24 13:00:00,4672.340465076439
2018-07-24 14:00:00,4675.031986340015
2018-07-24 15:00:00,4654.045680904818
2018-07-24 16:00:00,4662.978790813404
2018-07-24 17:00:00,4679.2890354085
2018-07-24 18:00:00,4678.093241968528
2018-07-24 19:00:00,4660.855857847431
2018-07-24 20:00:00,4674.982048628419
2018-07-24 21:00:00,4738.133771051541
2018-07-24 22:00:00,4748.733864386388
2018-07-24 23:00:00,4501.78819305021
2018-07-25 00:00:00,4420.333340017124
2018-07-25 01:00:00,4466.978026269133
2018-07-25 02:00:00,4570.41344835563
2018-07-25 03:00:00,4601.519306031615
2018-07-25 04:00:00,4619.30447728262
2018-07-25 05:00:00,4645.447615802273
2018-07-25 06:00:00,4787.105370855644
2018-07-25 07:00:00,4855.1791325915
2018-07-25 08:00:00,4740.096534131858
2018-07-25 09:00:00,4683.904489441711
2018-07-25 10:00:00,4688.8801908848745
2018-07-25 11:00:00,4684.012491529899
2018-07-25 12:00:00,4670.136719896075
2018-07-25 13:00:00,4665.394020574434
2018-07-25 14:00:00,4668.08554183801
2018-07-25 15:00:00,4647.099236402813
2018-07-25 16:00:00,4656.032346311399
2018-07-25 17:00:00,4672.247095137044
2018-07-25 18:00:00,4672.570566828061
2018-07-25 19:00:00,4655.333182706965
2018-07-25 20:00:00,4674.773414973131
2018-07-25 21:00:00,4745.038111363912
2018-07-25 22:00:00,4732.793072117051
2018-07-25 23:00:00,4502.126621272967
2018-07-26 00:00:00,4414.991548594445
2018-07-26 01:00:00,4461.466674213673
2018-07-26 02:00:00,4564.902096300169
2018-07-26 03:00:00,4596.007953976154
2018-07-26 04:00:00,4613.79312522716
2018-07-26 05:00:00,4639.936263746813
2018-07-26 06:00:00,4781.594018800184
2018-07-26 07:00:00,4849.6677805360405
2018-07-26 08:00:00,4734.585182076398
2018-07-26 09:00:00,4678.972213962811
2018-07-26 10:00:00,4683.9479154059745
2018-07-26 11:00:00,4679.080216050999
2018-07-26 12:00:00,4665.204444417175
2018-07-26 13:00:00,4660.461745095535
2018-07-26 14:00:00,4663.15326635911
2018-07-26 15:00:00,4642.146246239133
2018-07-26 16:00:00,4651.0793561477185
2018-07-26 17:00:00,4667.2941049733645
2018-07-26 18:00:00,4667.61757666438
2018-07-26 19:00:00,4650.460607179728
2018-07-26 20:00:00,4669.918966756481
2018-07-26 21:00:00,4740.183663147261
2018-07-26 22:00:00,4729.021889737187
2018-07-26 23:00:00,4500.964493963733
2018-07-27 00:00:00,4414.498498309366
2018-07-27 01:00:00,4454.813437427658
2018-07-27 02:00:00,4554.925400207134
2018-07-27 03:00:00,4586.031257883117
2018-07-27 04:00:00,4604.262091042278
2018-07-27 05:00:00,4630.6972406946115
2018-07-27 06:00:00,4771.08806017456
2018-07-27 07:00:00,4837.231659415037
2018-07-27 08:00:00,4710.595614883229
2018-07-27 09:00:00,4678.093978945672
2018-07-27 10:00:00,4682.449717094412
2018-07-27 11:00:00,4687.997700815214
2018-07-27 12:00:00,4672.450699276229
2018-07-27 13:00:00,4667.80826536248
2018-07-27 14:00:00,4672.167538255504
2018-07-27 15:00:00,4651.160518135528
2018-07-27 16:00:00,4657.970743072973
2018-07-27 17:00:00,4674.372247031356
2018-07-27 18:00:00,4668.943257847787
2018-07-27 19:00:00,4648.964348686972
2018-07-27 20:00:00,4661.878840373365
2018-07-27 21:00:00,4729.867873308762
2018-07-27 22:00:00,4735.816188699107
2018-07-27 23:00:00,4533.142994085056
2018-07-28 00:00:00,4405.955959062111
2018-07-28 01:00:00,4436.710277712188
2018-07-28 02:00:00,4529.637306190937
2018-07-28 03:00:00,4560.8567233367685
2018-07-28 04:00:00,4579.273307351303
2018-07-28 05:00:00,4589.730001798859
2018-07-28 06:00:00,4652.953287095966
2018-07-28 07:00:00,4652.1436522625845
2018-07-28 08:00:00,4683.055762651817
2018-07-28 09:00:00,4723.913000567884
2018-07-28 10:00:00,4709.0673207444115
2018-07-28 11:00:00,4679.954599973423
2018-07-28 12:00:00,4661.883448836101
2018-07-28 13:00:00,4659.597589223404
2018-07-28 14:00:00,4655.442427528991
2018-07-28 15:00:00,4646.884667164519
2018-07-28 16:00:00,4659.599474993776
2018-07-28 17:00:00,4682.449158423277
2018-07-28 18:00:00,4676.158064090898
2018-07-28 19:00:00,4656.389117923911
2018-07-28 20:00:00,4669.303609610304
2018-07-28 21:00:00,4737.292642545701
2018-07-28 22:00:00,4737.409008066172
2018-07-28 23:00:00,4540.073800262897
2018-07-29 00:00:00,4418.410444125624
2018-07-29 01:00:00,4441.55560522335
2018-07-29 02:00:00,4533.220717735644
2018-07-29 03:00:00,4564.440134881475
2018-07-29 04:00:00,4586.725000261939
2018-07-29 05:00:00,4593.541267640716
2018-07-29 06:00:00,4658.598368930586
2018-07-29 07:00:00,4657.373379376091
2018-07-29 08:00:00,4685.578414528481
2018-07-29 09:00:00,4727.84256450024
2018-07-29 10:00:00,4694.259844739317
2018-07-29 11:00:00,4661.783419952898
2018-07-29 12:00:00,4667.835835594318
2018-07-29 13:00:00,4670.290209770789
2018-07-29 14:00:00,4659.943656262897
2018-07-29 15:00:00,4651.383887492007
2018-07-29 16:00:00,4664.813915595496
2018-07-29 17:00:00,4694.476036782109
2018-07-29 18:00:00,4696.046669778645
2018-07-29 19:00:00,4673.9601971251695
2018-07-29 20:00:00,4692.356846939815
2018-07-29 21:00:00,4761.276532608935
2018-07-29 22:00:00,4750.9524997242215
2018-07-29 23:00:00,4539.114247666875
2018-07-30 00:00:00,4464.329737662178
2018-07-30 01:00:00,4510.78038633404
2018-07-30 02:00:00,4621.168395661482
2018-07-30 03:00:00,4656.786144690725
2018-07-30 04:00:00,4674.438277446426
2018-07-30 05:00:00,4712.377562500161
2018-07-30 06:00:00,4855.042333510025
2018-07-30 07:00:00,4928.288390366798
2018-07-30 08:00:00,4794.920014944318
2018-07-30 09:00:00,4720.910569247199
2018-07-30 10:00:00,4723.4495952169
2018-07-30 11:00:00,4705.8847028713935
2018-07-30 12:00:00,4691.581520439845
2018-07-30 13:00:00,4688.628273013531
2018-07-30 14:00:00,4688.001889892199
2018-07-30 15:00:00,4666.836225188466
2018-07-30 16:00:00,4676.141766484938
2018-07-30 17:00:00,4691.213233323334
2018-07-30 18:00:00,4686.182676747647
2018-07-30 19:00:00,4668.542663195535
2018-07-30 20:00:00,4687.490652046842
2018-07-30 21:00:00,4756.847622892968
2018-07-30 22:00:00,4734.815744018012
2018-07-30 23:00:00,4499.777169822806
2018-07-31 00:00:00,4413.156547136467
2018-07-31 01:00:00,4459.989353932884
2018-07-31 02:00:00,4569.706834589338
2018-07-31 03:00:00,4602.674404936948
2018-07-31 04:00:00,4620.459576187954
2018-07-31 05:00:00,4650.803862493305
2018-07-31 06:00:00,4792.4080500746895
2018-07-31 07:00:00,4863.087916357167
2018-07-31 08:00:00,4731.7836332402
2018-07-31 09:00:00,4689.880804335462
2018-07-31 10:00:00,4694.856505778625
2018-07-31 11:00:00,4691.325375913744
2018-07-31 12:00:00,4677.44960427992
2018-07-31 13:00:00,4672.70690495828
2018-07-31 14:00:00,4675.398426221855
2018-07-31 15:00:00,4654.412120786658
2018-07-31 16:00:00,4663.345230695244
2018-07-31 17:00:00,4679.65547529034
2018-07-31 18:00:00,4678.459681850368
2018-07-31 19:00:00,4661.222297729272
2018-07-31 20:00:00,4679.747818396558
2018-07-31 21:00:00,4750.012514787338
2018-07-31 22:00:00,4737.767475540478
2018-07-31 23:00:00,4502.728901345272
2018-08-01 00:00:00,4424.417351862747
2018-08-01 01:00:00,4468.387360711315
2018-08-01 02:00:00,4571.669171467172
2018-08-01 03:00:00,4602.775029143158
2018-08-01 04:00:00,4620.560200394162
2018-08-01 05:00:00,4646.703338913814
2018-08-01 06:00:00,4788.361093967185
2018-08-01 07:00:00,4859.040960249663
2018-08-01 08:00:00,4726.964579964784
2018-08-01 09:00:00,4685.391657047253
2018-08-01 10:00:00,4690.367358490416
2018-08-01 11:00:00,4685.499659135441
2018-08-01 12:00:00,4671.623887501617
2018-08-01 13:00:00,4666.881188179977
2018-08-01 14:00:00,4669.5727094435515
2018-08-01 15:00:00,4648.5537617732225
2018-08-01 16:00:00,4657.486871681808
2018-08-01 17:00:00,4673.701620507454
2018-08-01 18:00:00,4674.02509219847
2018-08-01 19:00:00,4654.750102390003
2018-08-01 20:00:00,4679.873607855967
2018-08-01 21:00:00,4752.347663321939
2018-08-01 22:00:00,4728.41365350289
2018-08-01 23:00:00,4506.53862460367
2018-08-02 00:00:00,4418.479591489501
2018-08-02 01:00:00,4462.28003970529
2018-08-02 02:00:00,4565.561850461146
2018-08-02 03:00:00,4596.667708137131
2018-08-02 04:00:00,4614.452879388136
2018-08-02 05:00:00,4640.596017907788
2018-08-02 06:00:00,4782.25377296116
2018-08-02 07:00:00,4860.078610714287
2018-08-02 08:00:00,4720.38826700982
2018-08-02 09:00:00,4679.394420668849
2018-08-02 10:00:00,4684.370122112013
2018-08-02 11:00:00,4679.5024227570375
2018-08-02 12:00:00,4665.626651123213
2018-08-02 13:00:00,4660.883951801573
2018-08-02 14:00:00,4663.575473065148
2018-08-02 15:00:00,4642.535810710038
2018-08-02 16:00:00,4651.468920618624
2018-08-02 17:00:00,4667.68366944427
2018-08-02 18:00:00,4668.007141135286
2018-08-02 19:00:00,4648.812565963262
2018-08-02 20:00:00,4673.9541987398115
2018-08-02 21:00:00,4749.708895380909
2018-08-02 22:00:00,4722.703068026953
2018-08-02 23:00:00,4503.437094198363
2018-08-03 00:00:00,4417.858529157212
2018-08-03 01:00:00,4455.498790872064
2018-08-03 02:00:00,4555.457142320899
2018-08-03 03:00:00,4586.562999996882
2018-08-03 04:00:00,4604.793833156044
2018-08-03 05:00:00,4631.228982808377
2018-08-03 06:00:00,4771.619802288325
2018-08-03 07:00:00,4844.908372999452
2018-08-03 08:00:00,4707.933502392308
2018-08-03 09:00:00,4675.43186645475
2018-08-03 10:00:00,4679.787604603492
2018-08-03 11:00:00,4687.448578182145
2018-08-03 12:00:00,4671.90157664316
2018-08-03 13:00:00,4667.259142729411
2018-08-03 14:00:00,4671.618415622435
2018-08-03 15:00:00,4650.578753267326
2018-08-03 16:00:00,4657.388978204772
2018-08-03 17:00:00,4673.790482163155
2018-08-03 18:00:00,4668.361492979586
2018-08-03 19:00:00,4646.344978131398
2018-08-03 20:00:00,4664.942743017589
2018-08-03 21:00:00,4742.263503625365
2018-08-03 22:00:00,4727.689443186394
2018-08-03 23:00:00,4533.807670517206
2018-08-04 00:00:00,4409.338263229651
2018-08-04 01:00:00,4437.417904476288
2018-08-04 02:00:00,4530.191321624397
2018-08-04 03:00:00,4561.410738770228
2018-08-04 04:00:00,4579.827322784762
2018-08-04 05:00:00,4590.2840172323195
2018-08-04 06:00:00,4653.507302529425
2018-08-04 07:00:00,4659.8426391666935
2018-08-04 08:00:00,4680.41592348059
2018-08-04 09:00:00,4721.273161396658
2018-08-04 10:00:00,4706.427481573184
2018-08-04 11:00:00,4679.427750660047
2018-08-04 12:00:00,4661.356599522726
2018-08-04 13:00:00,4659.070739910029
2018-08-04 14:00:00,4654.915578215616
2018-08-04 15:00:00,4646.325175616012
2018-08-04 16:00:00,4659.039983445269
2018-08-04 17:00:00,4681.889666874769
2018-08-04 18:00:00,4675.598572542391
2018-08-04 19:00:00,4653.792020688032
2018-08-04 20:00:00,4672.3897855742225
2018-08-04 21:00:00,4749.710546181998
2018-08-04 22:00:00,4729.304535873153
2018-08-04 23:00:00,4540.7607500147415
2018-08-05 00:00:00,4421.792955393292
2018-08-05 01:00:00,4442.263439087577
2018-08-05 02:00:00,4533.7749402692325
2018-08-05 03:00:00,4564.994357415064
2018-08-05 04:00:00,4587.279222795528
2018-08-05 05:00:00,4594.095490174305
2018-08-05 06:00:00,4659.152591464174
2018-08-05 07:00:00,4665.072573380329
2018-08-05 08:00:00,4682.938782457382
2018-08-05 09:00:00,4725.2029324291425
2018-08-05 10:00:00,4691.620212668218
2018-08-05 11:00:00,4661.2567777396525
2018-08-05 12:00:00,4667.309193381073
2018-08-05 13:00:00,4669.763567557544
2018-08-05 14:00:00,4659.417014049652
2018-08-05 15:00:00,4650.824603043628
2018-08-05 16:00:00,4664.254631147118
2018-08-05 17:00:00,4693.916752333731
2018-08-05 18:00:00,4694.981170519987
2018-08-05 19:00:00,4670.85709217914
2018-08-05 20:00:00,4694.937015193582
2018-08-05 21:00:00,4782.722102299131
2018-08-05 22:00:00,4732.560731961269
2018-08-05 23:00:00,4539.04559881447
2018-08-06 00:00:00,4467.905743069201
2018-08-06 01:00:00,4511.681714337624
2018-08-06 02:00:00,4621.9161123344265
2018-08-06 03:00:00,4657.53386136367
2018-08-06 04:00:00,4675.185994119371
2018-08-06 05:00:00,4713.125279173106
2018-08-06 06:00:00,4855.79005018297
2018-08-06 07:00:00,4936.181078510393
2018-08-06 08:00:00,4791.84531036085
2018-08-06 09:00:00,4717.835864663732
2018-08-06 10:00:00,4720.374890633432
2018-08-06 11:00:00,4704.922988145778
2018-08-06 12:00:00,4690.619805714229
2018-08-06 13:00:00,4687.666558287915
2018-08-06 14:00:00,4687.040175166583
2018-08-06 15:00:00,4665.841868227718
2018-08-06 16:00:00,4675.147409524189
2018-08-06 17:00:00,4690.218876362585
2018-08-06 18:00:00,4684.682104976619
2018-08-06 19:00:00,4665.004485737136
2018-08-06 20:00:00,4689.635747788239
2018-08-06 21:00:00,4781.143215555479
2018-08-06 22:00:00,4709.842532601863
2018-08-06 23:00:00,4493.1270773172055
2018-08-07 00:00:00,4416.829386840835
2018-08-07 01:00:00,4460.987516233812
2018-08-07 02:00:00,4570.704996890266
2018-08-07 03:00:00,4603.672567237876
2018-08-07 04:00:00,4621.457738488882
2018-08-07 05:00:00,4651.802024794233
2018-08-07 06:00:00,4793.4062123756175
2018-08-07 07:00:00,4871.231050128745
2018-08-07 08:00:00,4728.959374284716
2018-08-07 09:00:00,4687.056545379977
2018-08-07 10:00:00,4692.032246823141
2018-08-07 11:00:00,4690.614106816112
2018-08-07 12:00:00,4676.738335182288
2018-08-07 13:00:00,4671.995635860647
2018-08-07 14:00:00,4674.687157124223
2018-08-07 15:00:00,4653.668209453894
2018-08-07 16:00:00,4662.6013193624785
2018-08-07 17:00:00,4678.911563957576
2018-08-07 18:00:00,4677.209555707323
2018-08-07 19:00:00,4657.934565898856
2018-08-07 20:00:00,4682.143359765939
2018-08-07 21:00:00,4774.558553077833
2018-08-07 22:00:00,4713.140741140692
2018-08-07 23:00:00,4496.425285856034
2018-08-08 00:00:00,4425.115790659874
2018-08-08 01:00:00,4469.0857995084425
2018-08-08 02:00:00,4572.3676102643
2018-08-08 03:00:00,4603.4734679402845
2018-08-08 04:00:00,4621.25863919129
2018-08-08 05:00:00,4647.101176111959
2018-08-08 06:00:00,4788.75893116533
2018-08-08 07:00:00,4868.6160484592965
2018-08-08 08:00:00,4723.658077958608
2018-08-08 09:00:00,4682.085155041077
2018-08-08 10:00:00,4687.0608564842405
2018-08-08 11:00:00,4684.306146987117
2018-08-08 12:00:00,4670.430375353294
2018-08-08 13:00:00,4665.687676031653
2018-08-08 14:00:00,4668.379197295228
2018-08-08 15:00:00,4647.360249624899
2018-08-08 16:00:00,4656.293359533484
2018-08-08 17:00:00,4672.50810835913
2018-08-08 18:00:00,4672.325365239866
2018-08-08 19:00:00,4653.0503754313995
2018-08-08 20:00:00,4678.173880897363
2018-08-08 21:00:00,4770.589074209257
2018-08-08 22:00:00,4709.171262272116
2018-08-08 23:00:00,4496.82793033858
2018-08-09 00:00:00,4419.830793704767
2018-08-09 01:00:00,4463.631241920556
2018-08-09 02:00:00,4566.913052676412
2018-08-09 03:00:00,4598.018910352397
2018-08-09 04:00:00,4615.804081603403
2018-08-09 05:00:00,4641.6466185240715
2018-08-09 06:00:00,4783.304373577444
2018-08-09 07:00:00,4863.16149087141
2018-08-09 08:00:00,4718.203520370721
2018-08-09 09:00:00,4677.20967402975
2018-08-09 10:00:00,4682.185375472914
2018-08-09 11:00:00,4679.430665975791
2018-08-09 12:00:00,4665.554894341967
2018-08-09 13:00:00,4660.812195020326
2018-08-09 14:00:00,4663.503716283901
2018-08-09 15:00:00,4642.464053928792
2018-08-09 16:00:00,4651.397163837377
2018-08-09 17:00:00,4667.611912663023
2018-08-09 18:00:00,4667.429169543759
2018-08-09 19:00:00,4648.2345943717355
2018-08-09 20:00:00,4673.376227148285
2018-08-09 21:00:00,4765.791420460178
2018-08-09 22:00:00,4705.456874359825
2018-08-09 23:00:00,4495.72259749692
2018-08-10 00:00:00,4418.901779529782
2018-08-10 01:00:00,4456.542041244634
2018-08-10 02:00:00,4556.50039269347
2018-08-10 03:00:00,4587.606250369452
2018-08-10 04:00:00,4605.837083528613
2018-08-10 05:00:00,4631.971631581963
2018-08-10 06:00:00,4772.362451061912
2018-08-10 07:00:00,4847.6833013138785
2018-08-10 08:00:00,4708.165666566261
2018-08-10 09:00:00,4675.664030628704
2018-08-10 10:00:00,4680.019768777444
2018-08-10 11:00:00,4687.680742356098
2018-08-10 12:00:00,4672.133740817113
2018-08-10 13:00:00,4667.491306903365
2018-08-10 14:00:00,4671.850579796388
2018-08-10 15:00:00,4650.810917441278
2018-08-10 16:00:00,4657.6211423787245
2018-08-10 17:00:00,4674.022646337107
2018-08-10 18:00:00,4668.087442343259
2018-08-10 19:00:00,4646.070927495071
2018-08-10 20:00:00,4664.668692381262
2018-08-10 21:00:00,4754.8082222377725
2018-08-10 22:00:00,4711.583764937838
2018-08-10 23:00:00,4527.233689234335
2018-08-11 00:00:00,4415.969789297118
2018-08-11 01:00:00,4444.049430543755
2018-08-11 02:00:00,4536.822847691865
2018-08-11 03:00:00,4568.042264837695
2018-08-11 04:00:00,4586.45884885223
2018-08-11 05:00:00,4596.6149417008055
2018-08-11 06:00:00,4659.83822699791
2018-08-11 07:00:00,4668.205843176018
2018-08-11 08:00:00,4675.706974786519
2018-08-11 09:00:00,4716.564212702588
2018-08-11 10:00:00,4701.718532879114
2018-08-11 11:00:00,4674.718801965977
2018-08-11 12:00:00,4656.647650828655
2018-08-11 13:00:00,4654.361791215958
2018-08-11 14:00:00,4650.206629521545
2018-08-11 15:00:00,4641.616226921941
2018-08-11 16:00:00,4654.331034751199
2018-08-11 17:00:00,4677.180718180699
2018-08-11 18:00:00,4670.38340903804
2018-08-11 19:00:00,4651.055722141092
2018-08-11 20:00:00,4669.653487027283
2018-08-11 21:00:00,4759.793016883793
2018-08-11 22:00:00,4710.736609713984
2018-08-11 23:00:00,4531.724520821257
2018-08-12 00:00:00,4428.628277993423
2018-08-12 01:00:00,4449.098761687708
2018-08-12 02:00:00,4540.610262869363
2018-08-12 03:00:00,4571.829680015197
2018-08-12 04:00:00,4594.114545395659
2018-08-12 05:00:00,4600.630211175452
2018-08-12 06:00:00,4665.687312465322
2018-08-12 07:00:00,4673.639573922317
2018-08-12 08:00:00,4678.433630295975
2018-08-12 09:00:00,4720.697780267734
2018-08-12 10:00:00,4687.115060506811
2018-08-12 11:00:00,4656.751625578245
2018-08-12 12:00:00,4662.804041219665
2018-08-12 13:00:00,4665.258415396136
2018-08-12 14:00:00,4654.911861888244
2018-08-12 15:00:00,4646.31945088222
2018-08-12 16:00:00,4659.74947898571
2018-08-12 17:00:00,4689.411600172322
2018-08-12 18:00:00,4690.4760183585795
2018-08-12 19:00:00,4668.830804975142
2018-08-12 20:00:00,4692.910727989585
2018-08-12 21:00:00,4777.535943225633
2018-08-12 22:00:00,4714.351625487443
2018-08-12 23:00:00,4536.164192615587
2018-08-13 00:00:00,4474.484532934212
2018-08-13 01:00:00,4518.260504202635
2018-08-13 02:00:00,4628.494902199438
2018-08-13 03:00:00,4664.112651228681
2018-08-13 04:00:00,4681.764783984382
2018-08-13 05:00:00,4719.403467439134
2018-08-13 06:00:00,4862.068238448998
2018-08-13 07:00:00,4944.49154631726
2018-08-13 08:00:00,4782.855577185687
2018-08-13 09:00:00,4708.846131488569
2018-08-13 10:00:00,4711.3851574582695
2018-08-13 11:00:00,4695.933254970615
2018-08-13 12:00:00,4681.6300725390665
2018-08-13 13:00:00,4678.676825112752
2018-08-13 14:00:00,4678.0504419914205
2018-08-13 15:00:00,4656.852135052555
2018-08-13 16:00:00,4666.157676349027
2018-08-13 17:00:00,4681.229143187423
2018-08-13 18:00:00,4675.692371801456
2018-08-13 19:00:00,4658.493617519383
2018-08-13 20:00:00,4683.124879570487
2018-08-13 21:00:00,4768.187379983541
2018-08-13 22:00:00,4693.1991848667285
2018-08-13 23:00:00,4491.8114298570135
2018-08-14 00:00:00,4421.904735897057
2018-08-14 01:00:00,4466.062865290034
2018-08-14 02:00:00,4575.780345946489
2018-08-14 03:00:00,4608.747916294098
2018-08-14 04:00:00,4626.533087545104
2018-08-14 05:00:00,4656.576772251472
2018-08-14 06:00:00,4798.180959832857
2018-08-14 07:00:00,4885.397688298464
2018-08-14 08:00:00,4716.428319982293
2018-08-14 09:00:00,4680.291393144598
2018-08-14 10:00:00,4685.267094587761
2018-08-14 11:00:00,4683.848954580732
2018-08-14 12:00:00,4669.973182946908
2018-08-14 13:00:00,4665.230483625268
2018-08-14 14:00:00,4667.922004888843
2018-08-14 15:00:00,4646.903057218514
2018-08-14 16:00:00,4655.8361671270995
2018-08-14 17:00:00,4672.146411722196
2018-08-14 18:00:00,4670.444403471944
2018-08-14 19:00:00,4653.648278620887
2018-08-14 20:00:00,4690.613626099917
2018-08-14 21:00:00,4766.85596191057
2018-08-14 22:00:00,4686.133034906025
2018-08-14 23:00:00,4498.091884588405
2018-08-15 00:00:00,4429.781146490062
2018-08-15 01:00:00,4473.75115533863
2018-08-15 02:00:00,4577.032966094488
2018-08-15 03:00:00,4608.138823770473
2018-08-15 04:00:00,4625.923995021478
2018-08-15 05:00:00,4651.766531942147
2018-08-15 06:00:00,4793.424286995519
2018-08-15 07:00:00,4880.641015461126
2018-08-15 08:00:00,4710.899549977042
2018-08-15 09:00:00,4675.092529126555
2018-08-15 10:00:00,4680.068230569717
2018-08-15 11:00:00,4677.313521072595
2018-08-15 12:00:00,4663.437749438771
2018-08-15 13:00:00,4658.6950501171295
2018-08-15 14:00:00,4661.386571380705
2018-08-15 15:00:00,4640.367623710376
2018-08-15 16:00:00,4649.300733618962
2018-08-15 17:00:00,4665.515482444607
2018-08-15 18:00:00,4665.332739325344
2018-08-15 19:00:00,4648.5366144742875
2018-08-15 20:00:00,4686.4166735521985
2018-08-15 21:00:00,4762.659009362851
2018-08-15 22:00:00,4681.936082358307
2018-08-15 23:00:00,4498.267055391809
2018-08-16 00:00:00,4424.522189189327
2018-08-16 01:00:00,4468.322637405116
2018-08-16 02:00:00,4571.604448160973
2018-08-16 03:00:00,4602.710305836958
2018-08-16 04:00:00,4620.495477087963
2018-08-16 05:00:00,4646.338014008632
2018-08-16 06:00:00,4787.995769062003
2018-08-16 07:00:00,4878.338162653113
2018-08-16 08:00:00,4705.571783561709
2018-08-16 09:00:00,4670.3438392877815
2018-08-16 10:00:00,4675.319540730945
2018-08-16 11:00:00,4672.564831233822
2018-08-16 12:00:00,4658.689059599998
2018-08-16 13:00:00,4653.946360278357
2018-08-16 14:00:00,4656.637881541932
2018-08-16 15:00:00,4635.5982191868225
2018-08-16 16:00:00,4644.531329095408
2018-08-16 17:00:00,4660.746077921054
2018-08-16 18:00:00,4660.56333480179
2018-08-16 19:00:00,4643.847624587177
2018-08-16 20:00:00,4697.556875587765
2018-08-16 21:00:00,4755.196896198402
2018-08-16 22:00:00,4668.416855096083
2018-08-16 23:00:00,4487.3568832002165
2018-08-17 00:00:00,4423.49972395995
2018-08-17 01:00:00,4461.139985674802
2018-08-17 02:00:00,4561.098337123637
2018-08-17 03:00:00,4592.2041947996195
2018-08-17 04:00:00,4610.435027958782
2018-08-17 05:00:00,4636.569576012131
2018-08-17 06:00:00,4776.96039549208
2018-08-17 07:00:00,4862.4525856037735
2018-08-17 08:00:00,4695.500410544736
2018-08-17 09:00:00,4668.764676674222
2018-08-17 10:00:00,4673.1204148229635
2018-08-17 11:00:00,4680.781388401617
2018-08-17 12:00:00,4665.234386862632
2018-08-17 13:00:00,4660.591952948883
2018-08-17 14:00:00,4664.951225841907
2018-08-17 15:00:00,4643.911563486798
2018-08-17 16:00:00,4650.721788424243
2018-08-17 17:00:00,4667.1232923826265
2018-08-17 18:00:00,4661.188088388777
2018-08-17 19:00:00,4641.650438498001
2018-08-17 20:00:00,4688.815821608229
2018-08-17 21:00:00,4743.920369792938
2018-08-17 22:00:00,4671.744480307864
2018-08-17 23:00:00,4518.257512028744
2018-08-18 00:00:00,4414.460002720715
2018-08-18 01:00:00,4442.539643967352
2018-08-18 02:00:00,4535.313061115461
2018-08-18 03:00:00,4566.532478261293
2018-08-18 04:00:00,4584.949062275828
2018-08-18 05:00:00,4595.105155124402
2018-08-18 06:00:00,4658.3284404215065
2018-08-18 07:00:00,4671.5234252263235
2018-08-18 08:00:00,4668.639246302079
2018-08-18 09:00:00,4714.595582038884
2018-08-18 10:00:00,4699.749902215411
2018-08-18 11:00:00,4672.750171302274
2018-08-18 12:00:00,4654.679020164952
2018-08-18 13:00:00,4652.393160552255
2018-08-18 14:00:00,4648.237998857842
2018-08-18 15:00:00,4639.647596258238
2018-08-18 16:00:00,4652.362404087496
2018-08-18 17:00:00,4675.212087516996
2018-08-18 18:00:00,4668.4147783743365
2018-08-18 19:00:00,4649.087091477389
2018-08-18 20:00:00,4696.252474587617
2018-08-18 21:00:00,4751.357022772326
2018-08-18 22:00:00,4673.349183417377
2018-08-18 23:00:00,4525.200201949034
2018-08-19 00:00:00,4427.837635566152
2018-08-19 01:00:00,4448.308119260438
2018-08-19 02:00:00,4539.819620442093
2018-08-19 03:00:00,4571.039037587926
2018-08-19 04:00:00,4593.323902968388
2018-08-19 05:00:00,4599.839568748182
2018-08-19 06:00:00,4664.8966700380515
2018-08-19 07:00:00,4677.676300121755
2018-08-19 08:00:00,4672.085045960668
2018-08-19 09:00:00,4719.448293753164
2018-08-19 10:00:00,4685.865573992241
2018-08-19 11:00:00,4655.502139063675
2018-08-19 12:00:00,4661.554554705095
2018-08-19 13:00:00,4664.008928881565
2018-08-19 14:00:00,4653.662375373674
2018-08-19 15:00:00,4645.06996436765
2018-08-19 16:00:00,4658.499992471139
2018-08-19 17:00:00,4688.162113657752
2018-08-19 18:00:00,4689.226531844009
2018-08-19 19:00:00,4667.581318460572
2018-08-19 20:00:00,4723.505945868106
2018-08-19 21:00:00,4779.541146786539
2018-08-19 22:00:00,4676.97719826102
2018-08-19 23:00:00,4527.782755094446
2018-08-20 00:00:00,4471.785858597026
2018-08-20 01:00:00,4515.561829865448
2018-08-20 02:00:00,4625.796227862251
2018-08-20 03:00:00,4661.413976891495
2018-08-20 04:00:00,4679.066109647195
2018-08-20 05:00:00,4716.704793101947
2018-08-20 06:00:00,4859.369564111811
2018-08-20 07:00:00,4962.969465103931
2018-08-20 08:00:00,4769.567613794279
2018-08-20 09:00:00,4700.945010477931
2018-08-20 10:00:00,4703.484036447631
2018-08-20 11:00:00,4691.657209961913
2018-08-20 12:00:00,4677.354027530365
2018-08-20 13:00:00,4674.40078010405
2018-08-20 14:00:00,4673.774396982718
2018-08-20 15:00:00,4652.576090043854
2018-08-20 16:00:00,4661.881631340324
2018-08-20 17:00:00,4676.953098178721
2018-08-20 18:00:00,4671.416326792754
2018-08-20 19:00:00,4654.217572510682
2018-08-20 20:00:00,4720.958180547157
2018-08-20 21:00:00,4775.324688344824
2018-08-20 22:00:00,4649.176268248882
2018-08-20 23:00:00,4481.03204999904
2018-08-21 00:00:00,4421.312281112172
2018-08-21 01:00:00,4465.470410505149
2018-08-21 02:00:00,4575.187891161604
2018-08-21 03:00:00,4608.155461509213
2018-08-21 04:00:00,4625.940632760218
2018-08-21 05:00:00,4655.984317466587
2018-08-21 06:00:00,4797.588505047971
2018-08-21 07:00:00,4898.622215465796
2018-08-21 08:00:00,4712.1410713920195
2018-08-21 09:00:00,4675.62508486805
2018-08-21 10:00:00,4680.600786311214
2018-08-21 11:00:00,4682.807722306122
2018-08-21 12:00:00,4668.931950672298
2018-08-21 13:00:00,4664.189251350656
2018-08-21 14:00:00,4666.880772614231
2018-08-21 15:00:00,4645.861824943903
2018-08-21 16:00:00,4654.794934852488
2018-08-21 17:00:00,4671.105179447584
2018-08-21 18:00:00,4669.403171197332
2018-08-21 19:00:00,4652.607046346276
2018-08-21 20:00:00,4716.432149262517
2018-08-21 21:00:00,4772.839108264021
2018-08-21 22:00:00,4655.109880471264
2018-08-21 23:00:00,4486.9656622214225
2018-08-22 00:00:00,4429.424474693606
2018-08-22 01:00:00,4473.3944835421735
2018-08-22 02:00:00,4576.67629429803
2018-08-22 03:00:00,4607.7821519740155
2018-08-22 04:00:00,4625.56732322502
2018-08-22 05:00:00,4651.40986014569
2018-08-22 06:00:00,4793.067615199061
2018-08-22 07:00:00,4894.101325616885
2018-08-22 08:00:00,4706.567291259097
2018-08-22 09:00:00,4670.381210722337
2018-08-22 10:00:00,4675.3569121655
2018-08-22 11:00:00,4676.227278670313
2018-08-22 12:00:00,4662.351507036489
2018-08-22 13:00:00,4657.608807714848
2018-08-22 14:00:00,4660.300328978424
2018-08-22 15:00:00,4639.281381308095
2018-08-22 16:00:00,4648.2144912166805
2018-08-22 17:00:00,4664.429240042326
2018-08-22 18:00:00,4665.943904608932
2018-08-22 19:00:00,4652.030645737196
2018-08-22 20:00:00,4722.635471263498
2018-08-22 21:00:00,4779.042430265003
2018-08-22 22:00:00,4642.657038008742
2018-08-22 23:00:00,4485.267540348097
2018-08-23 00:00:00,4423.927027710688
2018-08-23 01:00:00,4467.727475926477
2018-08-23 02:00:00,4571.009286682334
2018-08-23 03:00:00,4602.115144358318
2018-08-23 04:00:00,4619.900315609323
2018-08-23 05:00:00,4645.619146603876
2018-08-23 06:00:00,4787.276901657247
2018-08-23 07:00:00,4895.311771422735
2018-08-23 08:00:00,4697.502951517518
2018-08-23 09:00:00,4661.895947557317
2018-08-23 10:00:00,4666.871649000481
2018-08-23 11:00:00,4670.826420844319
2018-08-23 12:00:00,4656.950649210495
2018-08-23 13:00:00,4652.207949888853
2018-08-23 14:00:00,4654.899471152429
2018-08-23 15:00:00,4633.85980879732
2018-08-23 16:00:00,4642.792918705905
2018-08-23 17:00:00,4659.00766753155
2018-08-23 18:00:00,4661.557592866249
2018-08-23 19:00:00,4647.724748630957
2018-08-23 20:00:00,4721.7599351578865
2018-08-23 21:00:00,4778.166894159392
2018-08-23 22:00:00,4638.092942484695
2018-08-23 23:00:00,4483.312499894682
2018-08-24 00:00:00,4421.446339310581
2018-08-24 01:00:00,4459.086601025432
2018-08-24 02:00:00,4559.044952474268
2018-08-24 03:00:00,4590.15081015025
2018-08-24 04:00:00,4608.381643309412
2018-08-24 05:00:00,4634.392485436645
2018-08-24 06:00:00,4774.783304916594
2018-08-24 07:00:00,4878.281907640081
2018-08-24 08:00:00,4685.913423487936
2018-08-24 09:00:00,4658.798629931148
2018-08-24 10:00:00,4663.1543680798895
2018-08-24 11:00:00,4677.524822999503
2018-08-24 12:00:00,4661.9778214605185
2018-08-24 13:00:00,4657.335387546769
2018-08-24 14:00:00,4661.694660439794
2018-08-24 15:00:00,4640.654998084684
2018-08-24 16:00:00,4647.46522302213
2018-08-24 17:00:00,4663.866726980513
2018-08-24 18:00:00,4659.87860818222
2018-08-24 19:00:00,4634.715387922008
2018-08-24 20:00:00,4700.844846061762
2018-08-24 21:00:00,4754.976141607884
2018-08-24 22:00:00,4645.438537964207
2018-08-24 23:00:00,4517.857168411769
2018-08-25 00:00:00,4414.747071908667
2018-08-25 01:00:00,4442.826713155304
2018-08-25 02:00:00,4535.600130303413
2018-08-25 03:00:00,4566.819547449244
2018-08-25 04:00:00,4585.236131463779
2018-08-25 05:00:00,4595.790548175957
2018-08-25 06:00:00,4659.013833473062
2018-08-25 07:00:00,4681.544930253301
2018-08-25 08:00:00,4662.214134280057
2018-08-25 09:00:00,4709.351533267421
2018-08-25 10:00:00,4694.505853443948
2018-08-25 11:00:00,4669.225908789799
2018-08-25 12:00:00,4651.154757652477
2018-08-25 13:00:00,4648.86889803978
2018-08-25 14:00:00,4644.713736345368
2018-08-25 15:00:00,4636.1233337457625
2018-08-25 16:00:00,4648.83814157502
2018-08-25 17:00:00,4671.687825004521
2018-08-25 18:00:00,4666.8376010574175
2018-08-25 19:00:00,4640.121658887489
2018-08-25 20:00:00,4708.99193960185
2018-08-25 21:00:00,4763.123235147971
2018-08-25 22:00:00,4646.234260412143
2018-08-25 23:00:00,4523.9908776704815
2018-08-26 00:00:00,4437.171546185959
2018-08-26 01:00:00,4457.515975994413
2018-08-26 02:00:00,4549.027477176067
2018-08-26 03:00:00,4580.246894321901
2018-08-26 04:00:00,4602.531759702362
2018-08-26 05:00:00,4609.445749345762
2018-08-26 06:00:00,4674.50285063563
2018-08-26 07:00:00,4706.558466029855
2018-08-26 08:00:00,4666.526973191752
2018-08-26 09:00:00,4715.895265299174
2018-08-26 10:00:00,4682.284464032056
2018-08-26 11:00:00,4653.640815362478
2018-08-26 12:00:00,4659.693231003898
2018-08-26 13:00:00,4662.147605180369
2018-08-26 14:00:00,4651.801051672477
2018-08-26 15:00:00,4643.208640666453
2018-08-26 16:00:00,4656.638668769943
2018-08-26 17:00:00,4686.300789956556
2018-08-26 18:00:00,4689.226873843603
2018-08-26 19:00:00,4671.138690971653
2018-08-26 20:00:00,4744.316337881046
2018-08-26 21:00:00,4799.378286160891
2018-08-26 22:00:00,4642.113392415161
2018-08-26 23:00:00,4520.088257877559
2018-08-27 00:00:00,4482.260948949977
2018-08-27 01:00:00,4525.933374406756
2018-08-27 02:00:00,4636.167772403559
2018-08-27 03:00:00,4671.785521432802
2018-08-27 04:00:00,4689.437654188503
2018-08-27 05:00:00,4726.9526317171385
2018-08-27 06:00:00,4869.617402727003
2018-08-27 07:00:00,5002.683819178281
2018-08-27 08:00:00,4757.213522207441
2018-08-27 09:00:00,4689.414899955459
2018-08-27 10:00:00,4691.925844418965
2018-08-27 11:00:00,4683.183423272271
2018-08-27 12:00:00,4668.880240840723
2018-08-27 13:00:00,4665.926993414409
2018-08-27 14:00:00,4665.300610293076
2018-08-27 15:00:00,4644.1023033542115
2018-08-27 16:00:00,4653.407844650682
2018-08-27 17:00:00,4668.479311489079
2018-08-27 18:00:00,4665.675208557074
2018-08-27 19:00:00,4649.596635350777
2018-08-27 20:00:00,4729.359668226576
2018-08-27 21:00:00,4783.726176024243
2018-08-27 22:00:00,4625.686801124571
2018-08-27 23:00:00,4469.810130260124
2018-08-28 00:00:00,4428.202791198347
2018-08-28 01:00:00,4473.094873140999
2018-08-28 02:00:00,4582.812353797453
2018-08-28 03:00:00,4615.779924145063
2018-08-28 04:00:00,4633.5650953960685
2018-08-28 05:00:00,4663.48507417632
2018-08-28 06:00:00,4805.089261757706
2018-08-28 07:00:00,4935.589487634688
2018-08-28 08:00:00,4706.892504342869
2018-08-28 09:00:00,4671.200498883266
2018-08-28 10:00:00,4676.148118820234
2018-08-28 11:00:00,4681.439460154166
2018-08-28 12:00:00,4667.563688520343
2018-08-28 13:00:00,4662.820989198702
2018-08-28 14:00:00,4665.512510462277
2018-08-28 15:00:00,4644.493562791948
2018-08-28 16:00:00,4653.426672700533
2018-08-28 17:00:00,4669.73691729563
2018-08-28 18:00:00,4670.7675774993395
2018-08-28 19:00:00,4655.091633724058
2018-08-28 20:00:00,4731.939161479622
2018-08-28 21:00:00,4788.346120481127
2018-08-28 22:00:00,4638.72593788464
2018-08-28 23:00:00,4482.849267020194
2018-08-29 00:00:00,4436.012431424147
2018-08-29 01:00:00,4480.716392822391
2018-08-29 02:00:00,4583.998203578247
2018-08-29 03:00:00,4615.104061254233
2018-08-29 04:00:00,4632.8892325052375
2018-08-29 05:00:00,4658.608063499791
2018-08-29 06:00:00,4800.265818553162
2018-08-29 07:00:00,4930.766044430145
2018-08-29 08:00:00,4701.2120686372555
2018-08-29 09:00:00,4665.849969164861
2018-08-29 10:00:00,4670.7975891018295
2018-08-29 11:00:00,4674.7523609456675
2018-08-29 12:00:00,4660.876589311843
2018-08-29 13:00:00,4656.133889990202
2018-08-29 14:00:00,4658.825411253777
2018-08-29 15:00:00,4637.806463583449
2018-08-29 16:00:00,4646.739573492034
2018-08-29 17:00:00,4662.95432231768
2018-08-29 18:00:00,4665.900994277709
2018-08-29 19:00:00,4650.2250505024285
2018-08-29 20:00:00,4727.987289856874
2018-08-29 21:00:00,4784.394248858378
2018-08-29 22:00:00,4634.774066261891
2018-08-29 23:00:00,4483.269518748567
2018-08-30 00:00:00,4430.778511410245
2018-08-30 01:00:00,4475.312912175709
2018-08-30 02:00:00,4578.594722931566
2018-08-30 03:00:00,4609.70058060755
2018-08-30 04:00:00,4627.485751858556
2018-08-30 05:00:00,4653.204582853108
2018-08-30 06:00:00,4794.862337906479
2018-08-30 07:00:00,4925.362563783463
2018-08-30 08:00:00,4695.808587990574
2018-08-30 09:00:00,4661.025565094739
2018-08-30 10:00:00,4665.9731850317075
2018-08-30 11:00:00,4669.9279568755455
2018-08-30 12:00:00,4656.052185241721
2018-08-30 13:00:00,4651.30948592008
2018-08-30 14:00:00,4654.001007183655
2018-08-30 15:00:00,4632.961344828546
2018-08-30 16:00:00,4641.894454737131
2018-08-30 17:00:00,4658.109203562777
2018-08-30 18:00:00,4661.055875522807
2018-08-30 19:00:00,4645.460346383969
2018-08-30 20:00:00,4723.240713049
2018-08-30 21:00:00,4779.647672050505
2018-08-30 22:00:00,4631.623433523411
2018-08-30 23:00:00,4482.727941080719
2018-08-31 00:00:00,4428.261126207908
2018-08-31 01:00:00,4466.635340472436
2018-08-31 02:00:00,4566.593691921271
2018-08-31 03:00:00,4597.699549597254
2018-08-31 04:00:00,4615.9303827564145
2018-08-31 05:00:00,4641.941224883648
2018-08-31 06:00:00,4782.332044363597
2018-08-31 07:00:00,4908.2960031985795
2018-08-31 08:00:00,4684.4338950768015
2018-08-31 09:00:00,4658.14308258438
2018-08-31 10:00:00,4662.4707392269265
2018-08-31 11:00:00,4676.94919815493
2018-08-31 12:00:00,4661.402196615945
2018-08-31 13:00:00,4656.759762702196
2018-08-31 14:00:00,4661.11903559522
2018-08-31 15:00:00,4640.079373240111
2018-08-31 16:00:00,4646.889598177556
2018-08-31 17:00:00,4663.29110213594
2018-08-31 18:00:00,4659.699729962978
2018-08-31 19:00:00,4632.77382479922
2018-08-31 20:00:00,4701.703129380971
2018-08-31 21:00:00,4755.834424927092
2018-08-31 22:00:00,4639.941411667918
2018-08-31 23:00:00,4514.620083210214
2018-09-01 00:00:00,4421.498929214728
2018-09-01 01:00:00,4450.133008522314
2018-09-01 02:00:00,4543.120446170941
2018-09-01 03:00:00,4574.339863316773
2018-09-01 04:00:00,4592.446771255227
2018-09-01 05:00:00,4604.173143257303
2018-09-01 06:00:00,4667.396428554408
2018-09-01 07:00:00,4699.867398669746
2018-09-01 08:00:00,4662.7713025498015
2018-09-01 09:00:00,4710.732682601531
2018-09-01 10:00:00,4695.858921271864
2018-09-01 11:00:00,4670.686980626104
2018-09-01 12:00:00,4652.615829488783
2018-09-01 13:00:00,4650.329969876086
2018-09-01 14:00:00,4646.174808181673
2018-09-01 15:00:00,4637.584405582068
2018-09-01 16:00:00,4650.299213411326
2018-09-01 17:00:00,4673.148896840826
2018-09-01 18:00:00,4664.440774199529
2018-09-01 19:00:00,4651.341094027694
2018-09-01 20:00:00,4720.270398609445
2018-09-01 21:00:00,4767.1493684079305
2018-09-01 22:00:00,4636.675150082161
2018-09-01 23:00:00,4516.691808435234
2018-09-02 00:00:00,4437.917703773977
2018-09-02 01:00:00,4458.942625529212
2018-09-02 02:00:00,4550.668147211385
2018-09-02 03:00:00,4581.887564357217
2018-09-02 04:00:00,4603.8627536615995
2018-09-02 05:00:00,4611.948698594897
2018-09-02 06:00:00,4677.005799884765
2018-09-02 07:00:00,4709.061415278989
2018-09-02 08:00:00,4669.258243922202
2018-09-02 09:00:00,4718.626536029624
2018-09-02 10:00:00,4685.015734762506
2018-09-02 11:00:00,4656.480090101317
2018-09-02 12:00:00,4662.532505742737
2018-09-02 13:00:00,4664.986879919208
2018-09-02 14:00:00,4654.640326411316
2018-09-02 15:00:00,4646.047915405292
2018-09-02 16:00:00,4659.477943508782
2018-09-02 17:00:00,4689.140064695395
2018-09-02 18:00:00,4688.208249888249
2018-09-02 19:00:00,4683.736329014393
2018-09-02 20:00:00,4756.913975923785
2018-09-02 21:00:00,4804.723598455995
2018-09-02 22:00:00,4637.537721017449
2018-09-02 23:00:00,4517.683385564939
2018-09-03 00:00:00,4482.44875360917
2018-09-03 01:00:00,4526.9586774272675
2018-09-03 02:00:00,4637.182736167607
2018-09-03 03:00:00,4672.80048519685
2018-09-03 04:00:00,4690.14294187647
2018-09-03 05:00:00,4728.829874695004
2018-09-03 06:00:00,4871.494645704868
2018-09-03 07:00:00,5005.980586747659
2018-09-03 08:00:00,4760.738611258134
2018-09-03 09:00:00,4692.939989006151
2018-09-03 10:00:00,4695.450933469658
2018-09-03 11:00:00,4686.816516331352
2018-09-03 12:00:00,4672.513333899804
2018-09-03 13:00:00,4669.56008647349
2018-09-03 14:00:00,4668.933703352158
2018-09-03 15:00:00,4647.735396413293
2018-09-03 16:00:00,4657.040937709764
2018-09-03 17:00:00,4672.11240454816
2018-09-03 18:00:00,4665.450402921962
2018-09-03 19:00:00,4662.988091713759
2018-09-03 20:00:00,4742.499801207233
2018-09-03 21:00:00,4789.613983257264
2018-09-03 22:00:00,4620.252803121712
2018-09-03 23:00:00,4466.736936344825
2018-09-04 00:00:00,4429.492089774138
2018-09-04 01:00:00,4474.384171716791
2018-09-04 02:00:00,4584.091313116782
2018-09-04 03:00:00,4617.05888346439
2018-09-04 04:00:00,4634.534378639315
2018-09-04 05:00:00,4665.626312709465
2018-09-04 06:00:00,4807.230500290851
2018-09-04 07:00:00,4939.150250759345
2018-09-04 08:00:00,4710.61990405241
2018-09-04 09:00:00,4674.927898592807
2018-09-04 10:00:00,4679.875518529775
2018-09-04 11:00:00,4685.274863872096
2018-09-04 12:00:00,4671.399092238272
2018-09-04 13:00:00,4666.656392916631
2018-09-04 14:00:00,4669.347914180206
2018-09-04 15:00:00,4648.328966509877
2018-09-04 16:00:00,4657.262076418463
2018-09-04 17:00:00,4673.572321013559
2018-09-04 18:00:00,4670.745082523075
2018-09-04 19:00:00,4668.685400745888
2018-09-04 20:00:00,4745.378356166012
2018-09-04 21:00:00,4794.532989419881
2018-09-04 22:00:00,4633.591001587513
2018-09-04 23:00:00,4480.075134810628
2018-09-05 00:00:00,4437.368500367143
2018-09-05 01:00:00,4482.072461765387
2018-09-05 02:00:00,4585.34393326478
2018-09-05 03:00:00,4616.449790940765
2018-09-05 04:00:00,4633.925286115689
2018-09-05 05:00:00,4660.81607240014
2018-09-05 06:00:00,4802.473827453512
2018-09-05 07:00:00,4934.393577922006
2018-09-05 08:00:00,4705.0911340471575
2018-09-05 09:00:00,4669.729034574763
2018-09-05 10:00:00,4674.676654511732
2018-09-05 11:00:00,4678.7394303639585
2018-09-05 12:00:00,4664.863658730134
2018-09-05 13:00:00,4660.120959408493
2018-09-05 14:00:00,4662.812480672069
2018-09-05 15:00:00,4641.79353300174
2018-09-05 16:00:00,4650.726642910326
2018-09-05 17:00:00,4666.941391735971
2018-09-05 18:00:00,4665.633418376476
2018-09-05 19:00:00,4663.573736599288
2018-09-05 20:00:00,4741.181403618293
2018-09-05 21:00:00,4790.336036872162
2018-09-05 22:00:00,4629.3940490397945
2018-09-05 23:00:00,4480.25030561403
2018-09-06 00:00:00,4432.281922874119
2018-09-06 01:00:00,4476.816323639583
2018-09-06 02:00:00,4580.087795138977
2018-09-06 03:00:00,4611.193652814961
2018-09-06 04:00:00,4628.6691479898855
2018-09-06 05:00:00,4654.951493232116
2018-09-06 06:00:00,4796.542985198444
2018-09-06 07:00:00,4929.09798168662
2018-09-06 08:00:00,4699.795537811771
2018-09-06 09:00:00,4665.012514915937
2018-09-06 10:00:00,4669.960134852905
2018-09-06 11:00:00,4674.022910705132
2018-09-06 12:00:00,4660.147139071308
2018-09-06 13:00:00,4655.404439749667
2018-09-06 14:00:00,4658.095961013242
2018-09-06 15:00:00,4637.056298658133
2018-09-06 16:00:00,4645.989408566718
2018-09-06 17:00:00,4662.204157392364
2018-09-06 18:00:00,4660.896184032868
2018-09-06 19:00:00,4658.916916892125
2018-09-06 20:00:00,4739.5842803504565
2018-09-06 21:00:00,4784.442681141767
2018-09-06 22:00:00,4625.096637378792
2018-09-06 23:00:00,4480.815687798988
2018-09-07 00:00:00,4431.940367769951
2018-09-07 01:00:00,4469.864177417941
2018-09-07 02:00:00,4569.812189610312
2018-09-07 03:00:00,4600.918047286296
2018-09-07 04:00:00,4618.839204369376
2018-09-07 05:00:00,4645.413560744288
2018-09-07 06:00:00,4785.738117137193
2018-09-07 07:00:00,4913.756846583368
2018-09-07 08:00:00,4689.894738461591
2018-09-07 09:00:00,4663.60392596917
2018-09-07 10:00:00,4667.931582611716
2018-09-07 11:00:00,4681.429631804679
2018-09-07 12:00:00,4665.797390402561
2018-09-07 13:00:00,4661.154956488812
2018-09-07 14:00:00,4665.514229381835
2018-09-07 15:00:00,4644.474567026727
2018-09-07 16:00:00,4651.284791964172
2018-09-07 17:00:00,4667.686295922555
2018-09-07 18:00:00,4659.840278430069
2018-09-07 19:00:00,4646.530635264405
2018-09-07 20:00:00,4718.346936639456
2018-09-07 21:00:00,4760.929673975384
2018-09-07 22:00:00,4636.666063592267
2018-09-07 23:00:00,4513.59847390989
2018-09-08 00:00:00,4423.183221508186
2018-09-08 01:00:00,4452.427525253716
2018-09-08 02:00:00,4545.190603145362
2018-09-08 03:00:00,4576.410020291194
2018-09-08 04:00:00,4594.516928229647
2018-09-08 05:00:00,4606.687595701553
2018-09-08 06:00:00,4669.612910063911
2018-09-08 07:00:00,4703.427035390141
2018-09-08 08:00:00,4666.330939270197
2018-09-08 09:00:00,4714.292319321927
2018-09-08 10:00:00,4699.418557992259
2018-09-08 11:00:00,4673.266207611459
2018-09-08 12:00:00,4655.109816611004
2018-09-08 13:00:00,4652.823956998307
2018-09-08 14:00:00,4648.6687953038945
2018-09-08 15:00:00,4640.07839270429
2018-09-08 16:00:00,4652.793200533548
2018-09-08 17:00:00,4675.642883963048
2018-09-08 18:00:00,4666.9347613217515
2018-09-08 19:00:00,4653.835081149916
2018-09-08 20:00:00,4725.651382524967
2018-09-08 21:00:00,4768.234119860895
2018-09-08 22:00:00,4638.1385596079035
2018-09-08 23:00:00,4520.408956736304
2018-09-09 00:00:00,4439.155041991486
2018-09-09 01:00:00,4460.790188184665
2018-09-09 02:00:00,4552.291350109856
2018-09-09 03:00:00,4583.510767255688
2018-09-09 04:00:00,4605.485956560069
2018-09-09 05:00:00,4614.016196963197
2018-09-09 06:00:00,4678.775327318318
2018-09-09 07:00:00,4712.174097923435
2018-09-09 08:00:00,4672.3709265666475
2018-09-09 09:00:00,4720.674192293587
2018-09-09 10:00:00,4687.06339102647
2018-09-09 11:00:00,4657.651599525159
2018-09-09 12:00:00,4665.097257932243
2018-09-09 13:00:00,4667.551632108713
2018-09-09 14:00:00,4657.205078600822
2018-09-09 15:00:00,4648.612667594798
2018-09-09 16:00:00,4662.042695698287
2018-09-09 17:00:00,4691.7048168849005
2018-09-09 18:00:00,4690.773002077754
2018-09-09 19:00:00,4684.361718757534
2018-09-09 20:00:00,4771.4832452808705
2018-09-09 21:00:00,4802.905027861204
2018-09-09 22:00:00,4636.203185028642
2018-09-09 23:00:00,4519.197258200323
2018-09-10 00:00:00,4490.903831926291
2018-09-10 01:00:00,4534.963351127852
2018-09-10 02:00:00,4645.18740986819
2018-09-10 03:00:00,4680.805158897434
2018-09-10 04:00:00,4698.147615577053
2018-09-10 05:00:00,4736.226107353367
2018-09-10 06:00:00,4878.824615276188
2018-09-10 07:00:00,5013.94580233866
2018-09-10 08:00:00,4768.703826849135
2018-09-10 09:00:00,4686.810908903799
2018-09-10 10:00:00,4689.321853367305
2018-09-10 11:00:00,4680.73372325149
2018-09-10 12:00:00,4666.210109088379
2018-09-10 13:00:00,4663.256861662065
2018-09-10 14:00:00,4662.630478540733
2018-09-10 15:00:00,4641.432171601868
2018-09-10 16:00:00,4650.737712898339
2018-09-10 17:00:00,4665.809179736735
2018-09-10 18:00:00,4671.711293362943
2018-09-10 19:00:00,4667.309619708375
2018-09-10 20:00:00,4759.407073545888
2018-09-10 21:00:00,4793.163012741288
2018-09-10 22:00:00,4611.8132735059535
2018-09-10 23:00:00,4459.055022103369
2018-09-11 00:00:00,4435.111373168603
2018-09-11 01:00:00,4479.553050494717
2018-09-11 02:00:00,4589.2601918947075
2018-09-11 03:00:00,4622.227762242317
2018-09-11 04:00:00,4639.703257417242
2018-09-11 05:00:00,4670.186750445172
2018-09-11 06:00:00,4811.724674939513
2018-09-11 07:00:00,4944.279671427689
2018-09-11 08:00:00,4715.749324720753
2018-09-11 09:00:00,4670.086340990204
2018-09-11 10:00:00,4675.033960927172
2018-09-11 11:00:00,4680.479593291983
2018-09-11 12:00:00,4666.3833899265965
2018-09-11 13:00:00,4661.640690604955
2018-09-11 14:00:00,4664.332211868531
2018-09-11 15:00:00,4643.313264198202
2018-09-11 16:00:00,4652.246374106788
2018-09-11 17:00:00,4668.556618701884
2018-09-11 18:00:00,4676.8520317078455
2018-09-11 19:00:00,4672.852987484293
2018-09-11 20:00:00,4762.034936201571
2018-09-11 21:00:00,4797.83132660081
2018-09-11 22:00:00,4626.398258574116
2018-09-11 23:00:00,4473.640007171532
2018-09-12 00:00:00,4442.987783761607
2018-09-12 01:00:00,4487.2413405433135
2018-09-12 02:00:00,4590.512812042706
2018-09-12 03:00:00,4621.618669718691
2018-09-12 04:00:00,4639.094164893616
2018-09-12 05:00:00,4665.376510135848
2018-09-12 06:00:00,4806.968002102174
2018-09-12 07:00:00,4939.522998590351
2018-09-12 08:00:00,4710.220554715502
2018-09-12 09:00:00,4664.887476972161
2018-09-12 10:00:00,4669.835096909129
2018-09-12 11:00:00,4673.944159783846
2018-09-12 12:00:00,4659.847956418459
2018-09-12 13:00:00,4655.105257096818
2018-09-12 14:00:00,4657.796778360393
2018-09-12 15:00:00,4636.777830690065
2018-09-12 16:00:00,4645.710940598649
2018-09-12 17:00:00,4661.925689424295
2018-09-12 18:00:00,4671.740367561246
2018-09-12 19:00:00,4667.741323337694
2018-09-12 20:00:00,4757.837983653853
2018-09-12 21:00:00,4793.634374053091
2018-09-12 22:00:00,4622.201306026398
2018-09-12 23:00:00,4473.815177974935
2018-09-13 00:00:00,4435.80050432443
2018-09-13 01:00:00,4479.884500473357
2018-09-13 02:00:00,4583.15597197275
2018-09-13 03:00:00,4614.261829648734
2018-09-13 04:00:00,4631.737324823659
2018-09-13 05:00:00,4658.01967006589
2018-09-13 06:00:00,4799.611162032217
2018-09-13 07:00:00,4932.166158520393
2018-09-13 08:00:00,4702.863714645545
2018-09-13 09:00:00,4658.109713478763
2018-09-13 10:00:00,4663.057333415732
2018-09-13 11:00:00,4667.166396290448
2018-09-13 12:00:00,4653.070192925062
2018-09-13 13:00:00,4648.32749360342
2018-09-13 14:00:00,4651.019014866995
2018-09-13 15:00:00,4629.979352511886
2018-09-13 16:00:00,4638.9124624204715
2018-09-13 17:00:00,4655.127211246117
2018-09-13 18:00:00,4664.941889383068
2018-09-13 19:00:00,4661.90934989529
2018-09-13 20:00:00,4755.608227086392
2018-09-13 21:00:00,4783.046357883615
2018-09-13 22:00:00,4613.209233926315
2018-09-13 23:00:00,4467.432160945484
2018-09-14 00:00:00,4434.226667853869
2018-09-14 01:00:00,4472.150477501858
2018-09-14 02:00:00,4572.09848969423
2018-09-14 03:00:00,4603.204347370213
2018-09-14 04:00:00,4621.125504453293
2018-09-14 05:00:00,4647.699860828205
2018-09-14 06:00:00,4788.02441722111
2018-09-14 07:00:00,4916.043146667285
2018-09-14 08:00:00,4692.181038545508
2018-09-14 09:00:00,4655.91924778214
2018-09-14 10:00:00,4660.246904424686
2018-09-14 11:00:00,4673.74495361765
2018-09-14 12:00:00,4658.112712215531
2018-09-14 13:00:00,4653.470278301782
2018-09-14 14:00:00,4657.829551194806
2018-09-14 15:00:00,4636.789888839697
2018-09-14 16:00:00,4643.600113777143
2018-09-14 17:00:00,4660.0016177355255
2018-09-14 18:00:00,4663.278251739486
2018-09-14 19:00:00,4648.915336226787
2018-09-14 20:00:00,4733.76315133461
2018-09-14 21:00:00,4758.925618676449
2018-09-14 22:00:00,4622.880323551912
2018-09-14 23:00:00,4498.316610468508
2018-09-15 00:00:00,4427.211966041062
2018-09-15 01:00:00,4456.456269786592
2018-09-15 02:00:00,4549.219347678238
2018-09-15 03:00:00,4580.43876482407
2018-09-15 04:00:00,4598.545672762524
2018-09-15 05:00:00,4610.71634023443
2018-09-15 06:00:00,4673.641654596787
2018-09-15 07:00:00,4707.455779923017
2018-09-15 08:00:00,4670.359683803073
2018-09-15 09:00:00,4707.175821479653
2018-09-15 10:00:00,4692.302060149985
2018-09-15 11:00:00,4666.149709769185
2018-09-15 12:00:00,4647.99331876873
2018-09-15 13:00:00,4645.707459156033
2018-09-15 14:00:00,4641.55229746162
2018-09-15 15:00:00,4632.9618948620155
2018-09-15 16:00:00,4645.676702691273
2018-09-15 17:00:00,4668.526386120773
2018-09-15 18:00:00,4670.940914975923
2018-09-15 19:00:00,4656.787962457053
2018-09-15 20:00:00,4741.635777564876
2018-09-15 21:00:00,4761.639040952411
2018-09-15 22:00:00,4625.6255384291635
2018-09-15 23:00:00,4506.399812156537
2018-09-16 00:00:00,4444.114905575569
2018-09-16 01:00:00,4466.119789768384
2018-09-16 02:00:00,4557.620951693576
2018-09-16 03:00:00,4588.84036883941
2018-09-16 04:00:00,4610.815558143792
2018-09-16 05:00:00,4619.3457985469195
2018-09-16 06:00:00,4684.104928902038
2018-09-16 07:00:00,4717.503699507155
2018-09-16 08:00:00,4677.700528150368
2018-09-16 09:00:00,4715.92357788264
2018-09-16 10:00:00,4683.006732124365
2018-09-16 11:00:00,4653.594940623055
2018-09-16 12:00:00,4661.040599030139
2018-09-16 13:00:00,4663.494973206609
2018-09-16 14:00:00,4653.148419698718
2018-09-16 15:00:00,4644.5560086926935
2018-09-16 16:00:00,4657.986036796183
2018-09-16 17:00:00,4687.648157982796
2018-09-16 18:00:00,4697.838994672096
2018-09-16 19:00:00,4692.313801451205
2018-09-16 20:00:00,4783.655170580727
2018-09-16 21:00:00,4787.444134724776
2018-09-16 22:00:00,4614.824349621957
2018-09-16 23:00:00,4512.09088277724
2018-09-17 00:00:00,4494.599121884212
2018-09-17 01:00:00,4538.307669239365
2018-09-17 02:00:00,4648.531727979705
2018-09-17 03:00:00,4684.1494770089475
2018-09-17 04:00:00,4701.491933688568
2018-09-17 05:00:00,4739.570425464882
2018-09-17 06:00:00,4882.168933387701
2018-09-17 07:00:00,5017.290120450173
2018-09-17 08:00:00,4772.048144960649
2018-09-17 09:00:00,4688.460763220213
2018-09-17 10:00:00,4691.665663192563
2018-09-17 11:00:00,4683.077533076747
2018-09-17 12:00:00,4668.553918913636
2018-09-17 13:00:00,4665.600671487322
2018-09-17 14:00:00,4664.97428836599
2018-09-17 15:00:00,4643.775981427125
2018-09-17 16:00:00,4653.081522723596
2018-09-17 17:00:00,4668.152989561992
2018-09-17 18:00:00,4674.0551031882005
2018-09-17 19:00:00,4670.539519632963
2018-09-17 20:00:00,4766.85681607666
2018-09-17 21:00:00,4773.636809509343
2018-09-17 22:00:00,4598.1508127451725
2018-09-17 23:00:00,4456.716473491559
2018-09-18 00:00:00,4438.173044445085
2018-09-18 01:00:00,4482.263749924793
2018-09-18 02:00:00,4591.970891324784
2018-09-18 03:00:00,4624.938461672394
2018-09-18 04:00:00,4642.413956847318
2018-09-18 05:00:00,4672.897449875249
2018-09-18 06:00:00,4814.435374369589
2018-09-18 07:00:00,4946.990370857766
2018-09-18 08:00:00,4718.46002415083
2018-09-18 09:00:00,4671.622776316077
2018-09-18 10:00:00,4677.264351761889
2018-09-18 11:00:00,4682.709984126699
2018-09-18 12:00:00,4668.613780761312
2018-09-18 13:00:00,4663.871081439672
2018-09-18 14:00:00,4666.562602703247
2018-09-18 15:00:00,4645.543655032918
2018-09-18 16:00:00,4654.4767649415035
2018-09-18 17:00:00,4670.7870095366
2018-09-18 18:00:00,4679.082422542562
2018-09-18 19:00:00,4675.96946841834
2018-09-18 20:00:00,4777.535169836896
2018-09-18 21:00:00,4771.828430514041
2018-09-18 22:00:00,4613.687270481015
2018-09-18 23:00:00,4472.252931227402
2018-09-19 00:00:00,4446.274779744663
2018-09-19 01:00:00,4490.177364679963
2018-09-19 02:00:00,4593.448836179357
2018-09-19 03:00:00,4624.554693855342
2018-09-19 04:00:00,4642.030189030266
2018-09-19 05:00:00,4667.1460380772605
2018-09-19 06:00:00,4808.737530043587
2018-09-19 07:00:00,4942.182033990863
2018-09-19 08:00:00,4712.879590116014
2018-09-19 09:00:00,4666.372248268469
2018-09-19 10:00:00,4672.013823714281
2018-09-19 11:00:00,4676.122886588997
2018-09-19 12:00:00,4662.02668322361
2018-09-19 13:00:00,4657.283983901969
2018-09-19 14:00:00,4659.975505165545
2018-09-19 15:00:00,4638.956557495216
2018-09-19 16:00:00,4647.8896674038015
2018-09-19 17:00:00,4664.104416229447
2018-09-19 18:00:00,4673.919094366398
2018-09-19 19:00:00,4670.806140242175
2018-09-19 20:00:00,4773.286553259613
2018-09-19 21:00:00,4767.579813936758
2018-09-19 22:00:00,4609.438653903732
2018-09-19 23:00:00,4472.37643800124
2018-09-20 00:00:00,4441.057223169985
2018-09-20 01:00:00,4484.790247472505
2018-09-20 02:00:00,4588.061718971899
2018-09-20 03:00:00,4619.167576647884
2018-09-20 04:00:00,4636.643071822808
2018-09-20 05:00:00,4661.758920869803
2018-09-20 06:00:00,4803.350412836129
2018-09-20 07:00:00,4936.794916783405
2018-09-20 08:00:00,4707.492472908556
2018-09-20 09:00:00,4661.564207637572
2018-09-20 10:00:00,4667.205783083383
2018-09-20 11:00:00,4671.314845958099
2018-09-20 12:00:00,4657.218642592713
2018-09-20 13:00:00,4652.475943271072
2018-09-20 14:00:00,4655.167464534647
2018-09-20 15:00:00,4634.127802179537
2018-09-20 16:00:00,4643.060912088123
2018-09-20 17:00:00,4659.275660913769
2018-09-20 18:00:00,4669.090339050719
2018-09-20 19:00:00,4666.057799562941
2018-09-20 20:00:00,4768.5563398909635
2018-09-20 21:00:00,4762.849600568109
2018-09-20 22:00:00,4606.304384604477
2018-09-20 23:00:00,4471.851223772615
2018-09-21 00:00:00,4443.526895710539
2018-09-21 01:00:00,4478.781924984933
2018-09-21 02:00:00,4578.729937177305
2018-09-21 03:00:00,4609.835794853289
2018-09-21 04:00:00,4627.756951936368
2018-09-21 05:00:00,4653.164812116042
2018-09-21 06:00:00,4793.489368508948
2018-09-21 07:00:00,4922.397605414222
2018-09-21 08:00:00,4698.535497292445
2018-09-21 09:00:00,4656.449170997602
2018-09-21 10:00:00,4661.470783148992
2018-09-21 11:00:00,4674.968832341955
2018-09-21 12:00:00,4659.336590939837
2018-09-21 13:00:00,4654.694157026088
2018-09-21 14:00:00,4659.053429919111
2018-09-21 15:00:00,4638.013767564003
2018-09-21 16:00:00,4644.823992501448
2018-09-21 17:00:00,4661.2254964598305
2018-09-21 18:00:00,4668.197583303275
2018-09-21 19:00:00,4653.834667790576
2018-09-21 20:00:00,4747.482146035319
2018-09-21 21:00:00,4742.966723287208
2018-09-21 22:00:00,4620.213336156338
2018-09-21 23:00:00,4505.2964980399975
2018-09-22 00:00:00,4434.768669160943
2018-09-22 01:00:00,4461.344192532878
2018-09-22 02:00:00,4554.107270424523
2018-09-22 03:00:00,4585.3266875703575
2018-09-22 04:00:00,4603.433595508811
2018-09-22 05:00:00,4614.437766785481
2018-09-22 06:00:00,4677.363081147836
2018-09-22 07:00:00,4712.0667139331645
2018-09-22 08:00:00,4674.97061781322
2018-09-22 09:00:00,4707.136484062528
2018-09-22 10:00:00,4692.956678241704
2018-09-22 11:00:00,4666.804327860905
2018-09-22 12:00:00,4648.64793686045
2018-09-22 13:00:00,4646.3620772477525
2018-09-22 14:00:00,4642.20691555334
2018-09-22 15:00:00,4633.616512953735
2018-09-22 16:00:00,4646.331320782992
2018-09-22 17:00:00,4666.639045627441
2018-09-22 18:00:00,4672.749027322075
2018-09-22 19:00:00,4668.762108138939
2018-09-22 20:00:00,4758.797690793919
2018-09-22 21:00:00,4740.486686452546
2018-09-22 22:00:00,4620.7352928514765
2018-09-22 23:00:00,4512.9098232711085
2018-09-23 00:00:00,4446.49032664098
2018-09-23 01:00:00,4468.495210833797
2018-09-23 02:00:00,4559.9963727589875
2018-09-23 03:00:00,4591.215789904822
2018-09-23 04:00:00,4613.190979209204
2018-09-23 05:00:00,4620.5547234170945
2018-09-23 06:00:00,4685.313853772213
2018-09-23 07:00:00,4719.602131836429
2018-09-23 08:00:00,4679.798960479642
2018-09-23 09:00:00,4713.371738784642
2018-09-23 10:00:00,4680.454893026367
2018-09-23 11:00:00,4651.043101525057
2018-09-23 12:00:00,4658.488759932141
2018-09-23 13:00:00,4660.943134108611
2018-09-23 14:00:00,4650.59658060072
2018-09-23 15:00:00,4642.004169594696
2018-09-23 16:00:00,4655.434197698185
2018-09-23 17:00:00,4682.554360299747
2018-09-23 18:00:00,4696.440649828531
2018-09-23 19:00:00,4701.0814899433735
2018-09-23 20:00:00,4796.974873578227
2018-09-23 21:00:00,4772.441072169637
2018-09-23 22:00:00,4616.083395988995
2018-09-23 23:00:00,4515.103310869475
2018-09-24 00:00:00,4496.888493883053
2018-09-24 01:00:00,4540.597041238207
2018-09-24 02:00:00,4650.821099978546
2018-09-24 03:00:00,4686.438849007789
2018-09-24 04:00:00,4703.781305687409
2018-09-24 05:00:00,4740.693301268486
2018-09-24 06:00:00,4883.291809191306
2018-09-24 07:00:00,5019.302503712876
2018-09-24 08:00:00,4774.060528223352
2018-09-24 09:00:00,4685.8228750556445
2018-09-24 10:00:00,4689.027775027995
2018-09-24 11:00:00,4680.439644912179
2018-09-24 12:00:00,4665.916030749067
2018-09-24 13:00:00,4662.962783322753
2018-09-24 14:00:00,4662.336400201421
2018-09-24 15:00:00,4641.138093262556
2018-09-24 16:00:00,4650.4436345590275
2018-09-24 17:00:00,4662.973142812372
2018-09-24 18:00:00,4672.570709278064
2018-09-24 19:00:00,4679.221159058559
2018-09-24 20:00:00,4780.090470007589
2018-09-24 21:00:00,4758.547697887633
2018-09-24 22:00:00,4599.32381004564
2018-09-24 23:00:00,4459.642852517223
2018-09-25 00:00:00,4440.462343347281
2018-09-25 01:00:00,4484.553048826989
2018-09-25 02:00:00,4594.260190226981
2018-09-25 03:00:00,4627.227760574589
2018-09-25 04:00:00,4644.703255749514
2018-09-25 05:00:00,4674.020252582208
2018-09-25 06:00:00,4815.558177076548
2018-09-25 07:00:00,4949.002681023823
2018-09-25 08:00:00,4720.472334316887
2018-09-25 09:00:00,4668.984815054863
2018-09-25 10:00:00,4674.6263905006745
2018-09-25 11:00:00,4680.072022865485
2018-09-25 12:00:00,4665.975819500099
2018-09-25 13:00:00,4661.233120178457
2018-09-25 14:00:00,4663.924641442032
2018-09-25 15:00:00,4642.905693771704
2018-09-25 16:00:00,4651.838803680289
2018-09-25 17:00:00,4665.607089690334
2018-09-25 18:00:00,4677.59795553578
2018-09-25 19:00:00,4683.982912121388
2018-09-25 20:00:00,4787.803966284378
2018-09-25 21:00:00,4754.565882847557
2018-09-25 22:00:00,4615.933253417667
2018-09-25 23:00:00,4476.25229588925
2018-09-26 00:00:00,4448.338753940286
2018-09-26 01:00:00,4492.241338875585
2018-09-26 02:00:00,4595.512810374979
2018-09-26 03:00:00,4626.618668050964
2018-09-26 04:00:00,4644.094163225888
2018-09-26 05:00:00,4669.2100122728825
2018-09-26 06:00:00,4810.80150423921
2018-09-26 07:00:00,4944.246008186485
2018-09-26 08:00:00,4714.943564311636
2018-09-26 09:00:00,4663.78595103682
2018-09-26 10:00:00,4669.427526482631
2018-09-26 11:00:00,4673.536589357347
2018-09-26 12:00:00,4659.440385991961
2018-09-26 13:00:00,4654.69768667032
2018-09-26 14:00:00,4657.389207933895
2018-09-26 15:00:00,4636.370260263566
2018-09-26 16:00:00,4645.3033701721515
2018-09-26 17:00:00,4658.976160412746
2018-09-26 18:00:00,4672.48629138918
2018-09-26 19:00:00,4678.871247974788
2018-09-26 20:00:00,4783.607013736659
2018-09-26 21:00:00,4750.368930299838
2018-09-26 22:00:00,4611.7363008699485
2018-09-26 23:00:00,4476.427466692652
2018-09-27 00:00:00,4442.989590028454
2018-09-27 01:00:00,4486.722614330974
2018-09-27 02:00:00,4589.994085830367
2018-09-27 03:00:00,4621.099943506352
2018-09-27 04:00:00,4638.575438681277
2018-09-27 05:00:00,4663.69128772827
2018-09-27 06:00:00,4805.282779694598
2018-09-27 07:00:00,4938.727283641872
2018-09-27 08:00:00,4713.965303281071
2018-09-27 09:00:00,4659.104888041409
2018-09-27 10:00:00,4664.746463487221
2018-09-27 11:00:00,4668.855526361937
2018-09-27 12:00:00,4654.7593229965505
2018-09-27 13:00:00,4650.016623674909
2018-09-27 14:00:00,4652.708144938484
2018-09-27 15:00:00,4631.668482583375
2018-09-27 16:00:00,4640.60159249196
2018-09-27 17:00:00,4654.274382732555
2018-09-27 18:00:00,4667.784513708989
2018-09-27 19:00:00,4674.249884931041
2018-09-27 20:00:00,4779.003778003496
2018-09-27 21:00:00,4740.335547300691
2018-09-27 22:00:00,4604.347546361199
2018-09-27 23:00:00,4471.647767254534
2018-09-28 00:00:00,4443.550955299205
2018-09-28 01:00:00,4478.805984573599
2018-09-28 02:00:00,4578.753996765971
2018-09-28 03:00:00,4609.859854441956
2018-09-28 04:00:00,4627.781011525034
2018-09-28 05:00:00,4653.188871704709
2018-09-28 06:00:00,4793.513428097614
2018-09-28 07:00:00,4922.421665002888
2018-09-28 08:00:00,4703.100020395158
2018-09-28 09:00:00,4656.731815558909
2018-09-28 10:00:00,4661.7534277103
2018-09-28 11:00:00,4675.251476903262
2018-09-28 12:00:00,4659.619235501144
2018-09-28 13:00:00,4654.976801587395
2018-09-28 14:00:00,4659.3360744804195
2018-09-28 15:00:00,4638.29641212531
2018-09-28 16:00:00,4645.106637062755
2018-09-28 17:00:00,4658.9661824360865
2018-09-28 18:00:00,4665.938269279531
2018-09-28 19:00:00,4661.073264476662
2018-09-28 20:00:00,4756.976095465838
2018-09-28 21:00:00,4719.4991813377765
2018-09-28 22:00:00,4617.303009231047
2018-09-28 23:00:00,4504.139552839902
2018-09-29 00:00:00,4434.748892984384
2018-09-29 01:00:00,4461.3244163563195
2018-09-29 02:00:00,4554.087494247964
2018-09-29 03:00:00,4585.306911393798
2018-09-29 04:00:00,4603.4138193322515
2018-09-29 05:00:00,4614.417990608921
2018-09-29 06:00:00,4677.343304971277
2018-09-29 07:00:00,4712.046937756606
2018-09-29 08:00:00,4679.491305150708
2018-09-29 09:00:00,4707.375292858611
2018-09-29 10:00:00,4693.195487037787
2018-09-29 11:00:00,4667.043136656987
2018-09-29 12:00:00,4648.886745656532
2018-09-29 13:00:00,4646.600886043835
2018-09-29 14:00:00,4642.445724349422
2018-09-29 15:00:00,4633.855321749817
2018-09-29 16:00:00,4646.570129579075
2018-09-29 17:00:00,4666.877854423524
2018-09-29 18:00:00,4672.987836118157
2018-09-29 19:00:00,4668.332794309117
2018-09-29 20:00:00,4764.235625298293
2018-09-29 21:00:00,4726.758711170232
2018-09-29 22:00:00,4618.7305891936285
2018-09-29 23:00:00,4510.90511961326
2018-09-30 00:00:00,4448.19555277468
2018-09-30 01:00:00,4470.200436967497
2018-09-30 02:00:00,4561.701598892688
2018-09-30 03:00:00,4592.921016038523
2018-09-30 04:00:00,4614.896205342905
2018-09-30 05:00:00,4622.610853081606
2018-09-30 06:00:00,4687.369983436725
2018-09-30 07:00:00,4723.086256574864
2018-09-30 08:00:00,4687.8235487321235
2018-09-30 09:00:00,4715.327123260989
2018-09-30 10:00:00,4682.410277502714
2018-09-30 11:00:00,4652.998486001404
2018-09-30 12:00:00,4660.444144408488
2018-09-30 13:00:00,4662.898518584959
2018-09-30 14:00:00,4652.551965077067
2018-09-30 15:00:00,4643.959554071043
2018-09-30 16:00:00,4657.389582174533
2018-09-30 17:00:00,4684.509744776094
2018-09-30 18:00:00,4698.3960343048775
2018-09-30 19:00:00,4702.368751793817
2018-09-30 20:00:00,4804.1293837628655
2018-09-30 21:00:00,4747.878697282765
2018-09-30 22:00:00,4616.544762430385
2018-09-30 23:00:00,4518.445403871559
2018-10-01 00:00:00,4507.155825521722
2018-10-01 01:00:00,4549.205485596436
2018-10-01 02:00:00,4659.429544336775
2018-10-01 03:00:00,4695.0472933660185
2018-10-01 04:00:00,4712.389750045639
2018-10-01 05:00:00,4747.658706351154
2018-10-01 06:00:00,4890.257214273974
2018-10-01 07:00:00,5029.524829168064
2018-10-01 08:00:00,4788.823317192587
2018-10-01 09:00:00,4679.448046315631
2018-10-01 10:00:00,4682.65294628798
2018-10-01 11:00:00,4674.064816172165
2018-10-01 12:00:00,4659.541202009053
2018-10-01 13:00:00,4656.587954582739
2018-10-01 14:00:00,4655.961571461407
2018-10-01 15:00:00,4634.763264522542
2018-10-01 16:00:00,4644.0688058190135
2018-10-01 17:00:00,4668.498477542848
2018-10-01 18:00:00,4680.74604014205
2018-10-01 19:00:00,4686.728367296642
2018-10-01 20:00:00,4791.945734247158
2018-10-01 21:00:00,4738.447312903388
2018-10-01 22:00:00,4588.472472266669
2018-10-01 23:00:00,4451.672241298947
2018-10-02 00:00:00,4449.370096059587
2018-10-02 01:00:00,4491.8019142588555
2018-10-02 02:00:00,4601.5090556588475
2018-10-02 03:00:00,4634.476626006455
2018-10-02 04:00:00,4651.95212118138
2018-10-02 05:00:00,4679.626078738512
2018-10-02 06:00:00,4821.164003232852
2018-10-02 07:00:00,4957.865427552648
2018-10-02 08:00:00,4733.875544359759
2018-10-02 09:00:00,4663.6292545060805
2018-10-02 10:00:00,4669.270829951893
2018-10-02 11:00:00,4674.716462316703
2018-10-02 12:00:00,4660.620258951316
2018-10-02 13:00:00,4655.877559629675
2018-10-02 14:00:00,4658.56908089325
2018-10-02 15:00:00,4637.550133222921
2018-10-02 16:00:00,4646.483243131507
2018-10-02 17:00:00,4670.626051429634
2018-10-02 18:00:00,4687.904817236806
2018-10-02 19:00:00,4694.289773822414
2018-10-02 20:00:00,4794.8999787323355
2018-10-02 21:00:00,4726.382057763176
2018-10-02 22:00:00,4612.934484214212
2018-10-02 23:00:00,4479.114568853859
2018-10-03 00:00:00,4457.10463721188
2018-10-03 01:00:00,4499.3483348667405
2018-10-03 02:00:00,4602.619806366135
2018-10-03 03:00:00,4633.725664042118
2018-10-03 04:00:00,4651.201159217043
2018-10-03 05:00:00,4674.673968988476
2018-10-03 06:00:00,4816.265460954803
2018-10-03 07:00:00,4947.070257768918
2018-10-03 08:00:00,4733.819716902908
2018-10-03 09:00:00,4658.136798967213
2018-10-03 10:00:00,4663.778374413025
2018-10-03 11:00:00,4667.887437287741
2018-10-03 12:00:00,4653.791233922354
2018-10-03 13:00:00,4649.0485346007135
2018-10-03 14:00:00,4651.7400558642885
2018-10-03 15:00:00,4630.7211081939595
2018-10-03 16:00:00,4639.654218102545
2018-10-03 17:00:00,4663.701530631221
2018-10-03 18:00:00,4682.4995615693815
2018-10-03 19:00:00,4688.88451815499
2018-10-03 20:00:00,4790.409434663793
2018-10-03 21:00:00,4721.891513694633
2018-10-03 22:00:00,4608.443940145668
2018-10-03 23:00:00,4478.996148136437
2018-10-04 00:00:00,4451.887080637203
2018-10-04 01:00:00,4493.961217659283
2018-10-04 02:00:00,4597.232689158677
2018-10-04 03:00:00,4628.3385468346605
2018-10-04 04:00:00,4645.814042009585
2018-10-04 05:00:00,4669.286851781018
2018-10-04 06:00:00,4810.878343747345
2018-10-04 07:00:00,4941.683140561459
2018-10-04 08:00:00,4728.432599695449
2018-10-04 09:00:00,4653.328758336315
2018-10-04 10:00:00,4658.9703337821265
2018-10-04 11:00:00,4663.0793966568435
2018-10-04 12:00:00,4648.983193291457
2018-10-04 13:00:00,4644.240493969815
2018-10-04 14:00:00,4646.93201523339
2018-10-04 15:00:00,4625.892352878282
2018-10-04 16:00:00,4634.825462786866
2018-10-04 17:00:00,4658.872775315543
2018-10-04 18:00:00,4677.670806253704
2018-10-04 19:00:00,4684.136177475755
2018-10-04 20:00:00,4785.679221295143
2018-10-04 21:00:00,4717.161300325984
2018-10-04 22:00:00,4605.309670846413
2018-10-04 23:00:00,4478.470933907814
2018-10-05 00:00:00,4452.418602855038
2018-10-05 01:00:00,4486.014744848992
2018-10-05 02:00:00,4585.962757041364
2018-10-05 03:00:00,4617.068614717349
2018-10-05 04:00:00,4634.989771800427
2018-10-05 05:00:00,4658.75459270454
2018-10-05 06:00:00,4799.079149097445
2018-10-05 07:00:00,4925.34767886956
2018-10-05 08:00:00,4717.537473756621
2018-10-05 09:00:00,4650.9258428009
2018-10-05 10:00:00,4655.947454952289
2018-10-05 11:00:00,4669.445504145253
2018-10-05 12:00:00,4653.813262743134
2018-10-05 13:00:00,4649.170828829385
2018-10-05 14:00:00,4653.530101722409
2018-10-05 15:00:00,4632.4904393673
2018-10-05 16:00:00,4639.300664304746
2018-10-05 17:00:00,4663.534731966159
2018-10-05 18:00:00,4675.794718771329
2018-10-05 19:00:00,4670.92971396846
2018-10-05 20:00:00,4763.621695704568
2018-10-05 21:00:00,4696.295091310153
2018-10-05 22:00:00,4618.235290663345
2018-10-05 23:00:00,4510.932876440265
2018-10-06 00:00:00,4444.47267513783
2018-10-06 01:00:00,4469.389311229325
2018-10-06 02:00:00,4562.152389120971
2018-10-06 03:00:00,4593.371806266806
2018-10-06 04:00:00,4611.478714205259
2018-10-06 05:00:00,4622.8337890127395
2018-10-06 06:00:00,4685.759103375094
2018-10-06 07:00:00,4717.416846161816
2018-10-06 08:00:00,4694.406008875336
2018-10-06 09:00:00,4702.038812511102
2018-10-06 10:00:00,4687.859006690278
2018-10-06 11:00:00,4661.706656309479
2018-10-06 12:00:00,4643.5502653090225
2018-10-06 13:00:00,4641.264405696325
2018-10-06 14:00:00,4637.109244001913
2018-10-06 15:00:00,4628.518841402309
2018-10-06 16:00:00,4641.233649231566
2018-10-06 17:00:00,4671.915896364097
2018-10-06 18:00:00,4683.313778020456
2018-10-06 19:00:00,4678.658736211417
2018-10-06 20:00:00,4771.350717947525
2018-10-06 21:00:00,4704.02411355311
2018-10-06 22:00:00,4620.132363036427
2018-10-06 23:00:00,4518.167935624124
2018-10-07 00:00:00,4455.058226446079
2018-10-07 01:00:00,4476.635914703463
2018-10-07 02:00:00,4568.137076628654
2018-10-07 03:00:00,4599.356493774488
2018-10-07 04:00:00,4621.33168307887
2018-10-07 05:00:00,4629.046330817572
2018-10-07 06:00:00,4693.805461172691
2018-10-07 07:00:00,4725.047849238299
2018-10-07 08:00:00,4699.329936714976
2018-10-07 09:00:00,4708.41344502597
2018-10-07 10:00:00,4675.496599267695
2018-10-07 11:00:00,4646.084807766385
2018-10-07 12:00:00,4653.530466173469
2018-10-07 13:00:00,4655.98484034994
2018-10-07 14:00:00,4645.638286842048
2018-10-07 15:00:00,4637.045875836025
2018-10-07 16:00:00,4650.475903939514
2018-10-07 17:00:00,4687.970588829157
2018-10-07 18:00:00,4706.075039909883
2018-10-07 19:00:00,4710.047757398822
2018-10-07 20:00:00,4808.5975401148025
2018-10-07 21:00:00,4735.04813865317
2018-10-07 22:00:00,4614.550105556917
2018-10-07 23:00:00,4519.431062605461
2018-10-08 00:00:00,4507.373259393964
2018-10-08 01:00:00,4549.422919468678
2018-10-08 02:00:00,4659.646978209015
2018-10-08 03:00:00,4695.264727238259
2018-10-08 04:00:00,4712.6071839178785
2018-10-08 05:00:00,4747.876140223395
2018-10-08 06:00:00,4890.474648146214
2018-10-08 07:00:00,5019.72409293708
2018-10-08 08:00:00,4798.623831808714
2018-10-08 09:00:00,4679.495478288521
2018-10-08 10:00:00,4682.70037826087
2018-10-08 11:00:00,4674.112248145055
2018-10-08 12:00:00,4659.5886339819435
2018-10-08 13:00:00,4656.635386555629
2018-10-08 14:00:00,4656.0090034342975
2018-10-08 15:00:00,4634.810696495432
2018-10-08 16:00:00,4644.116237791903
2018-10-08 17:00:00,4668.5459095157385
2018-10-08 18:00:00,4683.431375943156
2018-10-08 19:00:00,4693.418990898841
2018-10-08 20:00:00,4790.089609394411
2018-10-08 21:00:00,4719.29247306911
2018-10-08 22:00:00,4593.962226419925
2018-10-08 23:00:00,4460.142311059572
2018-10-09 00:00:00,4449.247252536181
2018-10-09 01:00:00,4491.679070735449
2018-10-09 02:00:00,4601.3862121354405
2018-10-09 03:00:00,4634.353782483049
2018-10-09 04:00:00,4651.829277657974
2018-10-09 05:00:00,4679.503235215106
2018-10-09 06:00:00,4821.041159709446
2018-10-09 07:00:00,4946.194923263113
2018-10-09 08:00:00,4744.923825991587
2018-10-09 09:00:00,4663.247278140998
2018-10-09 10:00:00,4668.888853586809
2018-10-09 11:00:00,4674.33448595162
2018-10-09 12:00:00,4660.238282586233
2018-10-09 13:00:00,4655.495583264592
2018-10-09 14:00:00,4658.187104528167
2018-10-09 15:00:00,4637.168156857839
2018-10-09 16:00:00,4646.101266766424
2018-10-09 17:00:00,4670.244075064551
2018-10-09 18:00:00,4687.522840871722
2018-10-09 19:00:00,4704.71652721058
2018-10-09 20:00:00,4790.752724418169
2018-10-09 21:00:00,4722.23480344901
2018-10-09 22:00:00,4616.2211037375455
2018-10-09 23:00:00,4480.320461355667
2018-10-10 00:00:00,4457.123663129185
2018-10-10 01:00:00,4499.367360784046
2018-10-10 02:00:00,4602.63883228344
2018-10-10 03:00:00,4633.744689959423
2018-10-10 04:00:00,4651.220185134348
2018-10-10 05:00:00,4674.692994905781
2018-10-10 06:00:00,4816.284486872108
2018-10-10 07:00:00,4941.438250425775
2018-10-10 08:00:00,4739.395055986336
2018-10-10 09:00:00,4658.048414122954
2018-10-10 10:00:00,4663.689989568766
2018-10-10 11:00:00,4667.799052443482
2018-10-10 12:00:00,4653.702849078096
2018-10-10 13:00:00,4648.9601497564545
2018-10-10 14:00:00,4651.651671020029
2018-10-10 15:00:00,4630.6327233497
2018-10-10 16:00:00,4639.565833258286
2018-10-10 17:00:00,4663.613145786962
2018-10-10 18:00:00,4682.4111767251225
2018-10-10 19:00:00,4699.604863063981
2018-10-10 20:00:00,4786.55577187045
2018-10-10 21:00:00,4718.037850901291
2018-10-10 22:00:00,4612.0241511898275
2018-10-10 23:00:00,4480.49563215907
2018-10-11 00:00:00,4452.726827018569
2018-10-11 01:00:00,4494.800964040649
2018-10-11 02:00:00,4598.072435540043
2018-10-11 03:00:00,4629.178293216027
2018-10-11 04:00:00,4646.653788390951
2018-10-11 05:00:00,4670.126598162384
2018-10-11 06:00:00,4811.718090128711
2018-10-11 07:00:00,4936.871853682377
2018-10-11 08:00:00,4734.8286592429395
2018-10-11 09:00:00,4654.0610939561175
2018-10-11 10:00:00,4659.702669401929
2018-10-11 11:00:00,4663.811732276646
2018-10-11 12:00:00,4649.715528911259
2018-10-11 13:00:00,4644.9728295896175
2018-10-11 14:00:00,4647.664350853192
2018-10-11 15:00:00,4626.624688498084
2018-10-11 16:00:00,4635.557798406669
2018-10-11 17:00:00,4659.605110935345
2018-10-11 18:00:00,4678.403141873506
2018-10-11 19:00:00,4698.021856035115
2018-10-11 20:00:00,4777.525895467853
2018-10-11 21:00:00,4709.007974498693
2018-10-11 22:00:00,4612.677995350228
2018-10-11 23:00:00,4483.758531390104
2018-10-12 00:00:00,4454.874599612908
2018-10-12 01:00:00,4488.470741606862
2018-10-12 02:00:00,4588.418753799234
2018-10-12 03:00:00,4619.524611475218
2018-10-12 04:00:00,4637.445768558296
2018-10-12 05:00:00,4661.210589462409
2018-10-12 06:00:00,4801.535145855315
2018-10-12 07:00:00,4922.152642366981
2018-10-12 08:00:00,4725.549783680614
2018-10-12 09:00:00,4653.274428797205
2018-10-12 10:00:00,4658.296040948595
2018-10-12 11:00:00,4671.794090141558
2018-10-12 12:00:00,4656.16184873944
2018-10-12 13:00:00,4651.519414825691
2018-10-12 14:00:00,4655.878687718715
2018-10-12 15:00:00,4634.839025363605
2018-10-12 16:00:00,4641.64925030105
2018-10-12 17:00:00,4666.141111878957
2018-10-12 18:00:00,4678.401098684128
2018-10-12 19:00:00,4687.198635130186
2018-10-12 20:00:00,4758.756435270754
2018-10-12 21:00:00,4691.429830876339
2018-10-12 22:00:00,4626.563049979608
2018-10-12 23:00:00,4517.179908735002
2018-10-13 00:00:00,4448.00418378307
2018-10-13 01:00:00,4472.9208198745655
2018-10-13 02:00:00,4565.683897766211
2018-10-13 03:00:00,4596.903314912045
2018-10-13 04:00:00,4615.010222850499
2018-10-13 05:00:00,4626.36529765798
2018-10-13 06:00:00,4689.290612020334
2018-10-13 07:00:00,4716.474567031385
2018-10-13 08:00:00,4703.197104081103
2018-10-13 09:00:00,4704.98277216191
2018-10-13 10:00:00,4690.802966341086
2018-10-13 11:00:00,4664.650615960287
2018-10-13 12:00:00,4646.494224959832
2018-10-13 13:00:00,4644.2083653471345
2018-10-13 14:00:00,4640.053203652721
2018-10-13 15:00:00,4631.462801053117
2018-10-13 16:00:00,4644.177608882374
2018-10-13 17:00:00,4675.117649931399
2018-10-13 18:00:00,4686.515531587758
2018-10-13 19:00:00,4696.1442218146785
2018-10-13 20:00:00,4767.702021955247
2018-10-13 21:00:00,4700.375417560832
2018-10-13 22:00:00,4629.676686794227
2018-10-13 23:00:00,4525.631532360398
2018-10-14 00:00:00,4460.084812145809
2018-10-14 01:00:00,4481.662500403192
2018-10-14 02:00:00,4573.163662328385
2018-10-14 03:00:00,4604.383079474218
2018-10-14 04:00:00,4626.358268778599
2018-10-14 05:00:00,4632.197695246949
2018-10-14 06:00:00,4696.9568256020675
2018-10-14 07:00:00,4723.725425892005
2018-10-14 08:00:00,4707.74088770488
2018-10-14 09:00:00,4710.977260460915
2018-10-14 10:00:00,4678.060414702641
2018-10-14 11:00:00,4648.648623201329
2018-10-14 12:00:00,4656.094281608413
2018-10-14 13:00:00,4658.548655784884
2018-10-14 14:00:00,4648.202102276992
2018-10-14 15:00:00,4639.609691270969
2018-10-14 16:00:00,4653.039719374458
2018-10-14 17:00:00,4690.792198180595
2018-10-14 18:00:00,4708.896649261321
2018-10-14 19:00:00,4731.190970320046
2018-10-14 20:00:00,4801.791394752704
2018-10-14 21:00:00,4731.3945998901745
2018-10-14 22:00:00,4626.320748022485
2018-10-14 23:00:00,4529.120978049503
2018-10-15 00:00:00,4508.440977046152
2018-10-15 01:00:00,4550.490637120865
2018-10-15 02:00:00,4660.714695861203
2018-10-15 03:00:00,4696.332444890446
2018-10-15 04:00:00,4713.674901570066
2018-10-15 05:00:00,4747.345717758331
2018-10-15 06:00:00,4889.944225681151
2018-10-15 07:00:00,5017.664179809113
2018-10-15 08:00:00,4799.681453755
2018-10-15 09:00:00,4678.991182922721
2018-10-15 10:00:00,4682.1960828950705
2018-10-15 11:00:00,4673.607952779255
2018-10-15 12:00:00,4659.084338616144
2018-10-15 13:00:00,4656.13109118983
2018-10-15 14:00:00,4655.504708068498
2018-10-15 15:00:00,4634.306401129633
2018-10-15 16:00:00,4643.611942426103
2018-10-15 17:00:00,4668.299408066432
2018-10-15 18:00:00,4683.184874493851
2018-10-15 19:00:00,4706.867614431195
2018-10-15 20:00:00,4776.222545118935
2018-10-15 21:00:00,4711.656434680959
2018-10-15 22:00:00,4605.224539477439
2018-10-15 23:00:00,4468.305915349974
2018-10-16 00:00:00,4450.095036587085
2018-10-16 01:00:00,4492.5268547863525
2018-10-16 02:00:00,4602.2339961863445
2018-10-16 03:00:00,4635.201566533952
2018-10-16 04:00:00,4652.677061708877
2018-10-16 05:00:00,4678.752879148758
2018-10-16 06:00:00,4820.290803643099
2018-10-16 07:00:00,4945.444567196765
2018-10-16 08:00:00,4744.17346992524
2018-10-16 09:00:00,4662.49692207465
2018-10-16 10:00:00,4668.138497520462
2018-10-16 11:00:00,4673.584129885272
2018-10-16 12:00:00,4659.487926519885
2018-10-16 13:00:00,4654.745227198245
2018-10-16 14:00:00,4657.43674846182
2018-10-16 15:00:00,4636.417800791491
2018-10-16 16:00:00,4645.350910700076
2018-10-16 17:00:00,4669.751512914696
2018-10-16 18:00:00,4687.030278721868
2018-10-16 19:00:00,4711.115648090229
2018-10-16 20:00:00,4779.074265990444
2018-10-16 21:00:00,4716.787370908609
2018-10-16 22:00:00,4624.31146565135
2018-10-16 23:00:00,4487.392841523884
2018-10-17 00:00:00,4459.59051807019
2018-10-17 01:00:00,4501.83421572505
2018-10-17 02:00:00,4605.105687224444
2018-10-17 03:00:00,4636.211544900428
2018-10-17 04:00:00,4653.687040075352
2018-10-17 05:00:00,4674.698068430374
2018-10-17 06:00:00,4816.289560396702
2018-10-17 07:00:00,4941.443323950369
2018-10-17 08:00:00,4739.40012951093
2018-10-17 09:00:00,4657.191962420553
2018-10-17 10:00:00,4662.833537866364
2018-10-17 11:00:00,4666.94260074108
2018-10-17 12:00:00,4652.846397375694
2018-10-17 13:00:00,4648.103698054053
2018-10-17 14:00:00,4650.795219317628
2018-10-17 15:00:00,4629.776271647299
2018-10-17 16:00:00,4638.709381555885
2018-10-17 17:00:00,4663.014488001054
2018-10-17 18:00:00,4693.226559851689
2018-10-17 19:00:00,4717.31192922005
2018-10-17 20:00:00,4769.577138895474
2018-10-17 21:00:00,4707.290243813639
2018-10-17 22:00:00,4614.81433855638
2018-10-17 23:00:00,4482.267837780036
2018-10-18 00:00:00,4454.779172648434
2018-10-18 01:00:00,4496.853309670514
2018-10-18 02:00:00,4600.124781169908
2018-10-18 03:00:00,4631.230638845891
2018-10-18 04:00:00,4648.706134020816
2018-10-18 05:00:00,4669.717162375839
2018-10-18 06:00:00,4811.308654342165
2018-10-18 07:00:00,4936.462417895832
2018-10-18 08:00:00,4734.419223456393
2018-10-18 09:00:00,4652.790132942576
2018-10-18 10:00:00,4658.431708388388
2018-10-18 11:00:00,4662.540771263104
2018-10-18 12:00:00,4648.444567897717
2018-10-18 13:00:00,4643.701868576076
2018-10-18 14:00:00,4646.393389839652
2018-10-18 15:00:00,4625.353727484542
2018-10-18 16:00:00,4634.286837393128
2018-10-18 17:00:00,4658.591943838297
2018-10-18 18:00:00,4688.804015688932
2018-10-18 19:00:00,4712.969799693737
2018-10-18 20:00:00,4765.253136679745
2018-10-18 21:00:00,4702.96624159791
2018-10-18 22:00:00,4612.086280410045
2018-10-18 23:00:00,4482.148834704333
2018-10-19 00:00:00,4457.1882698853615
2018-10-19 01:00:00,4490.7844118793155
2018-10-19 02:00:00,4590.732424071688
2018-10-19 03:00:00,4621.838281747671
2018-10-19 04:00:00,4639.75943883075
2018-10-19 05:00:00,4661.062478318453
2018-10-19 06:00:00,4801.387034711358
2018-10-19 07:00:00,4922.004531223024
2018-10-19 08:00:00,4725.401672536657
2018-10-19 09:00:00,4652.264792426253
2018-10-19 10:00:00,4657.286404577643
2018-10-19 11:00:00,4670.784453770606
2018-10-19 12:00:00,4655.152212368488
2018-10-19 13:00:00,4650.509778454739
2018-10-19 14:00:00,4654.869051347763
2018-10-19 15:00:00,4633.829388992654
2018-10-19 16:00:00,4640.639613930099
2018-10-19 17:00:00,4665.131475508006
2018-10-19 18:00:00,4688.80550322565
2018-10-19 19:00:00,4701.6409112055335
2018-10-19 20:00:00,4745.978008899373
2018-10-19 21:00:00,4684.882430392282
2018-10-19 22:00:00,4625.465667456152
2018-10-19 23:00:00,4515.0645444659585
2018-10-20 00:00:00,4450.652970390499
2018-10-20 01:00:00,4475.569606481994
2018-10-20 02:00:00,4568.3326843736395
2018-10-20 03:00:00,4599.552101519473
2018-10-20 04:00:00,4617.659009457927
2018-10-20 05:00:00,4626.552302848997
2018-10-20 06:00:00,4689.4776172113525
2018-10-20 07:00:00,4716.661572222403
2018-10-20 08:00:00,4703.384109272121
2018-10-20 09:00:00,4703.791209750766
2018-10-20 10:00:00,4689.611403929942
2018-10-20 11:00:00,4663.4590535491425
2018-10-20 12:00:00,4645.302662548687
2018-10-20 13:00:00,4643.01680293599
2018-10-20 14:00:00,4638.861641241578
2018-10-20 15:00:00,4630.271238641973
2018-10-20 16:00:00,4642.98604647123
2018-10-20 17:00:00,4673.926087520254
2018-10-20 18:00:00,4696.738010089088
2018-10-20 19:00:00,4710.404571849835
2018-10-20 20:00:00,4754.741669543674
2018-10-20 21:00:00,4693.646091036583
2018-10-20 22:00:00,4628.397378230578
2018-10-20 23:00:00,4523.334242051163
2018-10-21 00:00:00,4461.755963557075
2018-10-21 01:00:00,4483.333651814459
2018-10-21 02:00:00,4574.049381220901
2018-10-21 03:00:00,4605.268798366734
2018-10-21 04:00:00,4627.243987671116
2018-10-21 05:00:00,4632.496853993407
2018-10-21 06:00:00,4697.255984348526
2018-10-21 07:00:00,4724.024584638464
2018-10-21 08:00:00,4708.040046451339
2018-10-21 09:00:00,4709.897851605211
2018-10-21 10:00:00,4676.981005846937
2018-10-21 11:00:00,4647.569214345626
2018-10-21 12:00:00,4655.01487275271
2018-10-21 13:00:00,4657.469246929181
2018-10-21 14:00:00,4647.122693421289
2018-10-21 15:00:00,4638.530282415266
2018-10-21 16:00:00,4651.960310518755
2018-10-21 17:00:00,4689.712789324892
2018-10-21 18:00:00,4719.2312813180915
2018-10-21 19:00:00,4742.40027498007
2018-10-21 20:00:00,4786.409899523814
2018-10-21 21:00:00,4724.301264098268
2018-10-21 22:00:00,4624.677430191178
2018-10-21 23:00:00,4524.602581373517
2018-10-22 00:00:00,4509.249216948185
2018-10-22 01:00:00,4551.2988770228985
2018-10-22 02:00:00,4660.737503244486
2018-10-22 03:00:00,4696.35525227373
2018-10-22 04:00:00,4713.69770895335
2018-10-22 05:00:00,4747.368525141615
2018-10-22 06:00:00,4889.967033064435
2018-10-22 07:00:00,5017.686987192396
2018-10-22 08:00:00,4799.704261138283
2018-10-22 09:00:00,4678.152465079009
2018-10-22 10:00:00,4681.357365051359
2018-10-22 11:00:00,4672.769234935543
2018-10-22 12:00:00,4658.245620772432
2018-10-22 13:00:00,4655.2923733461175
2018-10-22 14:00:00,4654.665990224786
2018-10-22 15:00:00,4633.46768328592
2018-10-22 16:00:00,4642.773224582392
2018-10-22 17:00:00,4667.46069022272
2018-10-22 18:00:00,4693.760197562613
2018-10-22 19:00:00,4718.31761010321
2018-10-22 20:00:00,4768.233526212249
2018-10-22 21:00:00,4707.4057938734295
2018-10-22 22:00:00,4600.97389866991
2018-10-22 23:00:00,4462.569103817535
2018-10-23 00:00:00,4451.226018343053
2018-10-23 01:00:00,4493.657836542321
2018-10-23 02:00:00,4602.579545423563
2018-10-23 03:00:00,4635.547115771171
2018-10-23 04:00:00,4653.0226109460955
2018-10-23 05:00:00,4679.098428385977
2018-10-23 06:00:00,4820.636352880318
2018-10-23 07:00:00,4945.790116433984
2018-10-23 08:00:00,4744.519019162459
2018-10-23 09:00:00,4661.980946084874
2018-10-23 10:00:00,4667.622521530685
2018-10-23 11:00:00,4673.068153895496
2018-10-23 12:00:00,4658.971950530109
2018-10-23 13:00:00,4654.229251208468
2018-10-23 14:00:00,4656.920772472043
2018-10-23 15:00:00,4635.901824801715
2018-10-23 16:00:00,4644.834934710299
2018-10-23 17:00:00,4669.23553692492
2018-10-23 18:00:00,4697.928343644566
2018-10-23 19:00:00,4722.888385616179
2018-10-23 20:00:00,4761.056070927235
2018-10-23 21:00:00,4714.686603411225
2018-10-23 22:00:00,4621.7723765978035
2018-10-23 23:00:00,4483.367581745428
2018-10-24 00:00:00,4460.5659658025415
2018-10-24 01:00:00,4502.809663457402
2018-10-24 02:00:00,4605.295702438047
2018-10-24 03:00:00,4636.40156011403
2018-10-24 04:00:00,4653.877055288955
2018-10-24 05:00:00,4674.888083643978
2018-10-24 06:00:00,4816.479575610304
2018-10-24 07:00:00,4941.633339163971
2018-10-24 08:00:00,4739.590144724532
2018-10-24 09:00:00,4657.381977634155
2018-10-24 10:00:00,4663.023553079967
2018-10-24 11:00:00,4667.132615954683
2018-10-24 12:00:00,4653.036412589297
2018-10-24 13:00:00,4648.293713267655
2018-10-24 14:00:00,4649.728742607658
2018-10-24 15:00:00,4629.688300401467
2018-10-24 16:00:00,4638.6795880675345
2018-10-24 17:00:00,4662.984694512705
2018-10-24 18:00:00,4695.010209608345
2018-10-24 19:00:00,4719.970251579958
2018-10-24 20:00:00,4759.052648489895
2018-10-24 21:00:00,4712.683180973885
2018-10-24 22:00:00,4619.768954160463
2018-10-24 23:00:00,4485.736282659209
2018-10-25 00:00:00,4455.82404368711
2018-10-25 01:00:00,4497.8981807091905
2018-10-25 02:00:00,4600.384219689834
2018-10-25 03:00:00,4631.490077365818
2018-10-25 04:00:00,4648.965572540743
2018-10-25 05:00:00,4669.976600895765
2018-10-25 06:00:00,4811.568092862092
2018-10-25 07:00:00,4936.721856415758
2018-10-25 08:00:00,4734.678661976321
2018-10-25 09:00:00,4653.049571462503
2018-10-25 10:00:00,4658.691146908315
2018-10-25 11:00:00,4662.800209783031
2018-10-25 12:00:00,4648.704006417644
2018-10-25 13:00:00,4643.961307096003
2018-10-25 14:00:00,4645.396336436006
2018-10-25 15:00:00,4625.335179545034
2018-10-25 16:00:00,4634.326467211102
2018-10-25 17:00:00,4658.631573656272
2018-10-25 18:00:00,4690.657088751912
2018-10-25 19:00:00,4715.697545359969
2018-10-25 20:00:00,4754.798069580491
2018-10-25 21:00:00,4708.428602064481
2018-10-25 22:00:00,4617.1103193204535
2018-10-25 23:00:00,4485.6867028898305
2018-10-26 00:00:00,4459.4927266623035
2018-10-26 01:00:00,4493.088868656258
2018-10-26 02:00:00,4592.251448329879
2018-10-26 03:00:00,4623.357306005864
2018-10-26 04:00:00,4641.278463088942
2018-10-26 05:00:00,4662.581502576645
2018-10-26 06:00:00,4802.90605896955
2018-10-26 07:00:00,4923.523555481216
2018-10-26 08:00:00,4726.920696794849
2018-10-26 09:00:00,4653.783816684445
2018-10-26 10:00:00,4658.805428835835
2018-10-26 11:00:00,4672.303478028798
2018-10-26 12:00:00,4656.67123662668
2018-10-26 13:00:00,4652.028802712931
2018-10-26 14:00:00,4655.131583682383
2018-10-26 15:00:00,4635.070426791411
2018-10-26 16:00:00,4641.938829486338
2018-10-26 17:00:00,4676.3487322701385
2018-10-26 18:00:00,4704.296164523929
2018-10-26 19:00:00,4718.006245107066
2018-10-26 20:00:00,4731.33956331585
2018-10-26 21:00:00,4686.161412374585
2018-10-26 22:00:00,4626.306327882291
2018-10-26 23:00:00,4525.130068290779
2018-10-27 00:00:00,4453.895177803757
2018-10-27 01:00:00,4478.811813895252
2018-10-27 02:00:00,4570.789459268147
2018-10-27 03:00:00,4602.008876413982
2018-10-27 04:00:00,4620.115784352435
2018-10-27 05:00:00,4629.009077743505
2018-10-27 06:00:00,4691.934392105861
2018-10-27 07:00:00,4719.1183471169115
2018-10-27 08:00:00,4705.84088416663
2018-10-27 09:00:00,4706.247984645274
2018-10-27 10:00:00,4692.06817882445
2018-10-27 11:00:00,4665.915828443651
2018-10-27 12:00:00,4647.759437443196
2018-10-27 13:00:00,4645.4735778304985
2018-10-27 14:00:00,4641.675704130338
2018-10-27 15:00:00,4633.338807090602
2018-10-27 16:00:00,4646.254811221213
2018-10-27 17:00:00,4687.11289347613
2018-10-27 18:00:00,4712.531033869913
2018-10-27 19:00:00,4727.072268233912
2018-10-27 20:00:00,4734.077510325522
2018-10-27 21:00:00,4698.5443590122795
2018-10-27 22:00:00,4629.818031969819
2018-10-27 23:00:00,4533.979759189084
2018-10-28 00:00:00,4464.352302270999
2018-10-28 01:00:00,4485.9299905283815
2018-10-28 02:00:00,4576.645719934824
2018-10-28 03:00:00,4607.865137080657
2018-10-28 04:00:00,4629.84032638504
2018-10-28 05:00:00,4635.093192707331
2018-10-28 06:00:00,4699.85232306245
2018-10-28 07:00:00,4726.620923352387
2018-10-28 08:00:00,4710.636385165262
2018-10-28 09:00:00,4712.494190319135
2018-10-28 10:00:00,4679.57734456086
2018-10-28 11:00:00,4650.16555305955
2018-10-28 12:00:00,4657.611211466634
2018-10-28 13:00:00,4660.065585643105
2018-10-28 14:00:00,4650.076320129466
2018-10-28 15:00:00,4641.73741468331
2018-10-28 16:00:00,4655.368639088152
2018-10-28 17:00:00,4703.039159100183
2018-10-28 18:00:00,4735.163868918332
2018-10-28 19:00:00,4758.33286258031
2018-10-28 20:00:00,4767.841526276855
2018-10-28 21:00:00,4727.556939945999
2018-10-28 22:00:00,4624.455491802453
2018-10-28 23:00:00,4535.091677108384
2018-10-29 00:00:00,4510.660015474843
2018-10-29 01:00:00,4552.709675549557
2018-10-29 02:00:00,4661.872236609353
2018-10-29 03:00:00,4697.489985638596
2018-10-29 04:00:00,4714.832442318217
2018-10-29 05:00:00,4748.503258506482
2018-10-29 06:00:00,4891.101766429301
2018-10-29 07:00:00,5018.821720557264
2018-10-29 08:00:00,4800.8389945031495
2018-10-29 09:00:00,4679.287198443876
2018-10-29 10:00:00,4682.492098416225
2018-10-29 11:00:00,4673.903968300409
2018-10-29 12:00:00,4659.380354137298
2018-10-29 13:00:00,4656.427106710984
2018-10-29 14:00:00,4654.54423166608
2018-10-29 15:00:00,4634.324430191353
2018-10-29 16:00:00,4643.688149245306
2018-10-29 17:00:00,4680.713380655888
2018-10-29 18:00:00,4711.286292531927
2018-10-29 19:00:00,4736.08340652512
2018-10-29 20:00:00,4744.444793247025
2018-10-29 21:00:00,4705.748478859131
2018-10-29 22:00:00,4605.92713873635
2018-10-29 23:00:00,4479.023934130379
2018-10-30 00:00:00,4452.556512267843
2018-10-30 01:00:00,4494.988330467111
2018-10-30 02:00:00,4603.63397418656
2018-10-30 03:00:00,4636.601544534169
2018-10-30 04:00:00,4654.077039709094
2018-10-30 05:00:00,4680.152857148975
2018-10-30 06:00:00,4821.690781643316
2018-10-30 07:00:00,4946.844545196982
2018-10-30 08:00:00,4745.573447925457
2018-10-30 09:00:00,4663.035374847871
2018-10-30 10:00:00,4668.676950293683
2018-10-30 11:00:00,4674.122582658493
2018-10-30 12:00:00,4660.026379293107
2018-10-30 13:00:00,4655.283679971466
2018-10-30 14:00:00,4656.718709311469
2018-10-30 15:00:00,4636.678267105278
2018-10-30 16:00:00,4645.669554771345
2018-10-30 17:00:00,4686.568346805569
2018-10-30 18:00:00,4719.534558061361
2018-10-30 19:00:00,4733.1029156258655
2018-10-30 20:00:00,4740.44488533902
2018-10-30 21:00:00,4715.539906100149
2018-10-30 22:00:00,4627.334374344079
2018-10-30 23:00:00,4500.431169738106
2018-10-31 00:00:00,4463.227339364196
2018-10-31 01:00:00,4505.471037019056
2018-10-31 02:00:00,4607.6810108379095
2018-10-31 03:00:00,4638.786868513893
2018-10-31 04:00:00,4656.2623636888175
2018-10-31 05:00:00,4677.2733920438395
2018-10-31 06:00:00,4818.864884010167
2018-10-31 07:00:00,4944.018647563833
2018-10-31 08:00:00,4741.975453124395
2018-10-31 09:00:00,4659.767286034017
2018-10-31 10:00:00,4665.408861479829
2018-10-31 11:00:00,4669.517924354545
2018-10-31 12:00:00,4655.421720989159
2018-10-31 13:00:00,4650.679021667518
2018-10-31 14:00:00,4652.114051007521
2018-10-31 15:00:00,4632.07360880133
2018-10-31 16:00:00,4641.064896467397
2018-10-31 17:00:00,4679.4484681678105
2018-10-31 18:00:00,4713.933944554592
2018-10-31 19:00:00,4727.502302119096
2018-10-31 20:00:00,4737.470403497729
2018-10-31 21:00:00,4712.565424258858
2018-10-31 22:00:00,4624.359892502787
2018-10-31 23:00:00,4501.038255125123
2018-11-01 00:00:00,4459.0798854750665
2018-11-01 01:00:00,4501.154022497147
2018-11-01 02:00:00,4603.363996315999
2018-11-01 03:00:00,4634.469853991983
2018-11-01 04:00:00,4651.945349166907
2018-11-01 05:00:00,4673.35688352232
2018-11-01 06:00:00,4814.948375488646
2018-11-01 07:00:00,4936.813713937812
2018-11-01 08:00:00,4734.770519498375
2018-11-01 09:00:00,4655.886225347212
2018-11-01 10:00:00,4661.527800793023
2018-11-01 11:00:00,4665.63686366774
2018-11-01 12:00:00,4651.540660302353
2018-11-01 13:00:00,4646.797960980712
2018-11-01 14:00:00,4648.232990320715
2018-11-01 15:00:00,4628.171833429743
2018-11-01 16:00:00,4637.16312109581
2018-11-01 17:00:00,4675.546692796223
2018-11-01 18:00:00,4816.212761894988
2018-11-01 19:00:00,4734.284278403005
2018-11-01 20:00:00,4710.839211502943
2018-11-01 21:00:00,4689.516312326647
2018-11-01 22:00:00,4611.6647028692505
2018-11-01 23:00:00,4498.1289390469565
2018-11-02 00:00:00,4464.639512447543
2018-11-02 01:00:00,4498.235654441497
2018-11-02 02:00:00,4593.301939808698
2018-11-02 03:00:00,4624.407797484683
2018-11-02 04:00:00,4642.328954567761
2018-11-02 05:00:00,4664.032500055853
2018-11-02 06:00:00,4804.357056448758
2018-11-02 07:00:00,4921.6861278559245
2018-11-02 08:00:00,4725.083269169558
2018-11-02 09:00:00,4654.691185421808
2018-11-02 10:00:00,4659.712797573198
2018-11-02 11:00:00,4673.210846766161
2018-11-02 12:00:00,4657.578605364042
2018-11-02 13:00:00,4652.936171450294
2018-11-02 14:00:00,4656.038952419745
2018-11-02 15:00:00,4635.977795528774
2018-11-02 16:00:00,4642.846198223701
2018-11-02 17:00:00,4684.923750614148
2018-11-02 18:00:00,4819.051775579922
2018-11-02 19:00:00,4722.457170041878
2018-11-02 20:00:00,4691.065863849646
2018-11-02 21:00:00,4670.934281248094
2018-11-02 22:00:00,4623.381595406845
2018-11-02 23:00:00,4529.38215430007
2018-11-03 00:00:00,4458.320020755491
2018-11-03 01:00:00,4483.236656846986
2018-11-03 02:00:00,4571.11800791346
2018-11-03 03:00:00,4602.337425059295
2018-11-03 04:00:00,4620.444332997749
2018-11-03 05:00:00,4629.738132389209
2018-11-03 06:00:00,4692.663446751563
2018-11-03 07:00:00,4716.558976658114
2018-11-03 08:00:00,4703.281513707832
2018-11-03 09:00:00,4706.433410549132
2018-11-03 10:00:00,4692.253604728307
2018-11-03 11:00:00,4666.101254347508
2018-11-03 12:00:00,4647.944863347053
2018-11-03 13:00:00,4645.659003734356
2018-11-03 14:00:00,4641.861130034195
2018-11-03 15:00:00,4633.524232994459
2018-11-03 16:00:00,4646.44023712507
2018-11-03 17:00:00,4694.965968986634
2018-11-03 18:00:00,4826.5647020924
2018-11-03 19:00:00,4730.801250335218
2018-11-03 20:00:00,4699.409944142986
2018-11-03 21:00:00,4679.278361541434
2018-11-03 22:00:00,4625.893725830311
2018-11-03 23:00:00,4537.232271534314
2018-11-04 00:00:00,4469.277127543642
2018-11-04 01:00:00,4490.854815801024
2018-11-04 02:00:00,4577.474250901047
2018-11-04 03:00:00,4608.693668046879
2018-11-04 04:00:00,4630.668857351262
2018-11-04 05:00:00,4636.322229673942
2018-11-04 06:00:00,4701.081360029061
2018-11-04 07:00:00,4724.561535214499
2018-11-04 08:00:00,4708.576997027373
2018-11-04 09:00:00,4713.179598543901
2018-11-04 10:00:00,4680.262752785627
2018-11-04 11:00:00,4650.850961284316
2018-11-04 12:00:00,4658.2966196914
2018-11-04 13:00:00,4660.75099386787
2018-11-04 14:00:00,4650.761728354231
2018-11-04 15:00:00,4642.422822908076
2018-11-04 16:00:00,4656.054047312919
2018-11-04 17:00:00,4715.869028506083
2018-11-04 18:00:00,4882.205143223315
2018-11-04 19:00:00,4748.704105586129
2018-11-04 20:00:00,4723.9415321857905
2018-11-04 21:00:00,4699.058514566625
2018-11-04 22:00:00,4611.935227574212
2018-11-04 23:00:00,4542.13902306588
2018-11-05 00:00:00,4513.789062981819
2018-11-05 01:00:00,4555.838723056533
2018-11-05 02:00:00,4661.181054971701
2018-11-05 03:00:00,4696.798804000945
2018-11-05 04:00:00,4714.141260680564
2018-11-05 05:00:00,4748.212582869219
2018-11-05 06:00:00,4890.811090792038
2018-11-05 07:00:00,5015.2426198155
2018-11-05 08:00:00,4797.259893761387
2018-11-05 09:00:00,4678.452894064768
2018-11-05 10:00:00,4681.657794037117
2018-11-05 11:00:00,4673.069663921301
2018-11-05 12:00:00,4658.54604975819
2018-11-05 13:00:00,4655.592802331876
2018-11-05 14:00:00,4653.709927286972
2018-11-05 15:00:00,4633.4901258122445
2018-11-05 16:00:00,4642.8538448661975
2018-11-05 17:00:00,4692.023537457913
2018-11-05 18:00:00,4860.388083909934
2018-11-05 19:00:00,4727.775432791275
2018-11-05 20:00:00,4704.836411600286
2018-11-05 21:00:00,4681.541665924081
2018-11-05 22:00:00,4589.218536622816
2018-11-05 23:00:00,4481.882942202583
2018-11-06 00:00:00,4455.456003564936
2018-11-06 01:00:00,4497.887821764204
2018-11-06 02:00:00,4602.713236339025
2018-11-06 03:00:00,4635.680806686633
2018-11-06 04:00:00,4653.156301861558
2018-11-06 05:00:00,4679.632625301829
2018-11-06 06:00:00,4821.170549796169
2018-11-06 07:00:00,4943.035888245336
2018-11-06 08:00:00,4741.764790973811
2018-11-06 09:00:00,4661.971514258879
2018-11-06 10:00:00,4667.613089704691
2018-11-06 11:00:00,4673.0587220695015
2018-11-06 12:00:00,4658.962518704115
2018-11-06 13:00:00,4654.219819382474
2018-11-06 14:00:00,4655.654848722477
2018-11-06 15:00:00,4635.614406516286
2018-11-06 16:00:00,4644.605694182354
2018-11-06 17:00:00,4693.488523348361
2018-11-06 18:00:00,4864.246369180136
2018-11-06 19:00:00,4732.0363474924925
2018-11-06 20:00:00,4710.0723328033255
2018-11-06 21:00:00,4688.749433627028
2018-11-06 22:00:00,4608.042112692475
2018-11-06 23:00:00,4500.706518272241
2018-11-07 00:00:00,4468.0149840492295
2018-11-07 01:00:00,4510.258681704089
2018-11-07 02:00:00,4608.648426378313
2018-11-07 03:00:00,4639.7542840542965
2018-11-07 04:00:00,4657.229779229222
2018-11-07 05:00:00,4678.641313584633
2018-11-07 06:00:00,4820.232805550961
2018-11-07 07:00:00,4942.098144000126
2018-11-07 08:00:00,4740.054949560688
2018-11-07 09:00:00,4660.591578832966
2018-11-07 10:00:00,4666.233154278777
2018-11-07 11:00:00,4670.342217153494
2018-11-07 12:00:00,4656.246013788107
2018-11-07 13:00:00,4651.503314466466
2018-11-07 14:00:00,4652.938343806469
2018-11-07 15:00:00,4632.897901600278
2018-11-07 16:00:00,4641.889189266345
2018-11-07 17:00:00,4688.256798098542
2018-11-07 18:00:00,4872.326986714654
2018-11-07 19:00:00,4716.866794588494
2018-11-07 20:00:00,4697.528911564805
2018-11-07 21:00:00,4678.58757696502
2018-11-07 22:00:00,4597.880256030466
2018-11-07 23:00:00,4494.126228838541
2018-11-08 00:00:00,4464.5165811278475
2018-11-08 01:00:00,4506.590718149927
2018-11-08 02:00:00,4604.980462824151
2018-11-08 03:00:00,4636.086320500134
2018-11-08 04:00:00,4653.561815675059
2018-11-08 05:00:00,4674.973350030471
2018-11-08 06:00:00,4816.564841996797
2018-11-08 07:00:00,4938.430180445964
2018-11-08 08:00:00,4736.386986006526
2018-11-08 09:00:00,4657.502691855363
2018-11-08 10:00:00,4663.144267301175
2018-11-08 11:00:00,4667.253330175891
2018-11-08 12:00:00,4653.157126810504
2018-11-08 13:00:00,4648.414427488863
2018-11-08 14:00:00,4649.849456828866
2018-11-08 15:00:00,4629.788299937894
2018-11-08 16:00:00,4638.779587603962
2018-11-08 17:00:00,4693.4408206185435
2018-11-08 18:00:00,4877.511009234655
2018-11-08 19:00:00,4712.808424524007
2018-11-08 20:00:00,4693.488668810904
2018-11-08 21:00:00,4674.547334211118
2018-11-08 22:00:00,4594.443207981269
2018-11-08 23:00:00,4493.298235859975
2018-11-09 00:00:00,4468.84082829891
2018-11-09 01:00:00,4502.436970292864
2018-11-09 02:00:00,4597.503255660065
2018-11-09 03:00:00,4628.6091133360505
2018-11-09 04:00:00,4646.530270419129
2018-11-09 05:00:00,4668.233815907221
2018-11-09 06:00:00,4808.558372300126
2018-11-09 07:00:00,4925.887443707292
2018-11-09 08:00:00,4729.284585020925
2018-11-09 09:00:00,4658.892501273175
2018-11-09 10:00:00,4663.914113424566
2018-11-09 11:00:00,4677.412162617528
2018-11-09 12:00:00,4661.7799212154105
2018-11-09 13:00:00,4657.137487301661
2018-11-09 14:00:00,4660.240268271113
2018-11-09 15:00:00,4640.179111380141
2018-11-09 16:00:00,4647.047514075069
2018-11-09 17:00:00,4701.895502222387
2018-11-09 18:00:00,4879.427646705508
2018-11-09 19:00:00,4700.0589399488
2018-11-09 20:00:00,4672.792944943526
2018-11-09 21:00:00,4655.042926918485
2018-11-09 22:00:00,4606.416944330703
2018-11-09 23:00:00,4524.808294924928
2018-11-10 00:00:00,4462.449718888232
2018-11-10 01:00:00,4487.3663549797275
2018-11-10 02:00:00,4575.247706046202
2018-11-10 03:00:00,4606.467123192037
2018-11-10 04:00:00,4624.574031130491
2018-11-10 05:00:00,4633.86783052195
2018-11-10 06:00:00,4696.793144884305
2018-11-10 07:00:00,4720.688674790856
2018-11-10 08:00:00,4707.411211840574
2018-11-10 09:00:00,4710.563108681873
2018-11-10 10:00:00,4696.383302861049
2018-11-10 11:00:00,4670.2309524802495
2018-11-10 12:00:00,4652.074561479794
2018-11-10 13:00:00,4649.788701867097
2018-11-10 14:00:00,4645.990828166937
2018-11-10 15:00:00,4637.653931127201
2018-11-10 16:00:00,4650.569935257811
2018-11-10 17:00:00,4711.866102876247
2018-11-10 18:00:00,4886.86895549936
2018-11-10 19:00:00,4708.331402523514
2018-11-10 20:00:00,4681.06540751824
2018-11-10 21:00:00,4663.315389493199
2018-11-10 22:00:00,4608.857457035542
2018-11-10 23:00:00,4532.586794440545
2018-11-11 00:00:00,4470.107966452051
2018-11-11 01:00:00,4491.685654709435
2018-11-11 02:00:00,4578.305089809457
2018-11-11 03:00:00,4609.52450695529
2018-11-11 04:00:00,4631.499696259672
2018-11-11 05:00:00,4637.153068582353
2018-11-11 06:00:00,4701.912198937472
2018-11-11 07:00:00,4725.392374122909
2018-11-11 08:00:00,4709.4078359357845
2018-11-11 09:00:00,4714.010437452312
2018-11-11 10:00:00,4681.093591694037
2018-11-11 11:00:00,4651.681800192727
2018-11-11 12:00:00,4659.127458599811
2018-11-11 13:00:00,4661.556015029704
2018-11-11 14:00:00,4650.935478083875
2018-11-11 15:00:00,4640.703346494096
2018-11-11 16:00:00,4654.334570898938
2018-11-11 17:00:00,4728.848748312616
2018-11-11 18:00:00,4915.514585930209
2018-11-11 19:00:00,4734.406612555912
2018-11-11 20:00:00,4709.644039155574
2018-11-11 21:00:00,4687.14258611292
2018-11-11 22:00:00,4600.019299120508
2018-11-11 23:00:00,4530.2230946121745
2018-11-12 00:00:00,4512.949721519615
2018-11-12 01:00:00,4554.999381594329
2018-11-12 02:00:00,4660.341713509497
2018-11-12 03:00:00,4695.959462538741
2018-11-12 04:00:00,4713.301919218361
2018-11-12 05:00:00,4747.373241407015
2018-11-12 06:00:00,4889.971749329835
2018-11-12 07:00:00,5014.403278353297
2018-11-12 08:00:00,4796.420552299182
2018-11-12 09:00:00,4677.613552602564
2018-11-12 10:00:00,4680.818452574913
2018-11-12 11:00:00,4672.230322459098
2018-11-12 12:00:00,4657.706708295987
2018-11-12 13:00:00,4654.16389814644
2018-11-12 14:00:00,4652.870902578863
2018-11-12 15:00:00,4630.757874960511
2018-11-12 16:00:00,4640.121594014465
2018-11-12 17:00:00,4703.990482826694
2018-11-12 18:00:00,4889.104522502177
2018-11-12 19:00:00,4712.72071402764
2018-11-12 20:00:00,4689.78169283665
2018-11-12 21:00:00,4668.868511736957
2018-11-12 22:00:00,4576.545382435692
2018-11-12 23:00:00,4469.209788015459
2018-11-13 00:00:00,4454.1793821411775
2018-11-13 01:00:00,4496.611200340445
2018-11-13 02:00:00,4601.436614915267
2018-11-13 03:00:00,4634.404185262875
2018-11-13 04:00:00,4651.8796804378
2018-11-13 05:00:00,4678.356003878071
2018-11-13 06:00:00,4819.893928372411
2018-11-13 07:00:00,4941.7592668215775
2018-11-13 08:00:00,4740.488169550052
2018-11-13 09:00:00,4660.694892835121
2018-11-13 10:00:00,4666.336468280933
2018-11-13 11:00:00,4671.782100645743
2018-11-13 12:00:00,4657.685897280357
2018-11-13 13:00:00,4652.353635235484
2018-11-13 14:00:00,4654.378544052814
2018-11-13 15:00:00,4632.444875702999
2018-11-13 16:00:00,4641.436163369066
2018-11-13 17:00:00,4707.348436003382
2018-11-13 18:00:00,4894.690037192713
2018-11-13 19:00:00,4714.558618925024
2018-11-13 20:00:00,4692.594604235857
2018-11-13 21:00:00,4673.653269636072
2018-11-13 22:00:00,4595.802681306605
2018-11-13 23:00:00,4488.467086886371
2018-11-14 00:00:00,4464.774596621752
2018-11-14 01:00:00,4507.018294276611
2018-11-14 02:00:00,4605.408038950836
2018-11-14 03:00:00,4636.51389662682
2018-11-14 04:00:00,4653.989391801744
2018-11-14 05:00:00,4675.400926157156
2018-11-14 06:00:00,4816.992418123483
2018-11-14 07:00:00,4938.857756572649
2018-11-14 08:00:00,4736.814562133211
2018-11-14 09:00:00,4657.351191405489
2018-11-14 10:00:00,4662.9927668513
2018-11-14 11:00:00,4667.101829726016
2018-11-14 12:00:00,4653.005626360629
2018-11-14 13:00:00,4647.673364315757
2018-11-14 14:00:00,4649.698273133086
2018-11-14 15:00:00,4627.764604783271
2018-11-14 16:00:00,4636.755892449339
2018-11-14 17:00:00,4704.013965860539
2018-11-14 18:00:00,4889.195260745851
2018-11-14 19:00:00,4709.063842478162
2018-11-14 20:00:00,4689.725959454473
2018-11-14 21:00:00,4670.7846248546875
2018-11-14 22:00:00,4592.934036525222
2018-11-14 23:00:00,4489.180009333296
2018-11-15 00:00:00,4461.337772235379
2018-11-15 01:00:00,4503.411909257458
2018-11-15 02:00:00,4601.801653931683
2018-11-15 03:00:00,4632.9075116076665
2018-11-15 04:00:00,4650.383006782591
2018-11-15 05:00:00,4671.794541138002
2018-11-15 06:00:00,4813.38603310433
2018-11-15 07:00:00,4935.251371553496
2018-11-15 08:00:00,4733.208177114058
2018-11-15 09:00:00,4654.323882962895
2018-11-15 10:00:00,4659.965458408707
2018-11-15 11:00:00,4664.074521283424
2018-11-15 12:00:00,4649.978317918037
2018-11-15 13:00:00,4644.646055873164
2018-11-15 14:00:00,4646.670964690493
2018-11-15 15:00:00,4624.716581655897
2018-11-15 16:00:00,4633.707869321965
2018-11-15 17:00:00,4700.965942733166
2018-11-15 18:00:00,4886.147237618477
2018-11-15 19:00:00,4706.096233987231
2018-11-15 20:00:00,4686.776478274128
2018-11-15 21:00:00,4667.835143674343
2018-11-15 22:00:00,4590.587750049581
2018-11-15 23:00:00,4489.442777928287
2018-11-16 00:00:00,4467.965857882144
2018-11-16 01:00:00,4501.561999876098
2018-11-16 02:00:00,4596.6282852433
2018-11-16 03:00:00,4627.734142919284
2018-11-16 04:00:00,4645.655300002361
2018-11-16 05:00:00,4667.358845490454
2018-11-16 06:00:00,4807.68340188336
2018-11-16 07:00:00,4925.012473290525
2018-11-16 08:00:00,4728.409614604158
2018-11-16 09:00:00,4658.0175308564085
2018-11-16 10:00:00,4663.039143007799
2018-11-16 11:00:00,4676.537192200762
2018-11-16 12:00:00,4660.904950798644
2018-11-16 13:00:00,4655.672954161662
2018-11-16 14:00:00,4659.365614608441
2018-11-16 15:00:00,4637.411231573845
2018-11-16 16:00:00,4644.2796342687725
2018-11-16 17:00:00,4721.312249065744
2018-11-16 18:00:00,4899.955499818065
2018-11-16 19:00:00,4693.655440291138
2018-11-16 20:00:00,4666.389445285864
2018-11-16 21:00:00,4648.639427260823
2018-11-16 22:00:00,4603.201890777101
2018-11-16 23:00:00,4521.593241371325
2018-11-17 00:00:00,4461.646366190092
2018-11-17 01:00:00,4486.563002281587
2018-11-17 02:00:00,4574.444353348063
2018-11-17 03:00:00,4605.663770493897
2018-11-17 04:00:00,4623.770678432351
2018-11-17 05:00:00,4633.064477823809
2018-11-17 06:00:00,4695.989792186164
2018-11-17 07:00:00,4719.885322092715
2018-11-17 08:00:00,4706.607859142433
2018-11-17 09:00:00,4709.759755983732
2018-11-17 10:00:00,4695.579950162908
2018-11-17 11:00:00,4669.427599782109
2018-11-17 12:00:00,4651.2712087816535
2018-11-17 13:00:00,4648.395786445725
2018-11-17 14:00:00,4645.1877922228905
2018-11-17 15:00:00,4634.957669039531
2018-11-17 16:00:00,4647.873673170141
2018-11-17 17:00:00,4731.35446743823
2018-11-17 18:00:00,4907.468426330543
2018-11-17 19:00:00,4701.999520584478
2018-11-17 20:00:00,4674.733525579205
2018-11-17 21:00:00,4656.983507554164
2018-11-17 22:00:00,4605.714021200566
2018-11-17 23:00:00,4529.443358605568
2018-11-18 00:00:00,4470.331695010653
2018-11-18 01:00:00,4491.909383268036
2018-11-18 02:00:00,4578.528818368058
2018-11-18 03:00:00,4609.748235513891
2018-11-18 04:00:00,4631.723424818274
2018-11-18 05:00:00,4637.376797140954
2018-11-18 06:00:00,4702.135927496073
2018-11-18 07:00:00,4725.616102681511
2018-11-18 08:00:00,4709.631564494385
2018-11-18 09:00:00,4714.234166010913
2018-11-18 10:00:00,4681.317320252639
2018-11-18 11:00:00,4651.905528751327
2018-11-18 12:00:00,4659.351187158412
2018-11-18 13:00:00,4661.779743588306
2018-11-18 14:00:00,4651.159206642476
2018-11-18 15:00:00,4640.927075052697
2018-11-18 16:00:00,4654.558299457539
2018-11-18 17:00:00,4746.249029449625
2018-11-18 18:00:00,4930.605100024739
2018-11-18 19:00:00,4729.755932350963
2018-11-18 20:00:00,4704.993358950625
2018-11-18 21:00:00,4682.491905907971
2018-11-18 22:00:00,4596.641313245604
2018-11-18 23:00:00,4526.8451087372705
2018-11-19 00:00:00,4510.445652949749
2018-11-19 01:00:00,4552.495313024463
2018-11-19 02:00:00,4657.837644939631
2018-11-19 03:00:00,4693.455393968875
2018-11-19 04:00:00,4710.797850648494
2018-11-19 05:00:00,4744.869172837149
2018-11-19 06:00:00,4887.467680759968
2018-11-19 07:00:00,5011.89920978343
2018-11-19 08:00:00,4793.9164837293165
2018-11-19 09:00:00,4675.109484032698
2018-11-19 10:00:00,4678.314384005047
2018-11-19 11:00:00,4669.726253889232
2018-11-19 12:00:00,4655.202639726121
2018-11-19 13:00:00,4651.659829576574
2018-11-19 14:00:00,4650.366834008996
2018-11-19 15:00:00,4628.253806390645
2018-11-19 16:00:00,4637.617525444599
2018-11-19 17:00:00,4716.180110065456
2018-11-19 18:00:00,4902.663954133469
2018-11-19 19:00:00,4714.390092600477
2018-11-19 20:00:00,4691.451071409489
2018-11-19 21:00:00,4670.537890309795
2018-11-19 22:00:00,4580.663629638968
2018-11-19 23:00:00,4473.328035218734
2018-11-20 00:00:00,4452.4689418545695
2018-11-20 01:00:00,4494.900760053838
2018-11-20 02:00:00,4599.7261746286595
2018-11-20 03:00:00,4632.693744976267
2018-11-20 04:00:00,4650.169240151193
2018-11-20 05:00:00,4676.645563591463
2018-11-20 06:00:00,4818.183488085803
2018-11-20 07:00:00,4940.0488265349695
2018-11-20 08:00:00,4738.777729263445
2018-11-20 09:00:00,4658.984452548513
2018-11-20 10:00:00,4664.626027994325
2018-11-20 11:00:00,4670.071660359135
2018-11-20 12:00:00,4655.9754569937495
2018-11-20 13:00:00,4650.643194948877
2018-11-20 14:00:00,4652.668103766206
2018-11-20 15:00:00,4630.734435416391
2018-11-20 16:00:00,4639.725723082458
2018-11-20 17:00:00,4716.362080319001
2018-11-20 18:00:00,4905.239223766766
2018-11-20 19:00:00,4718.004779687348
2018-11-20 20:00:00,4696.040764998181
2018-11-20 21:00:00,4677.099430398395
2018-11-20 22:00:00,4599.248842068929
2018-11-20 23:00:00,4491.913247648695
2018-11-21 00:00:00,4463.064156335145
2018-11-21 01:00:00,4505.307853990004
2018-11-21 02:00:00,4603.697598664228
2018-11-21 03:00:00,4634.803456340212
2018-11-21 04:00:00,4652.278951515137
2018-11-21 05:00:00,4673.690485870548
2018-11-21 06:00:00,4815.281977836876
2018-11-21 07:00:00,4937.147316286042
2018-11-21 08:00:00,4735.104121846603
2018-11-21 09:00:00,4655.640751118881
2018-11-21 10:00:00,4661.282326564693
2018-11-21 11:00:00,4665.391389439409
2018-11-21 12:00:00,4651.295186074022
2018-11-21 13:00:00,4645.96292402915
2018-11-21 14:00:00,4647.987832846479
2018-11-21 15:00:00,4626.054164496663
2018-11-21 16:00:00,4635.045452162732
2018-11-21 17:00:00,4713.027610176158
2018-11-21 18:00:00,4899.744447319905
2018-11-21 19:00:00,4712.510003240485
2018-11-21 20:00:00,4693.172120216796
2018-11-21 21:00:00,4674.230785617011
2018-11-21 22:00:00,4596.380197287545
2018-11-21 23:00:00,4492.626170095618
2018-11-22 00:00:00,4451.766324471606
2018-11-22 01:00:00,4492.835759325589
2018-11-22 02:00:00,4591.225503999813
2018-11-22 03:00:00,4622.331361675797
2018-11-22 04:00:00,4639.8068568507215
2018-11-22 05:00:00,4660.64158953768
2018-11-22 06:00:00,4800.076813583488
2018-11-22 07:00:00,4916.542403965861
2018-11-22 08:00:00,4719.825775403267
2018-11-22 09:00:00,4644.803433919056
2018-11-22 10:00:00,4650.445009364868
2018-11-22 11:00:00,4653.864185148712
2018-11-22 12:00:00,4639.767981783325
2018-11-22 13:00:00,4634.4357197384525
2018-11-22 14:00:00,4636.460628555781
2018-11-22 15:00:00,4614.5062455211855
2018-11-22 16:00:00,4623.497533187254
2018-11-22 17:00:00,4704.846586103289
2018-11-22 18:00:00,4889.386157649719
2018-11-22 19:00:00,4698.834648666677
2018-11-22 20:00:00,4679.5148929535735
2018-11-22 21:00:00,4660.573558353788
2018-11-22 22:00:00,4591.005306704677
2018-11-22 23:00:00,4489.8603345833835
2018-11-23 00:00:00,4468.790201605942
2018-11-23 01:00:00,4501.381641431799
2018-11-23 02:00:00,4596.447926799001
2018-11-23 03:00:00,4627.553784474985
2018-11-23 04:00:00,4645.474941558064
2018-11-23 05:00:00,4666.601685377703
2018-11-23 06:00:00,4804.769973850089
2018-11-23 07:00:00,4916.699297190462
2018-11-23 08:00:00,4725.423004380938
2018-11-23 09:00:00,4654.440206711396
2018-11-23 10:00:00,4659.461818862786
2018-11-23 11:00:00,4673.063123040491
2018-11-23 12:00:00,4657.430881638372
2018-11-23 13:00:00,4652.198885001391
2018-11-23 14:00:00,4655.891545448169
2018-11-23 15:00:00,4633.937162413574
2018-11-23 16:00:00,4640.8055651085015
2018-11-23 17:00:00,4723.168725505652
2018-11-23 18:00:00,4903.721189137375
2018-11-23 19:00:00,4690.541004954485
2018-11-23 20:00:00,4663.275009949212
2018-11-23 21:00:00,4645.524991924171
2018-11-23 22:00:00,4601.09809726206
2018-11-23 23:00:00,4519.489447856285
2018-11-24 00:00:00,4464.614031742194
2018-11-24 01:00:00,4488.525965665593
2018-11-24 02:00:00,4576.407316732068
2018-11-24 03:00:00,4607.626733877903
2018-11-24 04:00:00,4625.733641816356
2018-11-24 05:00:00,4636.072844849135
2018-11-24 06:00:00,4696.841891290971
2018-11-24 07:00:00,4719.594248157806
2018-11-24 08:00:00,4706.05360370688
2018-11-24 09:00:00,4708.614786626386
2018-11-24 10:00:00,4694.434980805562
2018-11-24 11:00:00,4668.385885409504
2018-11-24 12:00:00,4650.229494409048
2018-11-24 13:00:00,4647.35407207312
2018-11-24 14:00:00,4644.146077850286
2018-11-24 15:00:00,4633.915954666926
2018-11-24 16:00:00,4646.831958797537
2018-11-24 17:00:00,4735.643298665805
2018-11-24 18:00:00,4913.66647043752
2018-11-24 19:00:00,4701.317440035492
2018-11-24 20:00:00,4674.051445030219
2018-11-24 21:00:00,4656.301427005178
2018-11-24 22:00:00,4606.042582473192
2018-11-24 23:00:00,4529.771919878194
2018-11-25 00:00:00,4474.327327285742
2018-11-25 01:00:00,4494.900313375029
2018-11-25 02:00:00,4581.519748475052
2018-11-25 03:00:00,4612.739165620884
2018-11-25 04:00:00,4634.714354925267
2018-11-25 05:00:00,4641.4131308892665
2018-11-25 06:00:00,4704.0159933238665
2018-11-25 07:00:00,4726.352995469589
2018-11-25 08:00:00,4710.105275781819
2018-11-25 09:00:00,4714.117163376553
2018-11-25 10:00:00,4681.200317618279
2018-11-25 11:00:00,4651.89178110171
2018-11-25 12:00:00,4659.337439508794
2018-11-25 13:00:00,4661.765995938687
2018-11-25 14:00:00,4651.145458992858
2018-11-25 15:00:00,4640.913327403079
2018-11-25 16:00:00,4654.544551807921
2018-11-25 17:00:00,4749.602176702616
2018-11-25 18:00:00,4932.910324780165
2018-11-25 19:00:00,4728.663677566323
2018-11-25 20:00:00,4703.901104165984
2018-11-25 21:00:00,4681.39965112333
2018-11-25 22:00:00,4596.6021912766155
2018-11-25 23:00:00,4526.805986768283
2018-11-26 00:00:00,4504.2606839608625
2018-11-26 01:00:00,4546.837469007594
2018-11-26 02:00:00,4652.179800922762
2018-11-26 03:00:00,4687.797549952005
2018-11-26 04:00:00,4705.1400066316255
2018-11-26 05:00:00,4738.634527151827
2018-11-26 06:00:00,4879.076767154127
2018-11-26 07:00:00,4998.108548110797
2018-11-26 08:00:00,4785.452387933527
2018-11-26 09:00:00,4666.748675825967
2018-11-26 10:00:00,4669.953575798318
2018-11-26 11:00:00,4660.675558591629
2018-11-26 12:00:00,4646.151944428518
2018-11-26 13:00:00,4642.609134278971
2018-11-26 14:00:00,4641.316138711394
2018-11-26 15:00:00,4619.203111093042
2018-11-26 16:00:00,4628.566830146996
2018-11-26 17:00:00,4710.496309670461
2018-11-26 18:00:00,4894.802888141159
2018-11-26 19:00:00,4703.1315470681
2018-11-26 20:00:00,4680.192525877112
2018-11-26 21:00:00,4659.279344777418
2018-11-26 22:00:00,4577.084226082243
2018-11-26 23:00:00,4469.748631662009
2018-11-27 00:00:00,4448.431041464576
2018-11-27 01:00:00,4489.858157495748
2018-11-27 02:00:00,4594.683572070569
2018-11-27 03:00:00,4627.651142418177
2018-11-27 04:00:00,4645.126637593103
2018-11-27 05:00:00,4671.02615936492
2018-11-27 06:00:00,4810.407815938741
2018-11-27 07:00:00,4926.873406321115
2018-11-27 08:00:00,4730.928874926433
2018-11-27 09:00:00,4651.2388858005625
2018-11-27 10:00:00,4656.880461246375
2018-11-27 11:00:00,4661.636206520312
2018-11-27 12:00:00,4647.540003154925
2018-11-27 13:00:00,4642.207741110053
2018-11-27 14:00:00,4644.232649927382
2018-11-27 15:00:00,4622.298981577567
2018-11-27 16:00:00,4631.290269243635
2018-11-27 17:00:00,4711.293521382785
2018-11-27 18:00:00,4897.993399233236
2018-11-27 19:00:00,4707.3614756137495
2018-11-27 20:00:00,4685.397460924582
2018-11-27 21:00:00,4666.456126324797
2018-11-27 22:00:00,4596.284679970982
2018-11-27 23:00:00,4488.949085550748
2018-11-28 00:00:00,4454.38752168523
2018-11-28 01:00:00,4501.08288987642
2018-11-28 02:00:00,4599.472634550645
2018-11-28 03:00:00,4630.578492226628
2018-11-28 04:00:00,4648.053987401553
2018-11-28 05:00:00,4668.888720088512
2018-11-28 06:00:00,4808.323944134319
2018-11-28 07:00:00,4924.7895345166935
2018-11-28 08:00:00,4728.072905954099
2018-11-28 09:00:00,4648.702439660008
2018-11-28 10:00:00,4654.34401510582
2018-11-28 11:00:00,4657.763190889664
2018-11-28 12:00:00,4643.666987524277
2018-11-28 13:00:00,4638.334725479404
2018-11-28 14:00:00,4640.359634296734
2018-11-28 15:00:00,4618.425965946919
2018-11-28 16:00:00,4627.417253612986
2018-11-28 17:00:00,4716.146047797919
2018-11-28 18:00:00,4900.685619344349
2018-11-28 19:00:00,4699.6126281629395
2018-11-28 20:00:00,4682.765842938365
2018-11-28 21:00:00,4663.824508338579
2018-11-28 22:00:00,4593.6530619847645
2018-11-28 23:00:00,4488.235013936956
2018-11-29 00:00:00,4451.434407774025
2018-11-29 01:00:00,4497.960215332436
2018-11-29 02:00:00,4596.349960006659
2018-11-29 03:00:00,4627.455817682643
2018-11-29 04:00:00,4644.931312857568
2018-11-29 05:00:00,4665.766045544527
2018-11-29 06:00:00,4805.201269590334
2018-11-29 07:00:00,4921.666859972707
2018-11-29 08:00:00,4724.950231410113
2018-11-29 09:00:00,4645.765935910594
2018-11-29 10:00:00,4651.407511356405
2018-11-29 11:00:00,4654.826687140248
2018-11-29 12:00:00,4640.730483774862
2018-11-29 13:00:00,4635.398221729989
2018-11-29 14:00:00,4637.423130547319
2018-11-29 15:00:00,4615.468747512723
2018-11-29 16:00:00,4624.46003517879
2018-11-29 17:00:00,4713.188829363723
2018-11-29 18:00:00,4897.728400910153
2018-11-29 19:00:00,4696.735824365187
2018-11-29 20:00:00,4679.907166451198
2018-11-29 21:00:00,4660.965831851412
2018-11-29 22:00:00,4591.3975802023015
2018-11-29 23:00:00,4488.588587225126
2018-11-30 00:00:00,4450.050627903612
2018-11-30 01:00:00,4498.217019277088
2018-11-30 02:00:00,4596.158026604828
2018-11-30 03:00:00,4627.263884280812
2018-11-30 04:00:00,4647.681786731125
2018-11-30 05:00:00,4666.668934459798
2018-11-30 06:00:00,4808.00599879258
2018-11-30 07:00:00,4921.7407369614675
2018-11-30 08:00:00,4729.7317647618465
2018-11-30 09:00:00,4658.308798869099
2018-11-30 10:00:00,4663.330411020489
2018-11-30 11:00:00,4676.931715198193
2018-11-30 12:00:00,4661.299473796075
2018-11-30 13:00:00,4656.067477159095
2018-11-30 14:00:00,4659.760137605873
2018-11-30 15:00:00,4637.805754571276
2018-11-30 16:00:00,4644.674157266205
2018-11-30 17:00:00,4737.412206720476
2018-11-30 18:00:00,4917.964670352199
2018-11-30 19:00:00,4691.122863426882
2018-11-30 20:00:00,4666.347966220722
2018-11-30 21:00:00,4649.762608064551
2018-11-30 22:00:00,4605.335713402441
2018-11-30 23:00:00,4522.063043140783
2018-12-01 00:00:00,4446.700452871041
2018-12-01 01:00:00,4483.697131364558
2018-12-01 02:00:00,4574.45320439157
2018-12-01 03:00:00,4605.672621537407
2018-12-01 04:00:00,4626.276274843095
2018-12-01 05:00:00,4632.829010338961
2018-12-01 06:00:00,4696.766832641192
2018-12-01 07:00:00,4718.64522281906
2018-12-01 08:00:00,4708.560413059328
2018-12-01 09:00:00,4710.6814277556305
2018-12-01 10:00:00,4696.501621934806
2018-12-01 11:00:00,4670.452526538748
2018-12-01 12:00:00,4652.296135538292
2018-12-01 13:00:00,4649.420713202364
2018-12-01 14:00:00,4646.21271897953
2018-12-01 15:00:00,4635.982595796169
2018-12-01 16:00:00,4648.898599926781
2018-12-01 17:00:00,4748.084828852169
2018-12-01 18:00:00,4926.108000623884
2018-12-01 19:00:00,4700.097347479429
2018-12-01 20:00:00,4675.322450273269
2018-12-01 21:00:00,4658.7370921171
2018-12-01 22:00:00,4608.478247585113
2018-12-01 23:00:00,4530.543564134234
2018-12-02 00:00:00,4453.539838287649
2018-12-02 01:00:00,4487.197568947055
2018-12-02 02:00:00,4579.579900805334
2018-12-02 03:00:00,4610.799317951166
2018-12-02 04:00:00,4632.705899173043
2018-12-02 05:00:00,4639.698408572378
2018-12-02 06:00:00,4700.496474942461
2018-12-02 07:00:00,4721.959510399216
2018-12-02 08:00:00,4709.167625402641
2018-12-02 09:00:00,4712.739344774171
2018-12-02 10:00:00,4679.822499015896
2018-12-02 11:00:00,4650.513962499327
2018-12-02 12:00:00,4657.959620906411
2018-12-02 13:00:00,4660.388177336305
2018-12-02 14:00:00,4649.767640390475
2018-12-02 15:00:00,4639.535508800696
2018-12-02 16:00:00,4653.166733205539
2018-12-02 17:00:00,4758.599247157354
2018-12-02 18:00:00,4941.907395234904
2018-12-02 19:00:00,4723.999125278633
2018-12-02 20:00:00,4701.727649677408
2018-12-02 21:00:00,4680.390856503625
2018-12-02 22:00:00,4595.59339665691
2018-12-02 23:00:00,4524.133171292696
2018-12-03 00:00:00,4484.860492109001
2018-12-03 01:00:00,4544.17378547973
2018-12-03 02:00:00,4652.390839355437
2018-12-03 03:00:00,4688.0085883846805
2018-12-03 04:00:00,4707.847790431535
2018-12-03 05:00:00,4739.20271486077
2018-12-03 06:00:00,4882.813730723466
2018-12-03 07:00:00,5003.650926508651
2018-12-03 08:00:00,4790.262086941282
2018-12-03 09:00:00,4670.345596653232
2018-12-03 10:00:00,4673.550496625581
2018-12-03 11:00:00,4664.2724794188925
2018-12-03 12:00:00,4649.748865255781
2018-12-03 13:00:00,4646.206055106236
2018-12-03 14:00:00,4644.913059538658
2018-12-03 15:00:00,4622.8000319203065
2018-12-03 16:00:00,4632.1637509742595
2018-12-03 17:00:00,4724.468119554846
2018-12-03 18:00:00,4908.774698025543
2018-12-03 19:00:00,4703.441734210058
2018-12-03 20:00:00,4682.993810818181
2018-12-03 21:00:00,4663.245289587359
2018-12-03 22:00:00,4581.050170892184
2018-12-03 23:00:00,4472.050555616069
2018-12-04 00:00:00,4429.271681272584
2018-12-04 01:00:00,4486.273748851374
2018-12-04 02:00:00,4593.973885386734
2018-12-04 03:00:00,4626.941455734342
2018-12-04 04:00:00,4646.9136962765015
2018-12-04 05:00:00,4670.673621957353
2018-12-04 06:00:00,4813.22405439157
2018-12-04 07:00:00,4931.495059602459
2018-12-04 08:00:00,4734.817848817679
2018-12-04 09:00:00,4653.915081511316
2018-12-04 10:00:00,4659.556656957128
2018-12-04 11:00:00,4664.312402231066
2018-12-04 12:00:00,4650.216198865679
2018-12-04 13:00:00,4644.883936820806
2018-12-04 14:00:00,4646.908845638136
2018-12-04 15:00:00,4624.975177288321
2018-12-04 16:00:00,4633.966464954388
2018-12-04 17:00:00,4724.344606150659
2018-12-04 18:00:00,4911.0444840011105
2018-12-04 19:00:00,4706.750937639196
2018-12-04 20:00:00,4687.278020749143
2018-12-04 21:00:00,4669.501346018229
2018-12-04 22:00:00,4599.3298996644135
2018-12-04 23:00:00,4490.3302843882975
2018-12-05 00:00:00,4439.866895753159
2018-12-05 01:00:00,4496.68084278754
2018-12-05 02:00:00,4597.945309422304
2018-12-05 03:00:00,4629.051167098287
2018-12-05 04:00:00,4649.023407640446
2018-12-05 05:00:00,4667.718544236439
2018-12-05 06:00:00,4810.322544142642
2018-12-05 07:00:00,4928.593549353531
2018-12-05 08:00:00,4731.144241400838
2018-12-05 09:00:00,4650.571380081684
2018-12-05 10:00:00,4656.212955527495
2018-12-05 11:00:00,4659.6321313113385
2018-12-05 12:00:00,4645.535927945952
2018-12-05 13:00:00,4640.203665901079
2018-12-05 14:00:00,4642.228574718409
2018-12-05 15:00:00,4620.294906368594
2018-12-05 16:00:00,4629.286194034661
2018-12-05 17:00:00,4721.010136007818
2018-12-05 18:00:00,4905.549707554248
2018-12-05 19:00:00,4701.256161192334
2018-12-05 20:00:00,4684.409375967759
2018-12-05 21:00:00,4666.632701236845
2018-12-05 22:00:00,4596.46125488303
2018-12-05 23:00:00,4491.043206835222
2018-12-06 00:00:00,4437.230906815095
2018-12-06 01:00:00,4493.875293216697
2018-12-06 02:00:00,4595.1397598514595
2018-12-06 03:00:00,4626.245617527444
2018-12-06 04:00:00,4646.217858069603
2018-12-06 05:00:00,4664.912994665595
2018-12-06 06:00:00,4807.516994571798
2018-12-06 07:00:00,4925.787999782688
2018-12-06 08:00:00,4728.338691829995
2018-12-06 09:00:00,4647.952001305411
2018-12-06 10:00:00,4653.593576751223
2018-12-06 11:00:00,4657.012752535065
2018-12-06 12:00:00,4642.916549169679
2018-12-06 13:00:00,4637.584287124806
2018-12-06 14:00:00,4639.609195942136
2018-12-06 15:00:00,4617.65481290754
2018-12-06 16:00:00,4626.646100573607
2018-12-06 17:00:00,4718.370042546764
2018-12-06 18:00:00,4902.909614093194
2018-12-06 19:00:00,4698.6964823677245
2018-12-06 20:00:00,4681.867824453734
2018-12-06 21:00:00,4664.09114972282
2018-12-06 22:00:00,4594.522898073709
2018-12-06 23:00:00,4491.7139050965325
2018-12-07 00:00:00,4448.829556305832
2018-12-07 01:00:00,4496.995947679307
2018-12-07 02:00:00,4594.936955007048
2018-12-07 03:00:00,4626.042812683032
2018-12-07 04:00:00,4646.460715133344
2018-12-07 05:00:00,4665.447862862017
2018-12-07 06:00:00,4806.784927194799
2018-12-07 07:00:00,4920.519665363688
2018-12-07 08:00:00,4728.510693164066
2018-12-07 09:00:00,4657.087727271319
2018-12-07 10:00:00,4662.109339422708
2018-12-07 11:00:00,4675.710643600412
2018-12-07 12:00:00,4660.0784021982945
2018-12-07 13:00:00,4654.846405561314
2018-12-07 14:00:00,4658.539066008092
2018-12-07 15:00:00,4636.5846829734965
2018-12-07 16:00:00,4643.453085668424
2018-12-07 17:00:00,4736.191135122695
2018-12-07 18:00:00,4916.7435987544195
2018-12-07 19:00:00,4689.901791829101
2018-12-07 20:00:00,4665.126894622941
2018-12-07 21:00:00,4648.5415364667715
2018-12-07 22:00:00,4604.11464180466
2018-12-07 23:00:00,4520.841971543003
2018-12-08 00:00:00,4447.373100662193
2018-12-08 01:00:00,4484.36977915571
2018-12-08 02:00:00,4575.12585218272
2018-12-08 03:00:00,4606.345269328558
2018-12-08 04:00:00,4626.948922634247
2018-12-08 05:00:00,4633.501658130112
2018-12-08 06:00:00,4697.439480432343
2018-12-08 07:00:00,4719.317870610212
2018-12-08 08:00:00,4709.23306085048
2018-12-08 09:00:00,4711.354075546782
2018-12-08 10:00:00,4697.174269725957
2018-12-08 11:00:00,4671.125174329899
2018-12-08 12:00:00,4652.968783329444
2018-12-08 13:00:00,4650.0933609935155
2018-12-08 14:00:00,4646.885366770682
2018-12-08 15:00:00,4636.655243587321
2018-12-08 16:00:00,4649.571247717931
2018-12-08 17:00:00,4748.757476643321
2018-12-08 18:00:00,4926.780648415036
2018-12-08 19:00:00,4700.769995270581
2018-12-08 20:00:00,4675.995098064421
2018-12-08 21:00:00,4659.409739908251
2018-12-08 22:00:00,4609.150895376265
2018-12-08 23:00:00,4531.216211925386
2018-12-09 00:00:00,4454.212486078801
2018-12-09 01:00:00,4487.870216738206
2018-12-09 02:00:00,4580.252548596484
2018-12-09 03:00:00,4611.471965742317
2018-12-09 04:00:00,4633.378546964194
2018-12-09 05:00:00,4640.371056363529
2018-12-09 06:00:00,4701.169122733612
2018-12-09 07:00:00,4722.632158190368
2018-12-09 08:00:00,4709.840273193792
2018-12-09 09:00:00,4713.411992565322
2018-12-09 10:00:00,4680.495146807048
2018-12-09 11:00:00,4651.186610290479
2018-12-09 12:00:00,4658.632268697563
2018-12-09 13:00:00,4661.060825127456
2018-12-09 14:00:00,4650.440288181627
2018-12-09 15:00:00,4640.208156591847
2018-12-09 16:00:00,4653.839380996689
2018-12-09 17:00:00,4759.271894948505
2018-12-09 18:00:00,4942.580043026054
2018-12-09 19:00:00,4724.671773069785
2018-12-09 20:00:00,4702.40029746856
2018-12-09 21:00:00,4681.063504294776
2018-12-09 22:00:00,4596.266044448062
2018-12-09 23:00:00,4524.805819083847
2018-12-10 00:00:00,4479.658936435408
2018-12-10 01:00:00,4538.972229806137
2018-12-10 02:00:00,4651.717894505826
2018-12-10 03:00:00,4687.335643535069
2018-12-10 04:00:00,4707.174845581923
2018-12-10 05:00:00,4738.529770011159
2018-12-10 06:00:00,4882.140785873855
2018-12-10 07:00:00,5002.977981659039
2018-12-10 08:00:00,4789.5891420916705
2018-12-10 09:00:00,4669.534193481983
2018-12-10 10:00:00,4672.739093454333
2018-12-10 11:00:00,4663.461076247644
2018-12-10 12:00:00,4648.937462084533
2018-12-10 13:00:00,4645.3946519349865
2018-12-10 14:00:00,4644.101656367409
2018-12-10 15:00:00,4621.988628749057
2018-12-10 16:00:00,4631.352347803011
2018-12-10 17:00:00,4723.656716383598
2018-12-10 18:00:00,4907.963294854295
2018-12-10 19:00:00,4702.630331038809
2018-12-10 20:00:00,4682.182407646933
2018-12-10 21:00:00,4662.433886416111
2018-12-10 22:00:00,4580.238767720935
2018-12-10 23:00:00,4471.239152444819
2018-12-11 00:00:00,4424.070125598991
2018-12-11 01:00:00,4481.072193177781
2018-12-11 02:00:00,4593.300940537123
2018-12-11 03:00:00,4626.268510884731
2018-12-11 04:00:00,4646.24075142689
2018-12-11 05:00:00,4670.0006771077415
2018-12-11 06:00:00,4812.551109541959
2018-12-11 07:00:00,4930.8221147528475
2018-12-11 08:00:00,4734.144903968067
2018-12-11 09:00:00,4653.103678340068
2018-12-11 10:00:00,4658.74525378588
2018-12-11 11:00:00,4663.500999059817
2018-12-11 12:00:00,4649.4047956944305
2018-12-11 13:00:00,4644.072533649558
2018-12-11 14:00:00,4646.097442466887
2018-12-11 15:00:00,4624.163774117072
2018-12-11 16:00:00,4633.15506178314
2018-12-11 17:00:00,4723.533202979411
2018-12-11 18:00:00,4910.233080829862
2018-12-11 19:00:00,4705.939534467948
2018-12-11 20:00:00,4686.466617577894
2018-12-11 21:00:00,4668.68994284698
2018-12-11 22:00:00,4598.518496493165
2018-12-11 23:00:00,4489.518881217049
2018-12-12 00:00:00,4434.682288192647
2018-12-12 01:00:00,4491.4962352270295
2018-12-12 02:00:00,4597.289312685774
2018-12-12 03:00:00,4628.395170361758
2018-12-12 04:00:00,4648.367410903917
2018-12-12 05:00:00,4667.06254749991
2018-12-12 06:00:00,4809.666547406113
2018-12-12 07:00:00,4927.9375526170015
2018-12-12 08:00:00,4730.488244664309
2018-12-12 09:00:00,4649.776925023517
2018-12-12 10:00:00,4655.418500469329
2018-12-12 11:00:00,4658.8376762531725
2018-12-12 12:00:00,4644.741472887786
2018-12-12 13:00:00,4639.409210842913
2018-12-12 14:00:00,4641.434119660242
2018-12-12 15:00:00,4619.500451310427
2018-12-12 16:00:00,4628.491738976495
2018-12-12 17:00:00,4720.215680949652
2018-12-12 18:00:00,4904.755252496082
2018-12-12 19:00:00,4700.461706134168
2018-12-12 20:00:00,4683.614920909592
2018-12-12 21:00:00,4665.838246178678
2018-12-12 22:00:00,4595.666799824863
2018-12-12 23:00:00,4490.248751777055
2018-12-13 00:00:00,4431.729174281442
2018-12-13 01:00:00,4488.373560683044
2018-12-13 02:00:00,4594.166638141788
2018-12-13 03:00:00,4625.272495817772
2018-12-13 04:00:00,4645.244736359931
2018-12-13 05:00:00,4663.939872955923
2018-12-13 06:00:00,4806.543872862127
2018-12-13 07:00:00,4924.814878073016
2018-12-13 08:00:00,4727.365570120323
2018-12-13 09:00:00,4646.8404212741025
2018-12-13 10:00:00,4652.481996719914
2018-12-13 11:00:00,4655.901172503757
2018-12-13 12:00:00,4641.80496913837
2018-12-13 13:00:00,4636.472707093498
2018-12-13 14:00:00,4638.497615910827
2018-12-13 15:00:00,4616.543232876232
2018-12-13 16:00:00,4625.534520542299
2018-12-13 17:00:00,4717.258462515456
2018-12-13 18:00:00,4901.798034061886
2018-12-13 19:00:00,4697.584902336415
2018-12-13 20:00:00,4680.756244422426
2018-12-13 21:00:00,4662.979569691512
2018-12-13 22:00:00,4593.411318042401
2018-12-13 23:00:00,4490.602325065224
2018-12-14 00:00:00,4443.361059984891
2018-12-14 01:00:00,4491.527451358366
2018-12-14 02:00:00,4593.997069510089
2018-12-14 03:00:00,4625.1029271860725
2018-12-14 04:00:00,4645.520829636385
2018-12-14 05:00:00,4664.507977365059
2018-12-14 06:00:00,4805.84504169784
2018-12-14 07:00:00,4919.579779866728
2018-12-14 08:00:00,4727.570807667107
2018-12-14 09:00:00,4656.009383452722
2018-12-14 10:00:00,4661.030995604112
2018-12-14 11:00:00,4674.632299781817
2018-12-14 12:00:00,4659.000058379698
2018-12-14 13:00:00,4653.768061742718
2018-12-14 14:00:00,4657.460722189496
2018-12-14 15:00:00,4635.5063391549
2018-12-14 16:00:00,4642.374741849828
2018-12-14 17:00:00,4735.1127913041
2018-12-14 18:00:00,4915.665254935823
2018-12-14 19:00:00,4688.823448010505
2018-12-14 20:00:00,4664.048550804345
2018-12-14 21:00:00,4647.463192648175
2018-12-14 22:00:00,4603.036297986064
2018-12-14 23:00:00,4519.763627724406
2018-12-15 00:00:00,4441.594740707329
2018-12-15 01:00:00,4478.591419200846
2018-12-15 02:00:00,4573.87610305184
2018-12-15 03:00:00,4605.095520197676
2018-12-15 04:00:00,4625.699173503364
2018-12-15 05:00:00,4632.25190899923
2018-12-15 06:00:00,4696.189731301461
2018-12-15 07:00:00,4718.068121479329
2018-12-15 08:00:00,4707.983311719598
2018-12-15 09:00:00,4709.965868094262
2018-12-15 10:00:00,4695.786062273438
2018-12-15 11:00:00,4669.73696687738
2018-12-15 12:00:00,4651.580575876924
2018-12-15 13:00:00,4648.7051535409955
2018-12-15 14:00:00,4645.497159318162
2018-12-15 15:00:00,4635.267036134802
2018-12-15 16:00:00,4648.183040265412
2018-12-15 17:00:00,4747.369269190801
2018-12-15 18:00:00,4925.392440962517
2018-12-15 19:00:00,4699.381787818061
2018-12-15 20:00:00,4674.606890611901
2018-12-15 21:00:00,4658.021532455731
2018-12-15 22:00:00,4607.762687923746
2018-12-15 23:00:00,4529.828004472866
2018-12-16 00:00:00,4450.0085352621045
2018-12-16 01:00:00,4483.66626592151
2018-12-16 02:00:00,4579.252949250755
2018-12-16 03:00:00,4610.472366396587
2018-12-16 04:00:00,4632.378947618465
2018-12-16 05:00:00,4639.371457017799
2018-12-16 06:00:00,4700.169523387883
2018-12-16 07:00:00,4721.632558844638
2018-12-16 08:00:00,4708.840673848063
2018-12-16 09:00:00,4712.273934897956
2018-12-16 10:00:00,4679.357089139681
2018-12-16 11:00:00,4650.048552623111
2018-12-16 12:00:00,4657.494211030195
2018-12-16 13:00:00,4659.92276746009
2018-12-16 14:00:00,4649.30223051426
2018-12-16 15:00:00,4639.070098924481
2018-12-16 16:00:00,4652.701323329323
2018-12-16 17:00:00,4758.388481296277
2018-12-16 18:00:00,4939.728378755345
2018-12-16 19:00:00,4721.820108799075
2018-12-16 20:00:00,4699.54863319785
2018-12-16 21:00:00,4678.211840024067
2018-12-16 22:00:00,4593.4143801773525
2018-12-16 23:00:00,4521.954154813138
2018-12-17 00:00:00,4479.633218529302
2018-12-17 01:00:00,4538.9465119000315
2018-12-17 02:00:00,4651.69217659972
2018-12-17 03:00:00,4687.309925628963
2018-12-17 04:00:00,4707.149127675818
2018-12-17 05:00:00,4738.504052105053
2018-12-17 06:00:00,4882.115067967749
2018-12-17 07:00:00,5002.9522637529335
2018-12-17 08:00:00,4789.563424185565
2018-12-17 09:00:00,4669.508475575878
2018-12-17 10:00:00,4672.713375548227
2018-12-17 11:00:00,4663.435358341539
2018-12-17 12:00:00,4648.911744178427
2018-12-17 13:00:00,4645.368934028882
2018-12-17 14:00:00,4644.075938461304
2018-12-17 15:00:00,4621.962910842953
2018-12-17 16:00:00,4631.326629896906
2018-12-17 17:00:00,4723.885642492631
2018-12-17 18:00:00,4906.223970344847
2018-12-17 19:00:00,4700.891006529361
2018-12-17 20:00:00,4680.443083137485
2018-12-17 21:00:00,4660.694561906663
2018-12-17 22:00:00,4578.499443211487
2018-12-17 23:00:00,4469.499827935371
2018-12-18 00:00:00,4424.044407692885
2018-12-18 01:00:00,4481.046475271675
2018-12-18 02:00:00,4593.275222631018
2018-12-18 03:00:00,4626.242792978625
2018-12-18 04:00:00,4646.215033520784
2018-12-18 05:00:00,4669.974959201636
2018-12-18 06:00:00,4812.525391635853
2018-12-18 07:00:00,4930.796396846742
2018-12-18 08:00:00,4734.119186061962
2018-12-18 09:00:00,4653.077960433962
2018-12-18 10:00:00,4658.719535879774
2018-12-18 11:00:00,4663.475281153712
2018-12-18 12:00:00,4649.379077788325
2018-12-18 13:00:00,4644.0468157434525
2018-12-18 14:00:00,4646.071724560781
2018-12-18 15:00:00,4624.138056210966
2018-12-18 16:00:00,4633.129343877034
2018-12-18 17:00:00,4723.7621290884435
2018-12-18 18:00:00,4908.493756320414
2018-12-18 19:00:00,4704.2002099585
2018-12-18 20:00:00,4684.727293068447
2018-12-18 21:00:00,4666.950618337532
2018-12-18 22:00:00,4596.779171983717
2018-12-18 23:00:00,4487.779556707601
2018-12-19 00:00:00,4434.100188923038
2018-12-19 01:00:00,4490.9141359574205
2018-12-19 02:00:00,4596.707213416166
2018-12-19 03:00:00,4629.234201073482
2018-12-19 04:00:00,4649.206441615642
2018-12-19 05:00:00,4667.901578211634
2018-12-19 06:00:00,4810.505578117837
2018-12-19 07:00:00,4928.776583328727
2018-12-19 08:00:00,4731.327275376034
2018-12-19 09:00:00,4650.615955735242
2018-12-19 10:00:00,4656.257531181054
2018-12-19 11:00:00,4659.551574727224
2018-12-19 12:00:00,4645.455371361838
2018-12-19 13:00:00,4640.123109316965
2018-12-19 14:00:00,4642.148018134294
2018-12-19 15:00:00,4620.214349784479
2018-12-19 16:00:00,4629.205637450546
2018-12-19 17:00:00,4722.416430126462
2018-12-19 18:00:00,4903.835182247993
2018-12-19 19:00:00,4699.541635886078
2018-12-19 20:00:00,4682.694850661504
2018-12-19 21:00:00,4664.918175930589
2018-12-19 22:00:00,4594.746729576774
2018-12-19 23:00:00,4489.328681528966
2018-12-20 00:00:00,4431.147075011833
2018-12-20 01:00:00,4487.791461413435
2018-12-20 02:00:00,4593.58453887218
2018-12-20 03:00:00,4626.111526529497
2018-12-20 04:00:00,4646.083767071656
2018-12-20 05:00:00,4664.778903667649
2018-12-20 06:00:00,4807.382903573852
2018-12-20 07:00:00,4925.653908784741
2018-12-20 08:00:00,4728.2046008320485
2018-12-20 09:00:00,4647.679451985827
2018-12-20 10:00:00,4653.321027431639
2018-12-20 11:00:00,4656.615070977809
2018-12-20 12:00:00,4642.518867612423
2018-12-20 13:00:00,4637.18660556755
2018-12-20 14:00:00,4639.21151438488
2018-12-20 15:00:00,4617.257131350283
2018-12-20 16:00:00,4626.248419016351
2018-12-20 17:00:00,4719.459211692267
2018-12-20 18:00:00,4900.877963813797
2018-12-20 19:00:00,4696.664832088327
2018-12-20 20:00:00,4679.8361741743365
2018-12-20 21:00:00,4662.059499443422
2018-12-20 22:00:00,4592.491247794312
2018-12-20 23:00:00,4489.682254817135
2018-12-21 00:00:00,4440.0392536116615
2018-12-21 01:00:00,4481.395327799325
2018-12-21 02:00:00,4583.864945951048
2018-12-21 03:00:00,4616.391933608365
2018-12-21 04:00:00,4636.809836058677
2018-12-21 05:00:00,4655.796983787351
2018-12-21 06:00:00,4797.134048120132
2018-12-21 07:00:00,4890.229759050119
2018-12-21 08:00:00,4719.512722148824
2018-12-21 09:00:00,4647.951297934439
2018-12-21 10:00:00,4652.972910085829
2018-12-21 11:00:00,4666.449082025861
2018-12-21 12:00:00,4650.816840623743
2018-12-21 13:00:00,4645.584843986762
2018-12-21 14:00:00,4649.27750443354
2018-12-21 15:00:00,4627.323121398945
2018-12-21 16:00:00,4634.191524093872
2018-12-21 17:00:00,4728.416424250902
2018-12-21 18:00:00,4905.848068457726
2018-12-21 19:00:00,4680.685868110752
2018-12-21 20:00:00,4654.810970444783
2018-12-21 21:00:00,4640.438689002102
2018-12-21 22:00:00,4599.75842108083
2018-12-21 23:00:00,4519.325291189272
2018-12-22 00:00:00,4434.1807181870645
2018-12-22 01:00:00,4466.098251425828
2018-12-22 02:00:00,4561.382935276822
2018-12-22 03:00:00,4594.347562534087
2018-12-22 04:00:00,4614.951215839776
2018-12-22 05:00:00,4623.813888310786
2018-12-22 06:00:00,4687.072782167372
2018-12-22 07:00:00,4711.535135650333
2018-12-22 08:00:00,4701.872116100187
2018-12-22 09:00:00,4703.566035309634
2018-12-22 10:00:00,4689.3862294888095
2018-12-22 11:00:00,4664.531874204261
2018-12-22 12:00:00,4646.375483203806
2018-12-22 13:00:00,4643.5000608678765
2018-12-22 14:00:00,4640.292066645043
2018-12-22 15:00:00,4630.061943461683
2018-12-22 16:00:00,4642.977947592293
2018-12-22 17:00:00,4743.6510272204405
2018-12-22 18:00:00,4918.553379567256
2018-12-22 19:00:00,4691.089851676209
2018-12-22 20:00:00,4661.027458164083
2018-12-22 21:00:00,4646.655176721402
2018-12-22 22:00:00,4619.724065395021
2018-12-22 23:00:00,4548.762007633102
2018-12-23 00:00:00,4442.637178761028
2018-12-23 01:00:00,4471.2157641656795
2018-12-23 02:00:00,4566.8024474949225
2018-12-23 03:00:00,4599.767074752186
2018-12-23 04:00:00,4621.673655974064
2018-12-23 05:00:00,4630.9761023485435
2018-12-23 06:00:00,4691.095240272982
2018-12-23 07:00:00,4715.14223903483
2018-12-23 08:00:00,4702.77214424784
2018-12-23 09:00:00,4705.916768132515
2018-12-23 10:00:00,4672.999922374241
2018-12-23 11:00:00,4644.88612596918
2018-12-23 12:00:00,4652.331784376264
2018-12-23 13:00:00,4654.760340806158
2018-12-23 14:00:00,4644.139803860328
2018-12-23 15:00:00,4633.9076722705495
2018-12-23 16:00:00,4647.538896675392
2018-12-23 17:00:00,4754.458261329965
2018-12-23 18:00:00,4934.645589982615
2018-12-23 19:00:00,4715.2844452797535
2018-12-23 20:00:00,4687.725473372563
2018-12-23 21:00:00,4668.601756912269
2018-12-23 22:00:00,4607.132030271157
2018-12-23 23:00:00,4542.644430595905
2018-12-24 00:00:00,4486.843675941761
2018-12-24 01:00:00,4524.078242816272
2018-12-24 02:00:00,4638.102601017821
2018-12-24 03:00:00,4675.141480028397
2018-12-24 04:00:00,4694.980682075252
2018-12-24 05:00:00,4720.910916125126
2018-12-24 06:00:00,4830.650954820501
2018-12-24 07:00:00,4918.587534787667
2018-12-24 08:00:00,4791.301398238325
2018-12-24 09:00:00,4693.299374770933
2018-12-24 10:00:00,4696.504274743283
2018-12-24 11:00:00,4664.055684142407
2018-12-24 12:00:00,4649.532069979296
2018-12-24 13:00:00,4645.98925982975
2018-12-24 14:00:00,4644.696264262172
2018-12-24 15:00:00,4622.583236643821
2018-12-24 16:00:00,4631.248344334547
2018-12-24 17:00:00,4727.779344210974
2018-12-24 18:00:00,4908.8489775258795
2018-12-24 19:00:00,4684.981120149206
2018-12-24 20:00:00,4660.274004195514
2018-12-24 21:00:00,4664.594443713062
2018-12-24 22:00:00,4609.980926057485
2018-12-24 23:00:00,4507.953936470331
2018-12-25 00:00:00,4444.134616127737
2018-12-25 01:00:00,4472.778275462532
2018-12-25 02:00:00,4582.891848939816
2018-12-25 03:00:00,4617.280549268758
2018-12-25 04:00:00,4637.2527898109165
2018-12-25 05:00:00,4658.853227500901
2018-12-25 06:00:00,4767.529978159208
2018-12-25 07:00:00,4841.791063078034
2018-12-25 08:00:00,4738.571824689559
2018-12-25 09:00:00,4672.173018682499
2018-12-25 10:00:00,4677.814594128311
2018-12-25 11:00:00,4660.691626609809
2018-12-25 12:00:00,4646.595423244422
2018-12-25 13:00:00,4641.263161199549
2018-12-25 14:00:00,4643.288070016879
2018-12-25 15:00:00,4621.354401667064
2018-12-25 16:00:00,4629.413419081456
2018-12-25 17:00:00,4724.018191573567
2018-12-25 18:00:00,4907.481124268226
2018-12-25 19:00:00,4696.415905372192
2018-12-25 20:00:00,4670.6716060309745
2018-12-25 21:00:00,4655.940484430915
2018-12-25 22:00:00,4614.009099026138
2018-12-25 23:00:00,4511.9821094389845
2018-12-26 00:00:00,4456.209819272279
2018-12-26 01:00:00,4484.665358062665
2018-12-26 02:00:00,4588.343261639352
2018-12-26 03:00:00,4620.870249296669
2018-12-26 04:00:00,4640.8424898388275
2018-12-26 05:00:00,4657.3781384439535
2018-12-26 06:00:00,4763.089247022472
2018-12-26 07:00:00,4837.3503319412985
2018-12-26 08:00:00,4734.489462345859
2018-12-26 09:00:00,4670.873942327734
2018-12-26 10:00:00,4676.515517773545
2018-12-26 11:00:00,4656.581254380019
2018-12-26 12:00:00,4642.485051014633
2018-12-26 13:00:00,4637.152788969761
2018-12-26 14:00:00,4639.1776977870895
2018-12-26 15:00:00,4617.244029437275
2018-12-26 16:00:00,4625.303046851666
2018-12-26 17:00:00,4718.513839527582
2018-12-26 18:00:00,4899.9325916491125
2018-12-26 19:00:00,4688.867372753079
2018-12-26 20:00:00,4665.749205077339
2018-12-26 21:00:00,4651.018083477279
2018-12-26 22:00:00,4609.086698072502
2018-12-26 23:00:00,4510.641275713657
2018-12-27 00:00:00,4450.061194121929
2018-12-27 01:00:00,4480.0371706764345
2018-12-27 02:00:00,4583.715074253121
2018-12-27 03:00:00,4616.242061910438
2018-12-27 04:00:00,4636.214302452597
2018-12-27 05:00:00,4652.749951057722
2018-12-27 06:00:00,4758.461059636241
2018-12-27 07:00:00,4832.722144555067
2018-12-27 08:00:00,4729.861274959627
2018-12-27 09:00:00,4666.431925736073
2018-12-27 10:00:00,4672.073501181885
2018-12-27 11:00:00,4652.1392377883585
2018-12-27 12:00:00,4638.043034422973
2018-12-27 13:00:00,4632.7107723781
2018-12-27 14:00:00,4634.735681195429
2018-12-27 15:00:00,4612.781298160833
2018-12-27 16:00:00,4620.840315575225
2018-12-27 17:00:00,4714.05110825114
2018-12-27 18:00:00,4895.469860372671
2018-12-27 19:00:00,4684.302793733504
2018-12-27 20:00:00,4659.1411119340455
2018-12-27 21:00:00,4645.722533183165
2018-12-27 22:00:00,4604.394342483092
2018-12-27 23:00:00,4508.557975194877
2018-12-28 00:00:00,4456.667635222348
2018-12-28 01:00:00,4478.165616748727
2018-12-28 02:00:00,4578.520061018389
2018-12-28 03:00:00,4611.047048675708
2018-12-28 04:00:00,4631.46495112602
2018-12-28 05:00:00,4648.292610863826
2018-12-28 06:00:00,4752.736783868923
2018-12-28 07:00:00,4822.461601745749
2018-12-28 08:00:00,4725.04106790338
2018-12-28 09:00:00,4664.558539130823
2018-12-28 10:00:00,4669.580151282214
2018-12-28 11:00:00,4660.096825124696
2018-12-28 12:00:00,4644.464583722577
2018-12-28 13:00:00,4639.232587085597
2018-12-28 14:00:00,4642.925247532375
2018-12-28 15:00:00,4620.970864497779
2018-12-28 16:00:00,4632.398478514884
2018-12-28 17:00:00,4726.623378671914
2018-12-28 18:00:00,4904.055022878738
2018-12-28 19:00:00,4672.580978836967
2018-12-28 20:00:00,4642.464281097668
2018-12-28 21:00:00,4629.531402024828
2018-12-28 22:00:00,4607.345984449608
2018-12-28 23:00:00,4531.045939876912
2018-12-29 00:00:00,4449.492912547101
2018-12-29 01:00:00,4466.4830479658085
2018-12-29 02:00:00,4560.077857649983
2018-12-29 03:00:00,4593.042484907248
2018-12-29 04:00:00,4613.646138212936
2018-12-29 05:00:00,4621.311798821758
2018-12-29 06:00:00,4689.112693229425
2018-12-29 07:00:00,4715.55076985789
2018-12-29 08:00:00,4699.559097152223
2018-12-29 09:00:00,4700.7356374946785
2018-12-29 10:00:00,4686.555831673854
2018-12-29 11:00:00,4660.987139201948
2018-12-29 12:00:00,4642.8307482014925
2018-12-29 13:00:00,4639.955325865563
2018-12-29 14:00:00,4636.7473316427295
2018-12-29 15:00:00,4626.51720845937
2018-12-29 16:00:00,4639.060763072925
2018-12-29 17:00:00,4739.733842701072
2018-12-29 18:00:00,4914.636195047888
2018-12-29 19:00:00,4683.99330478698
2018-12-29 20:00:00,4653.876607047681
2018-12-29 21:00:00,4640.94372797484
2018-12-29 22:00:00,4617.814083368488
2018-12-29 23:00:00,4546.852025606569
2018-12-30 00:00:00,4459.577669954727
2018-12-30 01:00:00,4473.228857539323
2018-12-30 02:00:00,4567.125666701748
2018-12-30 03:00:00,4600.0902939590105
2018-12-30 04:00:00,4621.996875180887
2018-12-30 05:00:00,4630.102309693178
2018-12-30 06:00:00,4694.151278075023
2018-12-30 07:00:00,4720.173999982375
2018-12-30 08:00:00,4702.444344619767
2018-12-30 09:00:00,4705.07158963745
2018-12-30 10:00:00,4672.154743879176
2018-12-30 11:00:00,4641.571420161556
2018-12-30 12:00:00,4649.0170785686405
2018-12-30 13:00:00,4651.445634998534
2018-12-30 14:00:00,4640.5082094185345
2018-12-30 15:00:00,4628.313289290935
2018-12-30 16:00:00,4641.572064178722
2018-12-30 17:00:00,4748.491428833296
2018-12-30 18:00:00,4928.678757485945
2018-12-30 19:00:00,4706.1382504132225
2018-12-30 20:00:00,4678.524974278859
2018-12-30 21:00:00,4660.840660188404
2018-12-30 22:00:00,4603.172400267324
2018-12-30 23:00:00,4538.684800592071
2018-12-31 00:00:00,4496.091655608568
2018-12-31 01:00:00,4525.828913909937
2018-12-31 02:00:00,4636.459404727566
2018-12-31 03:00:00,4673.498283738143
2018-12-31 04:00:00,4693.337485784998
2018-12-31 05:00:00,4719.267719834872
2018-12-31 06:00:00,4829.007758530247
2018-12-31 07:00:00,4905.835034023368
2018-12-31 08:00:00,4787.559549879391
2018-12-31 09:00:00,4690.098362811123
2018-12-31 10:00:00,4699.413629242213
2018-12-31 11:00:00,4668.106360688056
2018-12-31 12:00:00,4650.075239706939
2018-12-31 13:00:00,4646.532429557394
2018-12-31 14:00:00,4644.825378359011
2018-12-31 15:00:00,4622.412672371873
2018-12-31 16:00:00,4631.077780062599
2018-12-31 17:00:00,4727.608779939026
2018-12-31 18:00:00,4908.6784132539315
2018-12-31 19:00:00,4681.129732165138
2018-12-31 20:00:00,4646.240697833737
2018-12-31 21:00:00,4630.850272582948
2018-12-31 22:00:00,4585.268250010564
2018-12-31 23:00:00,4494.087697130901
