Datetime,actual,Persistence,Seasonal naive (168h),XGBoost,CatBoost
2016-04-01 01:00:00,4039.0,4291.0,4016.0,3967.566650390625,4037.520033028227
2016-04-01 02:00:00,3912.0,4291.0,3922.0,3841.35595703125,3909.2605086448566
2016-04-01 03:00:00,3858.0,4291.0,3858.0,3654.4833984375,3897.057327084911
2016-04-01 04:00:00,3809.0,4291.0,3785.0,3419.7373046875,3860.266801313531
2016-04-01 05:00:00,3847.0,4291.0,3847.0,3150.98486328125,3974.455923687712
2016-04-01 06:00:00,4154.0,4291.0,4018.0,3264.864501953125,4218.511930264653
2016-04-01 07:00:00,4623.0,4291.0,4337.0,3426.317626953125,4682.4907144735425
2016-04-01 08:00:00,4879.0,4291.0,4563.0,3412.222412109375,4945.198168080156
2016-04-01 09:00:00,4925.0,4291.0,4729.0,3452.660888671875,4998.116667837616
2016-04-01 10:00:00,4920.0,4291.0,4900.0,3512.398193359375,5034.891765543949
2016-04-01 11:00:00,4953.0,4291.0,5013.0,3571.01220703125,5047.002558334916
2016-04-01 12:00:00,4943.0,4291.0,5089.0,3722.502197265625,5002.363882271173
2016-04-01 13:00:00,4948.0,4291.0,4996.0,3870.36572265625,4967.663887887107
2016-04-01 14:00:00,4947.0,4291.0,4920.0,4091.657470703125,4908.665811794306
2016-04-01 15:00:00,4890.0,4291.0,4924.0,4310.2431640625,4811.943277644914
2016-04-01 16:00:00,4867.0,4291.0,4856.0,4474.1015625,4719.320720351709
2016-04-01 17:00:00,4836.0,4291.0,4830.0,4671.62646484375,4677.175881929572
2016-04-01 18:00:00,4795.0,4291.0,4889.0,4861.30615234375,4673.409579631683
2016-04-01 19:00:00,4761.0,4291.0,4911.0,4926.341796875,4695.301701155756
2016-04-01 20:00:00,4814.0,4291.0,5056.0,5015.06591796875,4836.342251012397
2016-04-01 21:00:00,4940.0,4291.0,5164.0,5121.59033203125,4972.548267764167
2016-04-01 22:00:00,4777.0,4291.0,5041.0,4990.60107421875,4814.70508346344
2016-04-01 23:00:00,4493.0,4291.0,4846.0,4638.6640625,4505.394582031766
2016-04-02 00:00:00,4185.0,4291.0,4571.0,4269.689453125,4203.593017119359
2016-04-02 01:00:00,3959.0,4291.0,4361.0,3958.82275390625,3963.7904802023554
2016-04-02 02:00:00,3812.0,4291.0,4255.0,3738.617431640625,3836.9117570850194
2016-04-02 03:00:00,3765.0,4291.0,4279.0,3573.10302734375,3768.986347271587
2016-04-02 04:00:00,3748.0,4291.0,4323.0,3488.642578125,3761.5212764384564
2016-04-02 05:00:00,3769.0,4291.0,4398.0,3374.273193359375,3821.853384495239
2016-04-02 06:00:00,3861.0,4291.0,4566.0,3356.021728515625,3932.5528473813238
2016-04-02 07:00:00,4076.0,4291.0,4802.0,3475.272705078125,4122.104241147134
2016-04-02 08:00:00,4278.0,4291.0,4976.0,3564.9912109375,4344.479899642148
2016-04-02 09:00:00,4521.0,4291.0,5171.0,3641.734375,4557.260376819109
2016-04-02 10:00:00,4702.0,4291.0,5189.0,3841.45703125,4686.4665131439615
2016-04-02 11:00:00,4770.0,4291.0,5125.0,4031.379150390625,4719.840421345115
2016-04-02 12:00:00,4719.0,4291.0,4940.0,4122.45068359375,4670.51143287915
2016-04-02 13:00:00,4638.0,4291.0,4771.0,4178.46484375,4609.3153360042415
2016-04-02 14:00:00,4540.0,4291.0,4635.0,4164.27294921875,4516.566615027322
2016-04-02 15:00:00,4461.0,4291.0,4447.0,4118.04638671875,4413.483474208323
2016-04-02 16:00:00,4402.0,4291.0,4438.0,4075.615478515625,4362.706726327824
2016-04-02 17:00:00,4422.0,4291.0,4345.0,4045.078369140625,4355.721033128362
2016-04-02 18:00:00,4510.0,4291.0,4339.0,4050.2978515625,4383.800779233214
2016-04-02 19:00:00,4625.0,4291.0,4432.0,4014.979736328125,4378.637712638555
2016-04-02 20:00:00,4837.0,4291.0,4629.0,4047.544189453125,4510.900099333809
2016-04-02 21:00:00,4983.0,4291.0,4846.0,4145.06982421875,4663.908663261246
2016-04-02 22:00:00,4895.0,4291.0,4783.0,4096.541015625,4594.0102637176515
2016-04-02 23:00:00,4721.0,4291.0,4547.0,3861.44970703125,4352.515533997125
2016-04-03 00:00:00,4606.0,4291.0,4332.0,3570.653564453125,4080.094675962495
2016-04-03 01:00:00,4479.0,4291.0,4149.0,3635.453369140625,3852.107204339777
2016-04-03 02:00:00,4453.0,4291.0,3986.0,3472.296875,3704.3190273353866
2016-04-03 03:00:00,4479.0,4291.0,4014.0,3414.65576171875,3657.212479650521
2016-04-03 04:00:00,4517.0,4291.0,4054.0,3410.4189453125,3634.4398267101983
2016-04-03 05:00:00,4591.0,4291.0,4087.0,3438.152099609375,3685.613795030721
2016-04-03 06:00:00,4727.0,4291.0,4231.0,3450.600341796875,3807.601895651829
2016-04-03 07:00:00,4940.0,4291.0,4446.0,3475.421630859375,3917.9819378790917
2016-04-03 08:00:00,5177.0,4291.0,4653.0,3566.392822265625,4122.1377523276515
2016-04-03 09:00:00,5413.0,4291.0,4842.0,3628.560302734375,4369.751000843826
2016-04-03 10:00:00,5477.0,4291.0,4923.0,3811.824462890625,4505.548260795924
2016-04-03 11:00:00,5454.0,4291.0,4829.0,4035.856201171875,4528.722699832067
2016-04-03 12:00:00,5378.0,4291.0,4722.0,4160.77490234375,4483.409570867228
2016-04-03 13:00:00,5277.0,4291.0,4574.0,4240.0537109375,4440.885680790943
2016-04-03 14:00:00,5122.0,4291.0,4420.0,4215.82275390625,4385.501055672023
2016-04-03 15:00:00,4950.0,4291.0,4349.0,4146.58935546875,4296.599722194709
2016-04-03 16:00:00,4822.0,4291.0,4287.0,4104.29345703125,4249.846671297968
2016-04-03 17:00:00,4798.0,4291.0,4298.0,4111.13916015625,4272.245764747247
2016-04-03 18:00:00,4829.0,4291.0,4189.0,4136.72216796875,4300.736198278581
2016-04-03 19:00:00,4855.0,4291.0,4366.0,4115.8759765625,4357.831255303661
2016-04-03 20:00:00,5052.0,4291.0,4513.0,4161.52587890625,4485.4285384978
2016-04-03 21:00:00,5393.0,4291.0,4728.0,4280.96435546875,4659.864048577285
2016-04-03 22:00:00,5265.0,4291.0,4637.0,4188.6669921875,4560.172502220311
2016-04-03 23:00:00,5002.0,4291.0,4381.0,3967.305419921875,4322.3044713523805
2016-04-04 00:00:00,4799.0,4291.0,4158.0,3692.281494140625,4056.0759001122206
2016-04-04 01:00:00,4637.0,4291.0,4010.0,3806.759521484375,3890.362351443672
2016-04-04 02:00:00,4546.0,4291.0,3943.0,3730.97216796875,3816.393032403568
2016-04-04 03:00:00,4528.0,4291.0,3966.0,3713.596435546875,3823.4679290753825
2016-04-04 04:00:00,4546.0,4291.0,4018.0,3749.88818359375,3845.8384961142046
2016-04-04 05:00:00,4664.0,4291.0,4096.0,3874.465576171875,3955.095207938224
2016-04-04 06:00:00,4943.0,4291.0,4297.0,4244.8310546875,4278.834574150998
2016-04-04 07:00:00,5441.0,4291.0,4728.0,4797.95703125,4814.893537548932
2016-04-04 08:00:00,5606.0,4291.0,4982.0,5062.7119140625,5073.26156252169
2016-04-04 09:00:00,5571.0,4291.0,5128.0,5115.466796875,5128.7317767728155
2016-04-04 10:00:00,5535.0,4291.0,5229.0,5134.93359375,5149.732949078942
2016-04-04 11:00:00,5505.0,4291.0,5252.0,5154.16015625,5166.147749177545
2016-04-04 12:00:00,5460.0,4291.0,5305.0,5141.27978515625,5149.709241607056
2016-04-04 13:00:00,5449.0,4291.0,5244.0,5133.9873046875,5111.196296966226
2016-04-04 14:00:00,5452.0,4291.0,5263.0,5118.18701171875,5084.22971897283
2016-04-04 15:00:00,5399.0,4291.0,5208.0,5076.1396484375,5014.831695352519
2016-04-04 16:00:00,5410.0,4291.0,5182.0,5069.98681640625,4975.172283890017
2016-04-04 17:00:00,5471.0,4291.0,5182.0,5073.63134765625,4971.061996736233
2016-04-04 18:00:00,5512.0,4291.0,5271.0,5076.26953125,5001.616952948257
2016-04-04 19:00:00,5582.0,4291.0,5383.0,5127.03857421875,5060.098452789522
2016-04-04 20:00:00,5724.0,4291.0,5604.0,5309.54736328125,5216.588340900024
2016-04-04 21:00:00,5908.0,4291.0,5652.0,5434.212890625,5389.184514313045
2016-04-04 22:00:00,5739.0,4291.0,5437.0,5189.74267578125,5214.318533869854
2016-04-04 23:00:00,5464.0,4291.0,5130.0,4802.455078125,4855.9681496455305
2016-04-05 00:00:00,5227.0,4291.0,4846.0,4422.71435546875,4487.825511105246
2016-04-05 01:00:00,5065.0,4291.0,4651.0,4141.7890625,4245.1483777585245
2016-04-05 02:00:00,5049.0,4291.0,4518.0,4010.098388671875,4129.65888092616
2016-04-05 03:00:00,5100.0,4291.0,4506.0,3951.661376953125,4078.630130133863
2016-04-05 04:00:00,5177.0,4291.0,4532.0,3945.42236328125,4108.764526185807
2016-04-05 05:00:00,5346.0,4291.0,4625.0,4063.09423828125,4250.493605808546
2016-04-05 06:00:00,5779.0,4291.0,4903.0,4420.890625,4588.464623996842
2016-04-05 07:00:00,6329.0,4291.0,5410.0,4911.77392578125,5148.870201537833
2016-04-05 08:00:00,6584.0,4291.0,5644.0,5160.873046875,5379.733795765202
2016-04-05 09:00:00,6508.0,4291.0,5582.0,5186.6513671875,5355.505908560052
2016-04-05 10:00:00,6360.0,4291.0,5573.0,5172.00146484375,5307.746840903634
2016-04-05 11:00:00,6344.0,4291.0,5528.0,5178.1826171875,5267.87282421956
2016-04-05 12:00:00,6193.0,4291.0,5423.0,5155.47021484375,5228.902486311576
2016-04-05 13:00:00,6024.0,4291.0,5369.0,5135.30908203125,5184.41322195954
2016-04-05 14:00:00,5898.0,4291.0,5219.0,5118.39990234375,5143.101078675405
2016-04-05 15:00:00,5685.0,4291.0,5113.0,5068.63525390625,5071.943476271567
2016-04-05 16:00:00,5540.0,4291.0,5054.0,5033.98974609375,5027.387953876696
2016-04-05 17:00:00,5472.0,4291.0,4992.0,5042.5595703125,5009.8857885647385
2016-04-05 18:00:00,5462.0,4291.0,4982.0,5050.5751953125,5027.668198407576
2016-04-05 19:00:00,5582.0,4291.0,5095.0,5062.41162109375,5055.988437630845
2016-04-05 20:00:00,5821.0,4291.0,5314.0,5215.42236328125,5203.385278019132
2016-04-05 21:00:00,6206.0,4291.0,5568.0,5423.6650390625,5418.914413367847
2016-04-05 22:00:00,6146.0,4291.0,5475.0,5199.1201171875,5289.427241515018
2016-04-05 23:00:00,5866.0,4291.0,5161.0,4790.359375,4921.238388463614
2016-04-06 00:00:00,5561.0,4291.0,4895.0,4402.5107421875,4563.279295249198
2016-04-06 01:00:00,5476.0,4291.0,4724.0,4152.0654296875,4320.595326361852
2016-04-06 02:00:00,5388.0,4291.0,4687.0,4031.6767578125,4217.910470226776
2016-04-06 03:00:00,5488.0,4291.0,4804.0,3990.986572265625,4202.2651497225015
2016-04-06 04:00:00,5592.0,4291.0,4890.0,4017.95166015625,4240.311437571329
2016-04-06 05:00:00,5779.0,4291.0,5088.0,4152.8076171875,4383.330894681842
2016-04-06 06:00:00,6112.0,4291.0,5431.0,4482.85400390625,4712.072267199265
2016-04-06 07:00:00,6717.0,4291.0,5990.0,4962.96044921875,5270.990292266721
2016-04-06 08:00:00,6838.0,4291.0,6264.0,5195.31689453125,5487.044308364964
2016-04-06 09:00:00,6578.0,4291.0,6068.0,5188.73388671875,5458.9030566513
2016-04-06 10:00:00,6300.0,4291.0,5803.0,5174.625,5409.60065296014
2016-04-06 11:00:00,6139.0,4291.0,5562.0,5202.2216796875,5387.73510075756
2016-04-06 12:00:00,5961.0,4291.0,5442.0,5165.37158203125,5322.765765685417
2016-04-06 13:00:00,5753.0,4291.0,5305.0,5140.71142578125,5276.292681623971
2016-04-06 14:00:00,5560.0,4291.0,5162.0,5130.48681640625,5233.801811472348
2016-04-06 15:00:00,5420.0,4291.0,5052.0,5080.15185546875,5153.247953738625
2016-04-06 16:00:00,5351.0,4291.0,4959.0,5049.0693359375,5096.234260688295
2016-04-06 17:00:00,5374.0,4291.0,4949.0,5033.2880859375,5084.44800507457
2016-04-06 18:00:00,5388.0,4291.0,4924.0,5033.17822265625,5075.517668525344
2016-04-06 19:00:00,5445.0,4291.0,5019.0,5036.7333984375,5094.951964626668
2016-04-06 20:00:00,5741.0,4291.0,5147.0,5130.30908203125,5209.30951762409
2016-04-06 21:00:00,5858.0,4291.0,5410.0,5361.10986328125,5414.144427500866
2016-04-06 22:00:00,5670.0,4291.0,5232.0,5196.20263671875,5281.686543597437
2016-04-06 23:00:00,5274.0,4291.0,4787.0,4811.14990234375,4910.177378459762
2016-04-07 00:00:00,4929.0,4291.0,4522.0,4425.25732421875,4548.410245565833
2016-04-07 01:00:00,4722.0,4291.0,4326.0,4168.015625,4327.646516381129
2016-04-07 02:00:00,4574.0,4291.0,4183.0,4035.1396484375,4206.669333341922
2016-04-07 03:00:00,4485.0,4291.0,4211.0,3987.46630859375,4175.998612458646
2016-04-07 04:00:00,4486.0,4291.0,4210.0,3974.0673828125,4172.521775533119
2016-04-07 05:00:00,4667.0,4291.0,4234.0,4061.118896484375,4274.137344357057
2016-04-07 06:00:00,4983.0,4291.0,4574.0,4376.8759765625,4611.044478399846
2016-04-07 07:00:00,5473.0,4291.0,5039.0,4884.16064453125,5127.093393938344
2016-04-07 08:00:00,5692.0,4291.0,5180.0,5127.3046875,5364.246542835077
2016-04-07 09:00:00,5668.0,4291.0,5195.0,5160.30126953125,5341.791052429335
2016-04-07 10:00:00,5670.0,4291.0,5143.0,5169.099609375,5293.757962823778
2016-04-07 11:00:00,5722.0,4291.0,5135.0,5179.64208984375,5259.759724309385
2016-04-07 12:00:00,5649.0,4291.0,5118.0,5165.275390625,5213.977540206776
2016-04-07 13:00:00,5561.0,4291.0,5091.0,5132.9248046875,5161.190491907454
2016-04-07 14:00:00,5531.0,4291.0,5045.0,5112.1337890625,5113.4564913914
2016-04-07 15:00:00,5403.0,4291.0,4957.0,5043.33544921875,5039.661707866246
2016-04-07 16:00:00,5361.0,4291.0,4894.0,4989.82861328125,4973.13942673546
2016-04-07 17:00:00,5456.0,4291.0,4902.0,4972.318359375,4943.564476914984
2016-04-07 18:00:00,5477.0,4291.0,4916.0,4963.4248046875,4938.350158421993
2016-04-07 19:00:00,5586.0,4291.0,4945.0,4971.427734375,4949.766745403479
2016-04-07 20:00:00,5749.0,4291.0,5051.0,5075.5517578125,5070.337372964776
2016-04-07 21:00:00,5879.0,4291.0,5230.0,5285.22265625,5278.257446688644
2016-04-07 22:00:00,5723.0,4291.0,5035.0,5141.31298828125,5143.231837814329
2016-04-07 23:00:00,5492.0,4291.0,4651.0,4799.8017578125,4805.967372925306
2016-04-08 00:00:00,5220.0,4291.0,4291.0,4432.3291015625,4450.43784698936
2016-04-08 01:00:00,4968.0,4291.0,4016.0,4165.576171875,4204.114459709107
2016-04-08 02:00:00,4948.0,4291.0,3922.0,4025.132568359375,4093.062687739558
2016-04-08 03:00:00,4960.0,4291.0,3858.0,3972.684814453125,4041.199680387127
2016-04-08 04:00:00,4992.0,4291.0,3785.0,3966.966064453125,4076.121010251445
2016-04-08 05:00:00,5147.0,4291.0,3847.0,4051.376220703125,4183.5554893581975
2016-04-08 06:00:00,5453.0,4291.0,4018.0,4320.8515625,4448.737313178353
2016-04-08 07:00:00,5958.0,4291.0,4337.0,4746.671875,4921.028661208663
2016-04-08 08:00:00,6122.0,4291.0,4563.0,4958.61083984375,5168.432951980403
2016-04-08 09:00:00,6240.0,4291.0,4729.0,4994.67578125,5180.936713751081
2016-04-08 10:00:00,6192.0,4291.0,4900.0,5003.30517578125,5155.453569490219
2016-04-08 11:00:00,6129.0,4291.0,5013.0,5002.0576171875,5144.330056012656
2016-04-08 12:00:00,6098.0,4291.0,5089.0,4992.2109375,5101.6068599606315
2016-04-08 13:00:00,5879.0,4291.0,4996.0,5004.1455078125,5044.94369195554
2016-04-08 14:00:00,5751.0,4291.0,4920.0,4959.6767578125,4985.222739017607
2016-04-08 15:00:00,5620.0,4291.0,4924.0,4871.958984375,4913.669044674657
2016-04-08 16:00:00,5460.0,4291.0,4856.0,4800.19873046875,4860.056689849546
2016-04-08 17:00:00,5404.0,4291.0,4830.0,4789.701171875,4814.61344857112
2016-04-08 18:00:00,5376.0,4291.0,4889.0,4777.51220703125,4778.632844673018
2016-04-08 19:00:00,5452.0,4291.0,4911.0,4774.65625,4769.510227776707
2016-04-08 20:00:00,5562.0,4291.0,5056.0,4875.7705078125,4848.488316270119
2016-04-08 21:00:00,5752.0,4291.0,5164.0,5101.205078125,5021.567669551769
2016-04-08 22:00:00,5626.0,4291.0,5041.0,4971.91259765625,4899.627886577644
2016-04-08 23:00:00,5411.0,4291.0,4846.0,4688.3076171875,4590.350480977865
2016-04-09 00:00:00,5295.0,4291.0,4571.0,4345.9091796875,4277.44612887002
2016-04-09 01:00:00,5068.0,4291.0,4361.0,4082.68212890625,4016.8559925427726
2016-04-09 02:00:00,5000.0,4291.0,4255.0,3914.785400390625,3885.9461469545085
2016-04-09 03:00:00,4898.0,4291.0,4279.0,3859.34814453125,3811.8439591957676
2016-04-09 04:00:00,4907.0,4291.0,4323.0,3867.329833984375,3808.4966202176597
2016-04-09 05:00:00,4883.0,4291.0,4398.0,3914.21337890625,3823.56272428708
2016-04-09 06:00:00,5018.0,4291.0,4566.0,4043.94140625,3921.608214566367
2016-04-09 07:00:00,5254.0,4291.0,4802.0,4246.02880859375,4082.0297108362643
2016-04-09 08:00:00,5399.0,4291.0,4976.0,4442.96337890625,4302.074026646888
2016-04-09 09:00:00,5696.0,4291.0,5171.0,4591.61181640625,4544.643947820865
2016-04-09 10:00:00,5867.0,4291.0,5189.0,4670.61376953125,4653.432152012468
2016-04-09 11:00:00,5950.0,4291.0,5125.0,4695.38427734375,4696.043195190914
2016-04-09 12:00:00,5839.0,4291.0,4940.0,4664.80810546875,4679.256379213292
2016-04-09 13:00:00,5791.0,4291.0,4771.0,4570.1640625,4618.777696263654
2016-04-09 14:00:00,5773.0,4291.0,4635.0,4498.39794921875,4511.938497242941
2016-04-09 15:00:00,5707.0,4291.0,4447.0,4422.45751953125,4406.769804735861
2016-04-09 16:00:00,5656.0,4291.0,4438.0,4373.40673828125,4365.502592576289
2016-04-09 17:00:00,5651.0,4291.0,4345.0,4377.05615234375,4364.674887190347
2016-04-09 18:00:00,5727.0,4291.0,4339.0,4389.55712890625,4366.984770869056
2016-04-09 19:00:00,5792.0,4291.0,4432.0,4382.6220703125,4366.042001361561
2016-04-09 20:00:00,5932.0,4291.0,4629.0,4441.9111328125,4446.067852318014
2016-04-09 21:00:00,6108.0,4291.0,4846.0,4659.9111328125,4664.488887309625
2016-04-09 22:00:00,6038.0,4291.0,4783.0,4567.2255859375,4612.670159321494
2016-04-09 23:00:00,5825.0,4291.0,4547.0,4325.5458984375,4337.530006686202
2016-04-10 00:00:00,5643.0,4291.0,4332.0,4001.61962890625,4034.696811068233
2016-04-10 01:00:00,5464.0,4291.0,4149.0,3769.934326171875,3790.6324533569236
2016-04-10 02:00:00,5387.0,4291.0,3986.0,3654.518798828125,3662.0740740232122
2016-04-10 03:00:00,5393.0,4291.0,4014.0,3583.935791015625,3580.195638829582
2016-04-10 04:00:00,5403.0,4291.0,4054.0,3604.267578125,3615.8889000339896
2016-04-10 05:00:00,5479.0,4291.0,4087.0,3673.43701171875,3667.8658667668024
2016-04-10 06:00:00,5586.0,4291.0,4231.0,3726.4931640625,3714.902971391032
2016-04-10 07:00:00,5843.0,4291.0,4446.0,3835.7939453125,3837.7969635084237
2016-04-10 08:00:00,5960.0,4291.0,4653.0,4025.476318359375,4010.23014009943
2016-04-10 09:00:00,5869.0,4291.0,4842.0,4253.3701171875,4227.49266354348
2016-04-10 10:00:00,5834.0,4291.0,4923.0,4407.5625,4381.817686651113
2016-04-10 11:00:00,5730.0,4291.0,4829.0,4436.27880859375,4420.660308172205
2016-04-10 12:00:00,5648.0,4291.0,4722.0,4416.6162109375,4404.585345683727
2016-04-10 13:00:00,5558.0,4291.0,4574.0,4390.822265625,4387.977533040302
2016-04-10 14:00:00,5361.0,4291.0,4420.0,4340.1318359375,4360.710489365905
2016-04-10 15:00:00,5231.0,4291.0,4349.0,4279.47900390625,4310.491395849482
2016-04-10 16:00:00,5181.0,4291.0,4287.0,4256.12890625,4285.239702469527
2016-04-10 17:00:00,5160.0,4291.0,4298.0,4283.99658203125,4286.738035465264
2016-04-10 18:00:00,5213.0,4291.0,4189.0,4319.455078125,4313.126867629006
2016-04-10 19:00:00,5250.0,4291.0,4366.0,4349.7333984375,4349.018743213606
2016-04-10 20:00:00,5415.0,4291.0,4513.0,4407.70458984375,4431.752857825469
2016-04-10 21:00:00,5630.0,4291.0,4728.0,4683.73291015625,4660.780763628537
2016-04-10 22:00:00,5503.0,4291.0,4637.0,4592.298828125,4575.016883586535
2016-04-10 23:00:00,5164.0,4291.0,4381.0,4346.3876953125,4314.248746714064
2016-04-11 00:00:00,4953.0,4291.0,4158.0,4072.36279296875,4035.206338748533
2016-04-11 01:00:00,4733.0,4291.0,4010.0,3925.0625,3847.046698140208
2016-04-11 02:00:00,4664.0,4291.0,3943.0,3854.5947265625,3757.2869201205413
2016-04-11 03:00:00,4645.0,4291.0,3966.0,3822.47412109375,3760.5084663071248
2016-04-11 04:00:00,4653.0,4291.0,4018.0,3875.418701171875,3809.6934429748003
2016-04-11 05:00:00,4807.0,4291.0,4096.0,4026.86767578125,3907.542587333126
2016-04-11 06:00:00,5077.0,4291.0,4297.0,4395.06396484375,4232.304771087375
2016-04-11 07:00:00,5586.0,4291.0,4728.0,4907.32861328125,4758.960949312089
2016-04-11 08:00:00,5791.0,4291.0,4982.0,5128.84521484375,5054.188074965949
2016-04-11 09:00:00,5777.0,4291.0,5128.0,5195.36181640625,5127.840207212838
2016-04-11 10:00:00,5682.0,4291.0,5229.0,5246.33056640625,5160.592868551718
2016-04-11 11:00:00,5626.0,4291.0,5252.0,5253.447265625,5184.334691294469
2016-04-11 12:00:00,5524.0,4291.0,5305.0,5223.25048828125,5172.605139265965
2016-04-11 13:00:00,5453.0,4291.0,5244.0,5187.189453125,5147.539500601902
2016-04-11 14:00:00,5361.0,4291.0,5263.0,5167.77783203125,5129.196918058612
2016-04-11 15:00:00,5245.0,4291.0,5208.0,5118.40087890625,5085.187777793937
2016-04-11 16:00:00,5202.0,4291.0,5182.0,5092.43017578125,5063.374266720753
2016-04-11 17:00:00,5225.0,4291.0,5182.0,5077.78076171875,5065.867382515862
2016-04-11 18:00:00,5259.0,4291.0,5271.0,5088.61083984375,5081.078440022364
2016-04-11 19:00:00,5218.0,4291.0,5383.0,5093.8544921875,5093.68100185647
2016-04-11 20:00:00,5280.0,4291.0,5604.0,5204.1669921875,5189.89864346299
2016-04-11 21:00:00,5487.0,4291.0,5652.0,5433.052734375,5368.97369738516
2016-04-11 22:00:00,5331.0,4291.0,5437.0,5253.82177734375,5192.4355449202285
2016-04-11 23:00:00,4966.0,4291.0,5130.0,4849.8388671875,4793.765277938602
2016-04-12 00:00:00,4615.0,4291.0,4846.0,4462.1494140625,4432.489304469306
2016-04-12 01:00:00,4362.0,4291.0,4651.0,4193.34814453125,4170.858788513482
2016-04-12 02:00:00,4196.0,4291.0,4518.0,4037.988525390625,4036.2209715979143
2016-04-12 03:00:00,4147.0,4291.0,4506.0,3975.602783203125,3961.840669471818
2016-04-12 04:00:00,4143.0,4291.0,4532.0,3963.43896484375,3978.621687150052
2016-04-12 05:00:00,4266.0,4291.0,4625.0,4061.76318359375,4080.1188325434214
2016-04-12 06:00:00,4586.0,4291.0,4903.0,4365.01708984375,4401.254866573064
2016-04-12 07:00:00,5114.0,4291.0,5410.0,4871.22705078125,4953.222293265689
2016-04-12 08:00:00,5355.0,4291.0,5644.0,5125.36328125,5198.126038577985
2016-04-12 09:00:00,5333.0,4291.0,5582.0,5163.24755859375,5184.613200620399
2016-04-12 10:00:00,5321.0,4291.0,5573.0,5179.19677734375,5173.991115498763
2016-04-12 11:00:00,5310.0,4291.0,5528.0,5212.8466796875,5197.774404238176
2016-04-12 12:00:00,5279.0,4291.0,5423.0,5212.7734375,5168.597804859408
2016-04-12 13:00:00,5233.0,4291.0,5369.0,5192.732421875,5151.492584225422
2016-04-12 14:00:00,5159.0,4291.0,5219.0,5168.15087890625,5132.763549265749
2016-04-12 15:00:00,5067.0,4291.0,5113.0,5112.283203125,5078.2041980223985
2016-04-12 16:00:00,5027.0,4291.0,5054.0,5074.0400390625,5042.165982506875
2016-04-12 17:00:00,5007.0,4291.0,4992.0,5056.22607421875,5024.33838461088
2016-04-12 18:00:00,4996.0,4291.0,4982.0,5069.66064453125,5022.788608559877
2016-04-12 19:00:00,5057.0,4291.0,5095.0,5073.13427734375,5043.745706216829
2016-04-12 20:00:00,5224.0,4291.0,5314.0,5187.4775390625,5157.719962117075
2016-04-12 21:00:00,5556.0,4291.0,5568.0,5413.71240234375,5379.351924772602
2016-04-12 22:00:00,5435.0,4291.0,5475.0,5249.38916015625,5220.9581254167915
2016-04-12 23:00:00,5157.0,4291.0,5161.0,4858.06298828125,4841.669494256138
2016-04-13 00:00:00,4884.0,4291.0,4895.0,4472.32861328125,4468.748647677864
2016-04-13 01:00:00,4733.0,4291.0,4724.0,4220.2578125,4218.49064344911
2016-04-13 02:00:00,4659.0,4291.0,4687.0,4083.271484375,4103.715849258523
2016-04-13 03:00:00,4670.0,4291.0,4804.0,4007.482666015625,4023.8144653328254
2016-04-13 04:00:00,4749.0,4291.0,4890.0,4004.500732421875,4019.5238395025735
2016-04-13 05:00:00,4912.0,4291.0,5088.0,4094.027587890625,4129.661496830435
2016-04-13 06:00:00,5328.0,4291.0,5431.0,4406.0224609375,4433.8522769153105
2016-04-13 07:00:00,5945.0,4291.0,5990.0,4910.509765625,4968.278770917043
2016-04-13 08:00:00,6117.0,4291.0,6264.0,5134.138671875,5207.3889731862055
2016-04-13 09:00:00,5912.0,4291.0,6068.0,5163.7822265625,5203.348751154844
2016-04-13 10:00:00,5702.0,4291.0,5803.0,5175.42529296875,5176.814655904779
2016-04-13 11:00:00,5545.0,4291.0,5562.0,5205.85888671875,5175.669506565073
2016-04-13 12:00:00,5415.0,4291.0,5442.0,5192.080078125,5143.760066727784
2016-04-13 13:00:00,5290.0,4291.0,5305.0,5157.19287109375,5118.20469589981
2016-04-13 14:00:00,5260.0,4291.0,5162.0,5147.5517578125,5101.532580097124
2016-04-13 15:00:00,5112.0,4291.0,5052.0,5107.7744140625,5034.395472212628
2016-04-13 16:00:00,5022.0,4291.0,4959.0,5072.357421875,4983.1738669487895
2016-04-13 17:00:00,5029.0,4291.0,4949.0,5045.7705078125,4983.15684110741
2016-04-13 18:00:00,4976.0,4291.0,4924.0,5034.3583984375,4991.922495291331
2016-04-13 19:00:00,5000.0,4291.0,5019.0,5029.4033203125,5014.540491590324
2016-04-13 20:00:00,5234.0,4291.0,5147.0,5102.55712890625,5120.737708624658
2016-04-13 21:00:00,5514.0,4291.0,5410.0,5337.6142578125,5365.678611516387
2016-04-13 22:00:00,5449.0,4291.0,5232.0,5225.06884765625,5231.576383557693
2016-04-13 23:00:00,5045.0,4291.0,4787.0,4847.28857421875,4850.4778031414335
2016-04-14 00:00:00,4869.0,4291.0,4522.0,4457.83447265625,4476.613516687525
2016-04-14 01:00:00,4718.0,4291.0,4326.0,4205.615234375,4231.327931731366
2016-04-14 02:00:00,4699.0,4291.0,4183.0,4076.9716796875,4108.038762593982
2016-04-14 03:00:00,4672.0,4291.0,4211.0,4018.942626953125,4065.84108730083
2016-04-14 04:00:00,4785.0,4291.0,4210.0,4036.7978515625,4088.3247529799582
2016-04-14 05:00:00,4976.0,4291.0,4234.0,4129.30322265625,4198.447108204877
2016-04-14 06:00:00,5316.0,4291.0,4574.0,4448.5146484375,4533.843048357483
2016-04-14 07:00:00,5902.0,4291.0,5039.0,4935.46533203125,5033.8234601795975
2016-04-14 08:00:00,5973.0,4291.0,5180.0,5158.6083984375,5258.736159964895
2016-04-14 09:00:00,5792.0,4291.0,5195.0,5189.63671875,5258.184280715948
2016-04-14 10:00:00,5510.0,4291.0,5143.0,5199.23779296875,5230.153201385969
2016-04-14 11:00:00,5382.0,4291.0,5135.0,5206.55029296875,5208.638877367505
2016-04-14 12:00:00,5279.0,4291.0,5118.0,5186.130859375,5154.044992068616
2016-04-14 13:00:00,5218.0,4291.0,5091.0,5155.5947265625,5113.125622389067
2016-04-14 14:00:00,5175.0,4291.0,5045.0,5144.75048828125,5081.267082251161
2016-04-14 15:00:00,5091.0,4291.0,4957.0,5096.78955078125,5009.455061826247
2016-04-14 16:00:00,4984.0,4291.0,4894.0,5048.880859375,4949.857916288295
2016-04-14 17:00:00,4978.0,4291.0,4902.0,5020.3544921875,4934.537199124163
2016-04-14 18:00:00,4959.0,4291.0,4916.0,4990.16650390625,4920.218399756852
2016-04-14 19:00:00,5018.0,4291.0,4945.0,4972.98583984375,4940.951744101609
2016-04-14 20:00:00,5105.0,4291.0,5051.0,5055.76611328125,5039.311913849936
2016-04-14 21:00:00,5404.0,4291.0,5230.0,5277.12744140625,5237.647148660802
2016-04-14 22:00:00,5307.0,4291.0,5035.0,5170.36279296875,5109.2447118892105
2016-04-14 23:00:00,4928.0,4291.0,4651.0,4805.4375,4765.239787042018
2016-04-15 00:00:00,4623.0,4291.0,4291.0,4426.1640625,4406.15949394331
2016-04-15 01:00:00,4426.0,4291.0,4016.0,4168.2548828125,4168.8520718112495
2016-04-15 02:00:00,4368.0,4291.0,3922.0,4026.8515625,4050.7240758081266
2016-04-15 03:00:00,4328.0,4291.0,3858.0,3990.587158203125,4018.821160947623
2016-04-15 04:00:00,4409.0,4291.0,3785.0,4007.0146484375,4035.035836740687
2016-04-15 05:00:00,4527.0,4291.0,3847.0,4086.513671875,4115.273824880195
2016-04-15 06:00:00,4956.0,4291.0,4018.0,4397.0029296875,4417.025769173357
2016-04-15 07:00:00,5471.0,4291.0,4337.0,4876.85205078125,4895.226325486997
2016-04-15 08:00:00,5621.0,4291.0,4563.0,5104.03466796875,5134.105418438217
2016-04-15 09:00:00,5501.0,4291.0,4729.0,5122.201171875,5154.743557644069
2016-04-15 10:00:00,5359.0,4291.0,4900.0,5129.53125,5143.271266428042
2016-04-15 11:00:00,5202.0,4291.0,5013.0,5132.353515625,5139.059454951396
2016-04-15 12:00:00,5170.0,4291.0,5089.0,5107.1240234375,5102.355602848322
2016-04-15 13:00:00,5019.0,4291.0,4996.0,5056.9521484375,5044.032484194531
2016-04-15 14:00:00,4973.0,4291.0,4920.0,5027.8388671875,4988.1302604652265
2016-04-15 15:00:00,4914.0,4291.0,4924.0,4955.53466796875,4913.6980422330425
2016-04-15 16:00:00,4814.0,4291.0,4856.0,4892.1728515625,4859.445889474109
2016-04-15 17:00:00,4806.0,4291.0,4830.0,4856.07861328125,4813.869917265417
2016-04-15 18:00:00,4773.0,4291.0,4889.0,4816.24609375,4773.324718844125
2016-04-15 19:00:00,4735.0,4291.0,4911.0,4788.73974609375,4760.005226180599
2016-04-15 20:00:00,4724.0,4291.0,5056.0,4853.16650390625,4826.340937727511
2016-04-15 21:00:00,4921.0,4291.0,5164.0,5035.5830078125,4996.162226909252
2016-04-15 22:00:00,4831.0,4291.0,5041.0,4939.72412109375,4900.840550414558
2016-04-15 23:00:00,4552.0,4291.0,4846.0,4669.345703125,4588.157119525137
2016-04-16 00:00:00,4241.0,4291.0,4571.0,4346.1533203125,4271.303816266256
2016-04-16 01:00:00,4041.0,4291.0,4361.0,4077.34912109375,4012.994175673147
2016-04-16 02:00:00,3946.0,4291.0,4255.0,3917.58447265625,3875.9179518200226
2016-04-16 03:00:00,3911.0,4291.0,4279.0,3863.417236328125,3826.864469755609
2016-04-16 04:00:00,3965.0,4291.0,4323.0,3866.574951171875,3806.060921712925
2016-04-16 05:00:00,4043.0,4291.0,4398.0,3910.1201171875,3823.0011652339526
2016-04-16 06:00:00,4224.0,4291.0,4566.0,4052.7978515625,3924.6756924438787
2016-04-16 07:00:00,4453.0,4291.0,4802.0,4244.724609375,4083.8168111300715
2016-04-16 08:00:00,4634.0,4291.0,4976.0,4471.48583984375,4303.099378104998
2016-04-16 09:00:00,4697.0,4291.0,5171.0,4660.98779296875,4541.849179058894
2016-04-16 10:00:00,4678.0,4291.0,5189.0,4785.79345703125,4653.483495073052
2016-04-16 11:00:00,4606.0,4291.0,5125.0,4811.00244140625,4696.0734122031445
2016-04-16 12:00:00,4520.0,4291.0,4940.0,4769.4716796875,4676.55318155892
2016-04-16 13:00:00,4452.0,4291.0,4771.0,4681.11181640625,4618.483494199912
2016-04-16 14:00:00,4396.0,4291.0,4635.0,4596.2099609375,4512.29371571318
2016-04-16 15:00:00,4376.0,4291.0,4447.0,4526.25,4405.268507804627
2016-04-16 16:00:00,4349.0,4291.0,4438.0,4491.99658203125,4367.043444827543
2016-04-16 17:00:00,4392.0,4291.0,4345.0,4482.140625,4367.730982245039
2016-04-16 18:00:00,4451.0,4291.0,4339.0,4469.9775390625,4367.035702161542
2016-04-16 19:00:00,4451.0,4291.0,4432.0,4448.73779296875,4363.007329904107
2016-04-16 20:00:00,4462.0,4291.0,4629.0,4537.05712890625,4443.079256365837
2016-04-16 21:00:00,4644.0,4291.0,4846.0,4762.00732421875,4674.761380342463
2016-04-16 22:00:00,4532.0,4291.0,4783.0,4653.71875,4661.050675371992
2016-04-16 23:00:00,4316.0,4291.0,4547.0,4391.02294921875,4392.624894108042
2016-04-17 00:00:00,4096.0,4291.0,4332.0,4103.94140625,4109.161779402764
2016-04-17 01:00:00,3848.0,4291.0,4149.0,3864.478271484375,3875.761292800001
2016-04-17 02:00:00,3733.0,4291.0,3986.0,3738.687744140625,3739.688759793272
2016-04-17 03:00:00,3691.0,4291.0,4014.0,3645.697509765625,3660.2052835127715
2016-04-17 04:00:00,3653.0,4291.0,4054.0,3612.088134765625,3624.3518624140183
2016-04-17 05:00:00,3794.0,4291.0,4087.0,3665.081298828125,3673.8064747487297
2016-04-17 06:00:00,3887.0,4291.0,4231.0,3723.10205078125,3718.551259893402
2016-04-17 07:00:00,4056.0,4291.0,4446.0,3831.94189453125,3837.6674790990855
2016-04-17 08:00:00,4232.0,4291.0,4653.0,4039.886962890625,4016.178966576084
2016-04-17 09:00:00,4357.0,4291.0,4842.0,4275.14404296875,4218.190608822401
2016-04-17 10:00:00,4423.0,4291.0,4923.0,4453.55419921875,4386.046560010875
2016-04-17 11:00:00,4389.0,4291.0,4829.0,4496.9599609375,4396.959174878051
2016-04-17 12:00:00,4399.0,4291.0,4722.0,4487.515625,4396.231971378698
2016-04-17 13:00:00,4404.0,4291.0,4574.0,4463.4248046875,4387.367852154359
2016-04-17 14:00:00,4419.0,4291.0,4420.0,4413.05615234375,4317.627368898473
2016-04-17 15:00:00,4405.0,4291.0,4349.0,4379.06103515625,4268.913176408703
2016-04-17 16:00:00,4442.0,4291.0,4287.0,4355.1884765625,4248.0148304713775
2016-04-17 17:00:00,4535.0,4291.0,4298.0,4396.15380859375,4273.982698687196
2016-04-17 18:00:00,4720.0,4291.0,4189.0,4447.5576171875,4304.668291824176
2016-04-17 19:00:00,4809.0,4291.0,4366.0,4495.861328125,4345.782437543954
2016-04-17 20:00:00,4838.0,4291.0,4513.0,4611.12353515625,4426.39644169878
2016-04-17 21:00:00,5055.0,4291.0,4728.0,4874.21826171875,4700.00465643031
2016-04-17 22:00:00,4902.0,4291.0,4637.0,4768.15966796875,4657.191461392488
2016-04-17 23:00:00,4554.0,4291.0,4381.0,4492.6044921875,4397.284036364808
2016-04-18 00:00:00,4124.0,4291.0,4158.0,4190.90234375,4125.971140111015
2016-04-18 01:00:00,3932.0,4291.0,4010.0,3966.896728515625,3929.944058739835
2016-04-18 02:00:00,3823.0,4291.0,3943.0,3885.706787109375,3834.0054462184917
2016-04-18 03:00:00,3830.0,4291.0,3966.0,3849.561279296875,3798.282847630727
2016-04-18 04:00:00,3797.0,4291.0,4018.0,3852.018798828125,3787.948539923742
2016-04-18 05:00:00,3935.0,4291.0,4096.0,3964.89697265625,3903.7358844387395
2016-04-18 06:00:00,4250.0,4291.0,4297.0,4349.74072265625,4223.628485722937
2016-04-18 07:00:00,4752.0,4291.0,4728.0,4851.3037109375,4745.873480514382
2016-04-18 08:00:00,4947.0,4291.0,4982.0,5091.251953125,5034.765691551426
2016-04-18 09:00:00,5020.0,4291.0,5128.0,5130.41064453125,5117.065563313948
2016-04-18 10:00:00,5108.0,4291.0,5229.0,5168.7890625,5161.782126594837
2016-04-18 11:00:00,5139.0,4291.0,5252.0,5201.3076171875,5198.108949662289
2016-04-18 12:00:00,5202.0,4291.0,5305.0,5201.35791015625,5188.837213028248
2016-04-18 13:00:00,5283.0,4291.0,5244.0,5175.3994140625,5171.988156485079
2016-04-18 14:00:00,5270.0,4291.0,5263.0,5170.7666015625,5158.732985411012
2016-04-18 15:00:00,5311.0,4291.0,5208.0,5128.06201171875,5103.377870946467
2016-04-18 16:00:00,5424.0,4291.0,5182.0,5107.361328125,5065.884871052885
2016-04-18 17:00:00,5496.0,4291.0,5182.0,5104.447265625,5074.3097251304225
2016-04-18 18:00:00,5516.0,4291.0,5271.0,5098.38671875,5070.633288985713
2016-04-18 19:00:00,5539.0,4291.0,5383.0,5104.73388671875,5083.207430218774
2016-04-18 20:00:00,5547.0,4291.0,5604.0,5178.25,5166.861431024622
2016-04-18 21:00:00,5645.0,4291.0,5652.0,5390.41552734375,5370.852103592813
2016-04-18 22:00:00,5403.0,4291.0,5437.0,5251.22802734375,5208.190277066913
2016-04-18 23:00:00,4925.0,4291.0,5130.0,4862.91259765625,4800.155277351757
2016-04-19 00:00:00,4423.0,4291.0,4846.0,4468.341796875,4427.145337002623
2016-04-19 01:00:00,4193.0,4291.0,4651.0,4185.46337890625,4165.530422878638
2016-04-19 02:00:00,3980.0,4291.0,4518.0,4034.512939453125,4030.15047685969
2016-04-19 03:00:00,3991.0,4291.0,4506.0,3980.8427734375,3955.778396829647
2016-04-19 04:00:00,3902.0,4291.0,4532.0,3967.281005859375,3951.0547143913905
2016-04-19 05:00:00,3976.0,4291.0,4625.0,4061.45263671875,4055.0016021323518
2016-04-19 06:00:00,4256.0,4291.0,4903.0,4366.3115234375,4364.692143596383
2016-04-19 07:00:00,4732.0,4291.0,5410.0,4867.271484375,4861.629177160991
2016-04-19 08:00:00,4934.0,4291.0,5644.0,5118.66064453125,5097.819882466927
2016-04-19 09:00:00,5026.0,4291.0,5582.0,5145.0009765625,5126.776941872654
2016-04-19 10:00:00,5008.0,4291.0,5573.0,5151.916015625,5161.609809302845
2016-04-19 11:00:00,5087.0,4291.0,5528.0,5170.97119140625,5199.47657513324
2016-04-19 12:00:00,5219.0,4291.0,5423.0,5162.23779296875,5191.7334265528925
2016-04-19 13:00:00,5234.0,4291.0,5369.0,5145.2294921875,5176.23884025647
2016-04-19 14:00:00,5290.0,4291.0,5219.0,5137.1728515625,5169.179939398754
2016-04-19 15:00:00,5273.0,4291.0,5113.0,5101.94091796875,5114.280700216854
2016-04-19 16:00:00,5313.0,4291.0,5054.0,5063.39892578125,5078.950170435541
2016-04-19 17:00:00,5306.0,4291.0,4992.0,5061.5859375,5073.918444521304
2016-04-19 18:00:00,5284.0,4291.0,4982.0,5068.2666015625,5065.170193891804
2016-04-19 19:00:00,5277.0,4291.0,5095.0,5072.216796875,5083.316154104063
2016-04-19 20:00:00,5262.0,4291.0,5314.0,5159.38330078125,5169.657653133092
2016-04-19 21:00:00,5498.0,4291.0,5568.0,5396.78662109375,5386.690958754609
2016-04-19 22:00:00,5274.0,4291.0,5475.0,5258.087890625,5241.450217242781
2016-04-19 23:00:00,4792.0,4291.0,5161.0,4891.576171875,4866.708567745114
2016-04-20 00:00:00,4427.0,4291.0,4895.0,4495.86474609375,4468.738789332417
2016-04-20 01:00:00,4214.0,4291.0,4724.0,4230.5771484375,4205.528284886271
2016-04-20 02:00:00,4017.0,4291.0,4687.0,4088.406005859375,4079.7158756383596
2016-04-20 03:00:00,3998.0,4291.0,4804.0,4035.1259765625,4018.371944172266
2016-04-20 04:00:00,3974.0,4291.0,4890.0,4033.773193359375,4014.9712897579348
2016-04-20 05:00:00,4042.0,4291.0,5088.0,4131.73583984375,4111.116475785117
2016-04-20 06:00:00,4420.0,4291.0,5431.0,4492.2705078125,4422.2382939838
2016-04-20 07:00:00,4852.0,4291.0,5990.0,5004.861328125,4934.87121677078
2016-04-20 08:00:00,5023.0,4291.0,6264.0,5198.4248046875,5164.551738749345
2016-04-20 09:00:00,5103.0,4291.0,6068.0,5202.8701171875,5178.9855852200735
2016-04-20 10:00:00,5085.0,4291.0,5803.0,5196.82421875,5177.982528017925
2016-04-20 11:00:00,5116.0,4291.0,5562.0,5207.091796875,5200.516422590534
2016-04-20 12:00:00,5121.0,4291.0,5442.0,5188.15625,5176.026202961608
2016-04-20 13:00:00,5066.0,4291.0,5305.0,5155.1005859375,5162.250085342775
2016-04-20 14:00:00,5046.0,4291.0,5162.0,5144.14306640625,5131.447401041446
2016-04-20 15:00:00,5075.0,4291.0,5052.0,5106.1728515625,5077.488346733936
2016-04-20 16:00:00,5132.0,4291.0,4959.0,5068.107421875,5032.3022184088395
2016-04-20 17:00:00,5190.0,4291.0,4949.0,5048.13916015625,5008.921624673486
2016-04-20 18:00:00,5198.0,4291.0,4924.0,5032.60400390625,4985.334656612295
2016-04-20 19:00:00,5210.0,4291.0,5019.0,5029.595703125,4999.778656327922
2016-04-20 20:00:00,5154.0,4291.0,5147.0,5094.3330078125,5093.152691769578
2016-04-20 21:00:00,5336.0,4291.0,5410.0,5303.36962890625,5327.043139839578
2016-04-20 22:00:00,5220.0,4291.0,5232.0,5203.0146484375,5224.271812658056
2016-04-20 23:00:00,4760.0,4291.0,4787.0,4831.978515625,4847.322944895517
2016-04-21 00:00:00,4370.0,4291.0,4522.0,4437.40625,4466.177973712694
2016-04-21 01:00:00,4095.0,4291.0,4326.0,4178.32470703125,4209.048552545578
2016-04-21 02:00:00,3964.0,4291.0,4183.0,4060.705078125,4085.570138016483
2016-04-21 03:00:00,3831.0,4291.0,4211.0,4007.24462890625,4029.1243595489
2016-04-21 04:00:00,3859.0,4291.0,4210.0,4009.60546875,4023.9297840107247
2016-04-21 05:00:00,4064.0,4291.0,4234.0,4095.81494140625,4122.132873545004
2016-04-21 06:00:00,4311.0,4291.0,4574.0,4408.23828125,4432.6250759822215
2016-04-21 07:00:00,4819.0,4291.0,5039.0,4914.3857421875,4946.713897634938
2016-04-21 08:00:00,5020.0,4291.0,5180.0,5151.0673828125,5170.599117028569
2016-04-21 09:00:00,5108.0,4291.0,5195.0,5181.60546875,5183.4351589455555
2016-04-21 10:00:00,5085.0,4291.0,5143.0,5205.11328125,5174.224391650439
2016-04-21 11:00:00,5183.0,4291.0,5135.0,5224.00146484375,5189.6551392906495
2016-04-21 12:00:00,5162.0,4291.0,5118.0,5210.42431640625,5160.874409117074
2016-04-21 13:00:00,5155.0,4291.0,5091.0,5175.20068359375,5127.451534049843
2016-04-21 14:00:00,5156.0,4291.0,5045.0,5172.05029296875,5108.250862797043
2016-04-21 15:00:00,5132.0,4291.0,4957.0,5114.07763671875,5053.488635719434
2016-04-21 16:00:00,5188.0,4291.0,4894.0,5063.7919921875,4986.31402641079
2016-04-21 17:00:00,5144.0,4291.0,4902.0,5044.26123046875,4978.385664660855
2016-04-21 18:00:00,5154.0,4291.0,4916.0,5038.27880859375,4983.06201758021
2016-04-21 19:00:00,5201.0,4291.0,4945.0,5018.39697265625,4998.33615433139
2016-04-21 20:00:00,5185.0,4291.0,5051.0,5061.80517578125,5081.142803915356
2016-04-21 21:00:00,5447.0,4291.0,5230.0,5236.06494140625,5281.705642679692
2016-04-21 22:00:00,5208.0,4291.0,5035.0,5107.92236328125,5161.178775432719
2016-04-21 23:00:00,4826.0,4291.0,4651.0,4762.15185546875,4780.7508240037905
2016-04-22 00:00:00,4308.0,4291.0,4291.0,4382.66943359375,4413.227736756844
2016-04-22 01:00:00,4074.0,4291.0,4016.0,4125.650390625,4157.193247893441
2016-04-22 02:00:00,3946.0,4291.0,3922.0,3990.455810546875,4041.019068326999
2016-04-22 03:00:00,3855.0,4291.0,3858.0,3952.997314453125,4008.715648611471
2016-04-22 04:00:00,3849.0,4291.0,3785.0,3941.444580078125,4021.46727267205
2016-04-22 05:00:00,3984.0,4291.0,3847.0,4027.72412109375,4106.248201765044
2016-04-22 06:00:00,4229.0,4291.0,4018.0,4334.5322265625,4375.676992779959
2016-04-22 07:00:00,4692.0,4291.0,4337.0,4786.3408203125,4825.330089700241
2016-04-22 08:00:00,4897.0,4291.0,4563.0,5015.5283203125,5046.1763484641215
2016-04-22 09:00:00,4945.0,4291.0,4729.0,5047.7978515625,5088.175176364624
2016-04-22 10:00:00,5029.0,4291.0,4900.0,5067.34423828125,5102.557186655358
2016-04-22 11:00:00,5076.0,4291.0,5013.0,5089.2822265625,5107.966187657271
2016-04-22 12:00:00,5090.0,4291.0,5089.0,5076.8095703125,5084.1177744992965
2016-04-22 13:00:00,5036.0,4291.0,4996.0,5057.78173828125,5042.410124852327
2016-04-22 14:00:00,5077.0,4291.0,4920.0,5049.37158203125,4987.586686148384
2016-04-22 15:00:00,5017.0,4291.0,4924.0,4995.2021484375,4919.579531889181
2016-04-22 16:00:00,4979.0,4291.0,4856.0,4945.00732421875,4861.537031073123
2016-04-22 17:00:00,4987.0,4291.0,4830.0,4901.03662109375,4815.635942846629
2016-04-22 18:00:00,4951.0,4291.0,4889.0,4871.84716796875,4780.264309622059
2016-04-22 19:00:00,4902.0,4291.0,4911.0,4827.09912109375,4768.0502889581385
2016-04-22 20:00:00,4857.0,4291.0,5056.0,4867.53759765625,4829.642372855822
2016-04-22 21:00:00,4974.0,4291.0,5164.0,5030.14306640625,4986.747444269271
2016-04-22 22:00:00,4831.0,4291.0,5041.0,4949.810546875,4911.6513088016
2016-04-22 23:00:00,4543.0,4291.0,4846.0,4661.4697265625,4603.991782503084
2016-04-23 00:00:00,4212.0,4291.0,4571.0,4314.02392578125,4260.784946347077
2016-04-23 01:00:00,4000.0,4291.0,4361.0,4028.123779296875,4006.914762020954
2016-04-23 02:00:00,3849.0,4291.0,4255.0,3874.60107421875,3870.245590077314
2016-04-23 03:00:00,3774.0,4291.0,4279.0,3802.837158203125,3821.9670131237194
2016-04-23 04:00:00,3730.0,4291.0,4323.0,3752.56201171875,3801.019398389416
2016-04-23 05:00:00,3709.0,4291.0,4398.0,3802.819091796875,3818.740353860675
2016-04-23 06:00:00,3827.0,4291.0,4566.0,3886.8134765625,3919.2309938393764
2016-04-23 07:00:00,3942.0,4291.0,4802.0,4032.973876953125,4068.676114453315
2016-04-23 08:00:00,4142.0,4291.0,4976.0,4254.8154296875,4293.233612559825
2016-04-23 09:00:00,4404.0,4291.0,5171.0,4505.69384765625,4519.162970410956
2016-04-23 10:00:00,4557.0,4291.0,5189.0,4671.619140625,4658.174240980172
2016-04-23 11:00:00,4596.0,4291.0,5125.0,4744.40576171875,4706.904777737469
2016-04-23 12:00:00,4669.0,4291.0,4940.0,4713.27587890625,4688.509753903947
2016-04-23 13:00:00,4609.0,4291.0,4771.0,4648.46142578125,4626.737436812851
2016-04-23 14:00:00,4518.0,4291.0,4635.0,4563.73095703125,4555.797577931524
2016-04-23 15:00:00,4422.0,4291.0,4447.0,4513.92431640625,4475.2253546679385
2016-04-23 16:00:00,4424.0,4291.0,4438.0,4469.546875,4429.1326412674525
2016-04-23 17:00:00,4430.0,4291.0,4345.0,4451.52392578125,4432.987428784792
2016-04-23 18:00:00,4409.0,4291.0,4339.0,4451.4208984375,4441.669591490636
2016-04-23 19:00:00,4457.0,4291.0,4432.0,4436.04150390625,4436.414455422879
2016-04-23 20:00:00,4476.0,4291.0,4629.0,4513.34716796875,4497.929621801633
2016-04-23 21:00:00,4654.0,4291.0,4846.0,4719.28955078125,4702.260229984238
2016-04-23 22:00:00,4568.0,4291.0,4783.0,4661.11181640625,4704.189976166917
2016-04-23 23:00:00,4363.0,4291.0,4547.0,4384.7177734375,4447.217387902056
2016-04-24 00:00:00,4107.0,4291.0,4332.0,4089.437744140625,4137.256519759761
2016-04-24 01:00:00,3916.0,4291.0,4149.0,3847.665283203125,3900.8051135472924
2016-04-24 02:00:00,3796.0,4291.0,3986.0,3679.455810546875,3770.2899183670615
2016-04-24 03:00:00,3749.0,4291.0,4014.0,3565.089599609375,3710.1804403983683
2016-04-24 04:00:00,3743.0,4291.0,4054.0,3515.421630859375,3679.5341141111967
2016-04-24 05:00:00,3815.0,4291.0,4087.0,3508.849853515625,3673.8861493011264
2016-04-24 06:00:00,3923.0,4291.0,4231.0,3557.559814453125,3711.6146044570805
2016-04-24 07:00:00,4043.0,4291.0,4446.0,3620.489013671875,3822.2605331565246
2016-04-24 08:00:00,4177.0,4291.0,4653.0,3836.9140625,4007.9695218202705
2016-04-24 09:00:00,4312.0,4291.0,4842.0,4133.662109375,4237.75917215246
2016-04-24 10:00:00,4369.0,4291.0,4923.0,4354.0166015625,4411.274217068415
2016-04-24 11:00:00,4406.0,4291.0,4829.0,4445.89599609375,4466.668540823234
2016-04-24 12:00:00,4354.0,4291.0,4722.0,4460.005859375,4453.618019490375
2016-04-24 13:00:00,4343.0,4291.0,4574.0,4451.65625,4432.570604206465
2016-04-24 14:00:00,4278.0,4291.0,4420.0,4420.998046875,4383.823866781712
2016-04-24 15:00:00,4221.0,4291.0,4349.0,4385.14697265625,4304.8879820833645
2016-04-24 16:00:00,4227.0,4291.0,4287.0,4363.17041015625,4297.387680476883
2016-04-24 17:00:00,4326.0,4291.0,4298.0,4392.47314453125,4298.79381312416
2016-04-24 18:00:00,4457.0,4291.0,4189.0,4441.28369140625,4361.376594019938
2016-04-24 19:00:00,4542.0,4291.0,4366.0,4490.2353515625,4391.9526376917065
2016-04-24 20:00:00,4581.0,4291.0,4513.0,4625.875,4490.406890596878
2016-04-24 21:00:00,4828.0,4291.0,4728.0,4874.17578125,4735.440460378881
2016-04-24 22:00:00,4740.0,4291.0,4637.0,4792.48388671875,4691.669004524123
2016-04-24 23:00:00,4408.0,4291.0,4381.0,4484.97998046875,4419.648510300951
2016-04-25 00:00:00,4072.0,4291.0,4158.0,4167.21875,4125.668883144867
2016-04-25 01:00:00,3907.0,4291.0,4010.0,3943.0625,3930.9038178906167
2016-04-25 02:00:00,3795.0,4291.0,3943.0,3855.1015625,3840.3352546280685
2016-04-25 03:00:00,3762.0,4291.0,3966.0,3805.365966796875,3800.6291537348484
2016-04-25 04:00:00,3851.0,4291.0,4018.0,3797.1396484375,3786.86614134712
2016-04-25 05:00:00,3956.0,4291.0,4096.0,3920.23974609375,3900.986230317726
2016-04-25 06:00:00,4288.0,4291.0,4297.0,4246.5400390625,4220.604417316867
2016-04-25 07:00:00,4782.0,4291.0,4728.0,4757.62060546875,4737.223473521213
2016-04-25 08:00:00,4984.0,4291.0,4982.0,5037.1640625,5028.864046157124
2016-04-25 09:00:00,4987.0,4291.0,5128.0,5087.23095703125,5111.798244639915
2016-04-25 10:00:00,5009.0,4291.0,5229.0,5130.29345703125,5158.773707241766
2016-04-25 11:00:00,5010.0,4291.0,5252.0,5181.4716796875,5204.39897771409
2016-04-25 12:00:00,5075.0,4291.0,5305.0,5210.71728515625,5205.939220877244
2016-04-25 13:00:00,5063.0,4291.0,5244.0,5189.33203125,5189.563243105275
2016-04-25 14:00:00,5131.0,4291.0,5263.0,5165.26708984375,5175.4217475121995
2016-04-25 15:00:00,5228.0,4291.0,5208.0,5121.54638671875,5137.724110603245
2016-04-25 16:00:00,5258.0,4291.0,5182.0,5100.07275390625,5120.494852248461
2016-04-25 17:00:00,5289.0,4291.0,5182.0,5096.353515625,5128.74236979672
2016-04-25 18:00:00,5290.0,4291.0,5271.0,5099.78173828125,5144.358080145031
2016-04-25 19:00:00,5294.0,4291.0,5383.0,5103.61474609375,5152.0126772360445
2016-04-25 20:00:00,5340.0,4291.0,5604.0,5173.5595703125,5211.358357073956
2016-04-25 21:00:00,5513.0,4291.0,5652.0,5373.109375,5400.1434560784
2016-04-25 22:00:00,5378.0,4291.0,5437.0,5271.35107421875,5290.969287247667
2016-04-25 23:00:00,4881.0,4291.0,5130.0,4853.1298828125,4884.823990629365
2016-04-26 00:00:00,4554.0,4291.0,4846.0,4458.37548828125,4488.688055988394
2016-04-26 01:00:00,4253.0,4291.0,4651.0,4191.37890625,4223.1671909902925
2016-04-26 02:00:00,4040.0,4291.0,4518.0,4037.638671875,4084.231597581735
2016-04-26 03:00:00,3987.0,4291.0,4506.0,3981.46630859375,4010.582711490324
2016-04-26 04:00:00,3904.0,4291.0,4532.0,3971.71826171875,4003.0159739240125
2016-04-26 05:00:00,3973.0,4291.0,4625.0,4067.854248046875,4106.106471813353
2016-04-26 06:00:00,4266.0,4291.0,4903.0,4387.60009765625,4389.314050841205
2016-04-26 07:00:00,4720.0,4291.0,5410.0,4874.443359375,4929.60200162787
2016-04-26 08:00:00,4942.0,4291.0,5644.0,5113.0537109375,5169.980380929978
2016-04-26 09:00:00,4998.0,4291.0,5582.0,5126.23291015625,5196.711800426317
2016-04-26 10:00:00,5050.0,4291.0,5573.0,5137.96337890625,5203.788918482265
2016-04-26 11:00:00,5109.0,4291.0,5528.0,5162.02685546875,5235.566193925576
2016-04-26 12:00:00,5150.0,4291.0,5423.0,5161.1181640625,5236.615032404226
2016-04-26 13:00:00,5175.0,4291.0,5369.0,5140.37255859375,5230.704002654699
2016-04-26 14:00:00,5277.0,4291.0,5219.0,5130.80810546875,5220.6173541038515
2016-04-26 15:00:00,5354.0,4291.0,5113.0,5089.083984375,5180.235522133769
2016-04-26 16:00:00,5439.0,4291.0,5054.0,5054.16162109375,5147.993391632566
2016-04-26 17:00:00,5483.0,4291.0,4992.0,5063.51123046875,5142.182969086455
2016-04-26 18:00:00,5452.0,4291.0,4982.0,5071.89013671875,5144.732281473922
2016-04-26 19:00:00,5466.0,4291.0,5095.0,5072.44775390625,5151.864943056141
2016-04-26 20:00:00,5424.0,4291.0,5314.0,5149.41845703125,5220.496490958373
2016-04-26 21:00:00,5583.0,4291.0,5568.0,5387.5595703125,5438.45412388129
2016-04-26 22:00:00,5348.0,4291.0,5475.0,5286.466796875,5304.417981734746
2016-04-26 23:00:00,4949.0,4291.0,5161.0,4900.64111328125,4892.785285389848
2016-04-27 00:00:00,4542.0,4291.0,4895.0,4492.44482421875,4495.747004440967
2016-04-27 01:00:00,4268.0,4291.0,4724.0,4231.431640625,4231.432427353124
2016-04-27 02:00:00,4053.0,4291.0,4687.0,4090.597900390625,4094.9631222572716
2016-04-27 03:00:00,3985.0,4291.0,4804.0,4039.312744140625,4015.7573153999683
2016-04-27 04:00:00,3992.0,4291.0,4890.0,4038.17919921875,4008.290541026199
2016-04-27 05:00:00,4037.0,4291.0,5088.0,4137.07763671875,4103.000291312537
2016-04-27 06:00:00,4317.0,4291.0,5431.0,4494.2333984375,4382.231310285082
2016-04-27 07:00:00,4778.0,4291.0,5990.0,4995.83447265625,4856.6958705148145
2016-04-27 08:00:00,5005.0,4291.0,6264.0,5207.552734375,5077.714122474039
2016-04-27 09:00:00,5015.0,4291.0,6068.0,5220.29736328125,5116.864924775358
2016-04-27 10:00:00,5110.0,4291.0,5803.0,5226.43994140625,5147.371887050721
2016-04-27 11:00:00,5192.0,4291.0,5562.0,5240.0029296875,5185.2300049988535
2016-04-27 12:00:00,5185.0,4291.0,5442.0,5229.494140625,5186.198910414211
2016-04-27 13:00:00,5201.0,4291.0,5305.0,5194.75634765625,5180.0429309502015
2016-04-27 14:00:00,5129.0,4291.0,5162.0,5181.00537109375,5171.619201915196
2016-04-27 15:00:00,5057.0,4291.0,5052.0,5136.92626953125,5117.481909060772
2016-04-27 16:00:00,5027.0,4291.0,4959.0,5102.486328125,5083.3443380980725
2016-04-27 17:00:00,5093.0,4291.0,4949.0,5081.46533203125,5065.504759734996
2016-04-27 18:00:00,5092.0,4291.0,4924.0,5067.9072265625,5053.803880728134
2016-04-27 19:00:00,5070.0,4291.0,5019.0,5050.1201171875,5061.285848193916
2016-04-27 20:00:00,5101.0,4291.0,5147.0,5094.48681640625,5133.369431029991
2016-04-27 21:00:00,5292.0,4291.0,5410.0,5281.60888671875,5336.711705709664
2016-04-27 22:00:00,5141.0,4291.0,5232.0,5212.53271484375,5243.711021435625
2016-04-27 23:00:00,4723.0,4291.0,4787.0,4856.5048828125,4882.533789008007
2016-04-28 00:00:00,4371.0,4291.0,4522.0,4459.01025390625,4487.918308110874
2016-04-28 01:00:00,4199.0,4291.0,4326.0,4207.1142578125,4236.481232572044
2016-04-28 02:00:00,4042.0,4291.0,4183.0,4072.32568359375,4112.928773764321
2016-04-28 03:00:00,3938.0,4291.0,4211.0,4017.55078125,4076.163468249152
2016-04-28 04:00:00,3911.0,4291.0,4210.0,4035.507080078125,4081.0409220168594
2016-04-28 05:00:00,4017.0,4291.0,4234.0,4125.7412109375,4186.985211283344
2016-04-28 06:00:00,4321.0,4291.0,4574.0,4439.87255859375,4465.170743199682
2016-04-28 07:00:00,4808.0,4291.0,5039.0,4929.96728515625,4947.417977086964
2016-04-28 08:00:00,5060.0,4291.0,5180.0,5167.27490234375,5167.004679805785
2016-04-28 09:00:00,5129.0,4291.0,5195.0,5187.6845703125,5192.041893266001
2016-04-28 10:00:00,5195.0,4291.0,5143.0,5209.24560546875,5181.424612515221
2016-04-28 11:00:00,5242.0,4291.0,5135.0,5231.3056640625,5196.419079463964
2016-04-28 12:00:00,5252.0,4291.0,5118.0,5233.392578125,5172.289834884705
2016-04-28 13:00:00,5279.0,4291.0,5091.0,5208.89013671875,5148.712813888222
2016-04-28 14:00:00,5279.0,4291.0,5045.0,5198.05419921875,5122.910412194617
2016-04-28 15:00:00,5226.0,4291.0,4957.0,5157.9912109375,5071.518851022942
2016-04-28 16:00:00,5274.0,4291.0,4894.0,5123.5849609375,5026.849536035099
2016-04-28 17:00:00,5251.0,4291.0,4902.0,5118.3193359375,4990.519346220426
2016-04-28 18:00:00,5308.0,4291.0,4916.0,5112.46923828125,4979.243561343139
2016-04-28 19:00:00,5343.0,4291.0,4945.0,5081.52294921875,4994.455128914561
2016-04-28 20:00:00,5350.0,4291.0,5051.0,5117.66357421875,5057.593312473481
2016-04-28 21:00:00,5400.0,4291.0,5230.0,5285.92041015625,5262.372371710318
2016-04-28 22:00:00,5268.0,4291.0,5035.0,5215.11962890625,5177.195615474162
2016-04-28 23:00:00,4903.0,4291.0,4651.0,4858.91796875,4802.740976376925
2016-04-29 00:00:00,4609.0,4291.0,4291.0,4452.54931640625,4428.313125371782
2016-04-29 01:00:00,4388.0,4291.0,4016.0,4183.701171875,4175.0599759077595
2016-04-29 02:00:00,4223.0,4291.0,3922.0,4039.406005859375,4043.49336719848
2016-04-29 03:00:00,4116.0,4291.0,3858.0,3975.02685546875,4011.755535868916
2016-04-29 04:00:00,4144.0,4291.0,3785.0,3963.569580078125,4021.9305005434385
2016-04-29 05:00:00,4258.0,4291.0,3847.0,4042.066162109375,4106.687012222987
2016-04-29 06:00:00,4565.0,4291.0,4018.0,4331.0107421875,4405.719421062984
2016-04-29 07:00:00,5009.0,4291.0,4337.0,4768.01318359375,4884.644645957925
2016-04-29 08:00:00,5203.0,4291.0,4563.0,5014.396484375,5108.093941488292
2016-04-29 09:00:00,5323.0,4291.0,4729.0,5058.353515625,5160.537295352049
2016-04-29 10:00:00,5238.0,4291.0,4900.0,5101.44775390625,5166.379078051381
2016-04-29 11:00:00,5286.0,4291.0,5013.0,5123.77099609375,5182.905626791496
2016-04-29 12:00:00,5293.0,4291.0,5089.0,5121.55859375,5161.3939381034825
2016-04-29 13:00:00,5228.0,4291.0,4996.0,5094.00927734375,5125.091934001364
2016-04-29 14:00:00,5205.0,4291.0,4920.0,5060.6923828125,5090.403001454898
2016-04-29 15:00:00,5177.0,4291.0,4924.0,5014.09716796875,5021.308072261148
2016-04-29 16:00:00,5072.0,4291.0,4856.0,4976.77197265625,4949.563283079977
2016-04-29 17:00:00,5078.0,4291.0,4830.0,4956.94189453125,4915.184244985154
2016-04-29 18:00:00,5065.0,4291.0,4889.0,4922.90283203125,4896.547733534784
2016-04-29 19:00:00,4977.0,4291.0,4911.0,4868.8544921875,4869.294699359907
2016-04-29 20:00:00,4990.0,4291.0,5056.0,4869.228515625,4881.728270678602
2016-04-29 21:00:00,5093.0,4291.0,5164.0,5007.28955078125,5042.1971425608945
2016-04-29 22:00:00,4986.0,4291.0,5041.0,4939.4814453125,4948.015190920202
2016-04-29 23:00:00,4654.0,4291.0,4846.0,4651.1416015625,4632.392287525489
2016-04-30 00:00:00,4359.0,4291.0,4571.0,4314.62109375,4297.244990437772
2016-04-30 01:00:00,4124.0,4291.0,4361.0,4027.504638671875,4008.5467193611285
2016-04-30 02:00:00,4072.0,4291.0,4255.0,3874.06884765625,3862.363664089312
2016-04-30 03:00:00,4008.0,4291.0,4279.0,3798.505615234375,3813.7137490536243
2016-04-30 04:00:00,3954.0,4291.0,4323.0,3745.4814453125,3788.466873967231
2016-04-30 05:00:00,3960.0,4291.0,4398.0,3739.36669921875,3808.3080559884147
2016-04-30 06:00:00,4059.0,4291.0,4566.0,3818.717529296875,3878.6059602040023
2016-04-30 07:00:00,4165.0,4291.0,4802.0,3980.7138671875,4020.7655089794634
2016-04-30 08:00:00,4332.0,4291.0,4976.0,4194.2724609375,4216.7459698632465
2016-04-30 09:00:00,4545.0,4291.0,5171.0,4429.86279296875,4509.917062217417
2016-04-30 10:00:00,4674.0,4291.0,5189.0,4620.45849609375,4663.693202963106
2016-04-30 11:00:00,4727.0,4291.0,5125.0,4694.36865234375,4736.552362255556
2016-04-30 12:00:00,4682.0,4291.0,4940.0,4705.7568359375,4731.686386859605
2016-04-30 13:00:00,4673.0,4291.0,4771.0,4668.515625,4687.803067091402
2016-04-30 14:00:00,4531.0,4291.0,4635.0,4613.8046875,4621.639962079112
2016-04-30 15:00:00,4469.0,4291.0,4447.0,4557.28271484375,4508.324575772563
2016-04-30 16:00:00,4383.0,4291.0,4438.0,4526.0732421875,4453.308424291518
2016-04-30 17:00:00,4386.0,4291.0,4345.0,4517.12353515625,4439.042162590041
2016-04-30 18:00:00,4471.0,4291.0,4339.0,4525.38818359375,4456.052584834615
2016-04-30 19:00:00,4518.0,4291.0,4432.0,4509.8798828125,4458.983626494205
2016-04-30 20:00:00,4564.0,4291.0,4629.0,4548.7919921875,4509.889049307758
2016-04-30 21:00:00,4678.0,4291.0,4846.0,4751.73388671875,4700.69209577846
2016-04-30 22:00:00,4587.0,4291.0,4783.0,4699.86669921875,4712.553306854729
2016-04-30 23:00:00,4342.0,4291.0,4547.0,4429.49267578125,4444.227835073603
2016-05-01 00:00:00,4098.0,4291.0,4332.0,4104.48095703125,4130.539137903918
2016-05-01 01:00:00,3905.0,4291.0,4149.0,3840.24951171875,3896.9122041570863
2016-05-01 02:00:00,3796.0,4291.0,3986.0,3668.19384765625,3726.451777738933
2016-05-01 03:00:00,3709.0,4291.0,4014.0,3555.18310546875,3648.8184812588324
2016-05-01 04:00:00,3663.0,4291.0,4054.0,3495.945068359375,3614.8936750487037
2016-05-01 05:00:00,3650.0,4291.0,4087.0,3482.97216796875,3659.5404859043383
2016-05-01 06:00:00,3700.0,4291.0,4231.0,3543.847412109375,3704.1494052601383
2016-05-01 07:00:00,3811.0,4291.0,4446.0,3587.785888671875,3815.3154853704373
2016-05-01 08:00:00,3952.0,4291.0,4653.0,3836.2890625,4007.0984548592996
2016-05-01 09:00:00,4211.0,4291.0,4842.0,4138.79345703125,4240.8672421379815
2016-05-01 10:00:00,4412.0,4291.0,4923.0,4358.01220703125,4419.143498455734
2016-05-01 11:00:00,4495.0,4291.0,4829.0,4437.8232421875,4478.4916271344455
2016-05-01 12:00:00,4515.0,4291.0,4722.0,4449.8427734375,4473.882020092967
2016-05-01 13:00:00,4535.0,4291.0,4574.0,4453.3876953125,4470.836270557866
2016-05-01 14:00:00,4507.0,4291.0,4420.0,4431.32080078125,4433.812749116231
2016-05-01 15:00:00,4489.0,4291.0,4349.0,4417.037109375,4380.646532936897
2016-05-01 16:00:00,4507.0,4291.0,4287.0,4411.4423828125,4366.83277580777
2016-05-01 17:00:00,4595.0,4291.0,4298.0,4450.80322265625,4403.132094223962
2016-05-01 18:00:00,4689.0,4291.0,4189.0,4487.21484375,4468.794603468125
2016-05-01 19:00:00,4744.0,4291.0,4366.0,4517.34521484375,4503.254282423761
2016-05-01 20:00:00,4790.0,4291.0,4513.0,4602.13671875,4562.866107376858
2016-05-01 21:00:00,4907.0,4291.0,4728.0,4826.72802734375,4801.64164647845
2016-05-01 22:00:00,4791.0,4291.0,4637.0,4769.88427734375,4773.132042010765
2016-05-01 23:00:00,4493.0,4291.0,4381.0,4472.41650390625,4500.790989076203
2016-05-02 00:00:00,4170.0,4291.0,4158.0,4163.71826171875,4203.609903505599
2016-05-02 01:00:00,3966.0,4291.0,4010.0,3936.158935546875,4001.8205186198247
2016-05-02 02:00:00,3905.0,4291.0,3943.0,3852.761474609375,3917.0352439322037
2016-05-02 03:00:00,3855.0,4291.0,3966.0,3797.678466796875,3884.8082830815356
2016-05-02 04:00:00,3851.0,4291.0,4018.0,3789.863037109375,3897.3608775894263
2016-05-02 05:00:00,3988.0,4291.0,4096.0,3913.76171875,4009.3240420702928
2016-05-02 06:00:00,4291.0,4291.0,4297.0,4238.12744140625,4330.0241193003385
2016-05-02 07:00:00,4731.0,4291.0,4728.0,4747.1123046875,4844.765395765976
2016-05-02 08:00:00,4879.0,4291.0,4982.0,5031.61376953125,5109.104886949988
2016-05-02 09:00:00,4998.0,4291.0,5128.0,5076.078125,5191.799464511163
2016-05-02 10:00:00,5061.0,4291.0,5229.0,5142.29443359375,5217.947970379872
2016-05-02 11:00:00,5160.0,4291.0,5252.0,5207.15673828125,5252.44580507233
2016-05-02 12:00:00,5263.0,4291.0,5305.0,5252.771484375,5264.690102838138
2016-05-02 13:00:00,5243.0,4291.0,5244.0,5235.4443359375,5259.2119917091295
2016-05-02 14:00:00,5301.0,4291.0,5263.0,5216.12451171875,5257.409688083355
2016-05-02 15:00:00,5315.0,4291.0,5208.0,5173.6005859375,5227.598403772263
2016-05-02 16:00:00,5254.0,4291.0,5182.0,5133.646484375,5205.591449328605
2016-05-02 17:00:00,5289.0,4291.0,5182.0,5135.97705078125,5196.073494685279
2016-05-02 18:00:00,5287.0,4291.0,5271.0,5139.935546875,5183.894220446913
2016-05-02 19:00:00,5344.0,4291.0,5383.0,5144.8720703125,5179.830306611492
2016-05-02 20:00:00,5469.0,4291.0,5604.0,5203.6533203125,5228.323640602111
2016-05-02 21:00:00,5562.0,4291.0,5652.0,5403.14599609375,5414.978880709931
2016-05-02 22:00:00,5231.0,4291.0,5437.0,5299.94384765625,5300.155835999728
2016-05-02 23:00:00,4895.0,4291.0,5130.0,4899.7880859375,4883.134833523104
2016-05-03 00:00:00,4517.0,4291.0,4846.0,4493.857421875,4486.278099152384
2016-05-03 01:00:00,4201.0,4291.0,4651.0,4203.79248046875,4221.594388991233
2016-05-03 02:00:00,4039.0,4291.0,4518.0,4052.30810546875,4085.9862128007917
2016-05-03 03:00:00,3967.0,4291.0,4506.0,3990.648193359375,4011.568969704208
2016-05-03 04:00:00,3923.0,4291.0,4532.0,3995.296875,4000.223545704535
2016-05-03 05:00:00,4049.0,4291.0,4625.0,4090.712890625,4104.3009943011075
2016-05-03 06:00:00,4265.0,4291.0,4903.0,4395.46533203125,4386.48400160169
2016-05-03 07:00:00,4742.0,4291.0,5410.0,4887.79638671875,4864.55038721268
2016-05-03 08:00:00,4967.0,4291.0,5644.0,5126.857421875,5101.630840200791
2016-05-03 09:00:00,5057.0,4291.0,5582.0,5169.1103515625,5147.980544505642
2016-05-03 10:00:00,5121.0,4291.0,5573.0,5193.04541015625,5185.894267916659
2016-05-03 11:00:00,5136.0,4291.0,5528.0,5227.232421875,5237.722537399823
2016-05-03 12:00:00,5138.0,4291.0,5423.0,5243.2314453125,5245.674154649002
2016-05-03 13:00:00,5167.0,4291.0,5369.0,5231.50146484375,5268.641014803215
2016-05-03 14:00:00,5219.0,4291.0,5219.0,5237.10791015625,5266.696453084872
2016-05-03 15:00:00,5048.0,4291.0,5113.0,5208.37548828125,5228.270596950909
2016-05-03 16:00:00,5137.0,4291.0,5054.0,5182.88916015625,5205.933398725928
2016-05-03 17:00:00,5131.0,4291.0,4992.0,5181.69970703125,5196.344931482443
2016-05-03 18:00:00,5118.0,4291.0,4982.0,5182.1767578125,5182.439613806875
2016-05-03 19:00:00,5075.0,4291.0,5095.0,5169.076171875,5176.722466896479
2016-05-03 20:00:00,5112.0,4291.0,5314.0,5198.62353515625,5234.001072311682
2016-05-03 21:00:00,5253.0,4291.0,5568.0,5378.5439453125,5434.207613138832
2016-05-03 22:00:00,5118.0,4291.0,5475.0,5293.93115234375,5314.962272982539
2016-05-03 23:00:00,4715.0,4291.0,5161.0,4907.69287109375,4933.375745800923
2016-05-04 00:00:00,4392.0,4291.0,4895.0,4499.75537109375,4533.454503672289
2016-05-04 01:00:00,4120.0,4291.0,4724.0,4210.11669921875,4249.71288414622
2016-05-04 02:00:00,4045.0,4291.0,4687.0,4052.9970703125,4105.450114274365
2016-05-04 03:00:00,3945.0,4291.0,4804.0,3984.46728515625,4029.85091031729
2016-05-04 04:00:00,3963.0,4291.0,4890.0,3961.863037109375,4005.707059029849
2016-05-04 05:00:00,4031.0,4291.0,5088.0,4053.18017578125,4103.049535733338
2016-05-04 06:00:00,4290.0,4291.0,5431.0,4346.67822265625,4381.213902765841
2016-05-04 07:00:00,4783.0,4291.0,5990.0,4826.83544921875,4855.2796591151155
2016-05-04 08:00:00,5000.0,4291.0,6264.0,5070.21923828125,5075.147928171009
2016-05-04 09:00:00,5063.0,4291.0,6068.0,5097.60498046875,5116.687316620382
2016-05-04 10:00:00,5040.0,4291.0,5803.0,5150.865234375,5159.690361099601
2016-05-04 11:00:00,5162.0,4291.0,5562.0,5215.10986328125,5207.83359850454
2016-05-04 12:00:00,5139.0,4291.0,5442.0,5254.708984375,5205.052144126519
2016-05-04 13:00:00,5122.0,4291.0,5305.0,5243.3310546875,5195.756800204156
2016-05-04 14:00:00,5101.0,4291.0,5162.0,5243.091796875,5178.455740359837
2016-05-04 15:00:00,5085.0,4291.0,5052.0,5214.2958984375,5135.488219984206
2016-05-04 16:00:00,5076.0,4291.0,4959.0,5202.87255859375,5098.611434319741
2016-05-04 17:00:00,5008.0,4291.0,4949.0,5210.27392578125,5084.758833307748
2016-05-04 18:00:00,4998.0,4291.0,4924.0,5215.408203125,5073.762124049774
2016-05-04 19:00:00,5008.0,4291.0,5019.0,5212.484375,5066.395787339974
2016-05-04 20:00:00,5110.0,4291.0,5147.0,5254.0595703125,5129.313642792712
2016-05-04 21:00:00,5266.0,4291.0,5410.0,5406.12451171875,5339.399600585335
2016-05-04 22:00:00,5191.0,4291.0,5232.0,5312.91162109375,5252.934762287853
2016-05-04 23:00:00,4845.0,4291.0,4787.0,4890.55908203125,4877.1875626150595
2016-05-05 00:00:00,4500.0,4291.0,4522.0,4482.8076171875,4482.598264899457
2016-05-05 01:00:00,4322.0,4291.0,4326.0,4189.732421875,4210.777587526832
2016-05-05 02:00:00,4139.0,4291.0,4183.0,4024.285400390625,4078.712588624152
2016-05-05 03:00:00,4121.0,4291.0,4211.0,3965.164306640625,4022.1835603945237
2016-05-05 04:00:00,4114.0,4291.0,4210.0,3956.033935546875,4015.964320188262
2016-05-05 05:00:00,4201.0,4291.0,4234.0,4031.42138671875,4114.447686184098
2016-05-05 06:00:00,4497.0,4291.0,4574.0,4343.80419921875,4421.109595778373
2016-05-05 07:00:00,4952.0,4291.0,5039.0,4821.22509765625,4924.935169924983
2016-05-05 08:00:00,5198.0,4291.0,5180.0,5052.73046875,5166.703886342804
2016-05-05 09:00:00,5214.0,4291.0,5195.0,5084.736328125,5200.46518761293
2016-05-05 10:00:00,5217.0,4291.0,5143.0,5140.2294921875,5198.28194067692
2016-05-05 11:00:00,5262.0,4291.0,5135.0,5223.10693359375,5214.04283176179
2016-05-05 12:00:00,5318.0,4291.0,5118.0,5286.7998046875,5208.411065464599
2016-05-05 13:00:00,5320.0,4291.0,5091.0,5309.11328125,5188.60901786606
2016-05-05 14:00:00,5278.0,4291.0,5045.0,5321.8515625,5166.9708372950545
2016-05-05 15:00:00,5271.0,4291.0,4957.0,5284.841796875,5117.513325689594
2016-05-05 16:00:00,5189.0,4291.0,4894.0,5265.7978515625,5087.416783041679
2016-05-05 17:00:00,5188.0,4291.0,4902.0,5269.2607421875,5073.012142715329
2016-05-05 18:00:00,5152.0,4291.0,4916.0,5254.70166015625,5050.647505890744
2016-05-05 19:00:00,5207.0,4291.0,4945.0,5227.146484375,5031.687717186935
2016-05-05 20:00:00,5212.0,4291.0,5051.0,5247.25927734375,5075.459026437764
2016-05-05 21:00:00,5397.0,4291.0,5230.0,5372.07958984375,5243.995061421299
2016-05-05 22:00:00,5276.0,4291.0,5035.0,5297.861328125,5194.125725275392
2016-05-05 23:00:00,4912.0,4291.0,4651.0,4894.64111328125,4809.087884915714
2016-05-06 00:00:00,4518.0,4291.0,4291.0,4478.85546875,4422.093027970843
2016-05-06 01:00:00,4313.0,4291.0,4016.0,4176.583984375,4146.253251868582
2016-05-06 02:00:00,4242.0,4291.0,3922.0,4014.92529296875,4019.8514005675815
2016-05-06 03:00:00,4136.0,4291.0,3858.0,3930.1162109375,3955.126256608637
2016-05-06 04:00:00,4165.0,4291.0,3785.0,3897.892578125,3951.241369143464
2016-05-06 05:00:00,4243.0,4291.0,3847.0,3957.37353515625,4034.039660022838
2016-05-06 06:00:00,4549.0,4291.0,4018.0,4208.27197265625,4283.255485708045
2016-05-06 07:00:00,4933.0,4291.0,4337.0,4646.36572265625,4712.091579900988
2016-05-06 08:00:00,5163.0,4291.0,4563.0,4903.8232421875,4975.0440951430965
2016-05-06 09:00:00,5185.0,4291.0,4729.0,5017.51708984375,5049.807481967437
2016-05-06 10:00:00,5170.0,4291.0,4900.0,5112.76171875,5095.123730450123
2016-05-06 11:00:00,5278.0,4291.0,5013.0,5182.17822265625,5138.451844388064
2016-05-06 12:00:00,5196.0,4291.0,5089.0,5232.81005859375,5147.102908998422
2016-05-06 13:00:00,5204.0,4291.0,4996.0,5251.275390625,5143.948451089253
2016-05-06 14:00:00,5203.0,4291.0,4920.0,5264.0537109375,5126.219124794421
2016-05-06 15:00:00,5127.0,4291.0,4924.0,5219.01220703125,5081.711709012846
2016-05-06 16:00:00,5080.0,4291.0,4856.0,5189.8408203125,5031.346236175675
2016-05-06 17:00:00,5062.0,4291.0,4830.0,5167.810546875,4986.34650971241
2016-05-06 18:00:00,5060.0,4291.0,4889.0,5133.6083984375,4969.290954355486
2016-05-06 19:00:00,4985.0,4291.0,4911.0,5075.38037109375,4933.661416729671
2016-05-06 20:00:00,4947.0,4291.0,5056.0,5063.32958984375,4936.62559298892
2016-05-06 21:00:00,5187.0,4291.0,5164.0,5157.0625,5059.874241058109
2016-05-06 22:00:00,5085.0,4291.0,5041.0,5100.6533203125,5007.600899498173
2016-05-06 23:00:00,4749.0,4291.0,4846.0,4765.05810546875,4683.329598484043
2016-05-07 00:00:00,4489.0,4291.0,4571.0,4377.26708984375,4326.112128952071
2016-05-07 01:00:00,4194.0,4291.0,4361.0,4060.844482421875,4048.0376467602673
2016-05-07 02:00:00,4091.0,4291.0,4255.0,3858.61181640625,3903.9848460457442
2016-05-07 03:00:00,4019.0,4291.0,4279.0,3766.62451171875,3839.064199269816
2016-05-07 04:00:00,3996.0,4291.0,4323.0,3725.18359375,3781.8233859673337
2016-05-07 05:00:00,3996.0,4291.0,4398.0,3719.270263671875,3782.557286826756
2016-05-07 06:00:00,4141.0,4291.0,4566.0,3795.048583984375,3875.4308391932736
2016-05-07 07:00:00,4272.0,4291.0,4802.0,3904.7900390625,4015.869318132113
2016-05-07 08:00:00,4421.0,4291.0,4976.0,4122.75,4213.68632259716
2016-05-07 09:00:00,4614.0,4291.0,5171.0,4375.931640625,4481.584260455238
2016-05-07 10:00:00,4664.0,4291.0,5189.0,4612.74951171875,4655.531827099141
2016-05-07 11:00:00,4665.0,4291.0,5125.0,4750.03515625,4747.881592478256
2016-05-07 12:00:00,4571.0,4291.0,4940.0,4763.21435546875,4747.526679781211
2016-05-07 13:00:00,4517.0,4291.0,4771.0,4722.814453125,4710.959741976508
2016-05-07 14:00:00,4488.0,4291.0,4635.0,4692.296875,4667.170971884013
2016-05-07 15:00:00,4484.0,4291.0,4447.0,4623.59423828125,4596.461448119062
2016-05-07 16:00:00,4440.0,4291.0,4438.0,4596.15966796875,4558.01423978541
2016-05-07 17:00:00,4378.0,4291.0,4345.0,4610.75927734375,4565.879689322712
2016-05-07 18:00:00,4397.0,4291.0,4339.0,4622.82421875,4573.791249997926
2016-05-07 19:00:00,4441.0,4291.0,4432.0,4608.08349609375,4555.854501901872
2016-05-07 20:00:00,4417.0,4291.0,4629.0,4629.0693359375,4577.220449922069
2016-05-07 21:00:00,4588.0,4291.0,4846.0,4756.3134765625,4766.354821726372
2016-05-07 22:00:00,4548.0,4291.0,4783.0,4688.78955078125,4759.297455515632
2016-05-07 23:00:00,4300.0,4291.0,4547.0,4414.81982421875,4487.710785329625
2016-05-08 00:00:00,4023.0,4291.0,4332.0,4079.962890625,4186.127777028625
2016-05-08 01:00:00,3798.0,4291.0,4149.0,3800.152099609375,3908.174008306772
2016-05-08 02:00:00,3673.0,4291.0,3986.0,3639.85400390625,3760.872694826904
2016-05-08 03:00:00,3545.0,4291.0,4014.0,3540.4951171875,3697.2854302442365
2016-05-08 04:00:00,3507.0,4291.0,4054.0,3485.405029296875,3667.3126424129196
2016-05-08 05:00:00,3607.0,4291.0,4087.0,3464.385009765625,3660.738218325151
2016-05-08 06:00:00,3644.0,4291.0,4231.0,3507.88671875,3700.4103183470843
2016-05-08 07:00:00,3716.0,4291.0,4446.0,3548.330078125,3804.6043721090837
2016-05-08 08:00:00,3901.0,4291.0,4653.0,3713.042236328125,3981.3453427997265
2016-05-08 09:00:00,4130.0,4291.0,4842.0,4010.25439453125,4224.8828370087995
2016-05-08 10:00:00,4269.0,4291.0,4923.0,4232.30810546875,4416.924733785096
2016-05-08 11:00:00,4295.0,4291.0,4829.0,4332.01171875,4473.440316496466
2016-05-08 12:00:00,4282.0,4291.0,4722.0,4378.18603515625,4483.927018761402
2016-05-08 13:00:00,4231.0,4291.0,4574.0,4398.58447265625,4479.304469038636
2016-05-08 14:00:00,4232.0,4291.0,4420.0,4390.853515625,4447.342160255316
2016-05-08 15:00:00,4204.0,4291.0,4349.0,4385.99267578125,4399.970526601365
2016-05-08 16:00:00,4154.0,4291.0,4287.0,4380.5791015625,4412.7641703271365
2016-05-08 17:00:00,4198.0,4291.0,4298.0,4423.44189453125,4448.688113689993
2016-05-08 18:00:00,4309.0,4291.0,4189.0,4504.2529296875,4496.246308424311
2016-05-08 19:00:00,4331.0,4291.0,4366.0,4543.51220703125,4517.594849256123
2016-05-08 20:00:00,4407.0,4291.0,4513.0,4609.99951171875,4591.974089390618
2016-05-08 21:00:00,4589.0,4291.0,4728.0,4824.8515625,4813.3709635746745
2016-05-08 22:00:00,4622.0,4291.0,4637.0,4792.708984375,4790.049120747698
2016-05-08 23:00:00,4408.0,4291.0,4381.0,4465.54541015625,4501.920310650692
2016-05-09 00:00:00,4044.0,4291.0,4158.0,4123.28857421875,4207.846560360314
2016-05-09 01:00:00,3875.0,4291.0,4010.0,3906.918212890625,3998.575497743367
2016-05-09 02:00:00,3828.0,4291.0,3943.0,3815.099853515625,3914.2146162983704
2016-05-09 03:00:00,3879.0,4291.0,3966.0,3782.898681640625,3896.7000764615295
2016-05-09 04:00:00,3846.0,4291.0,4018.0,3781.56689453125,3906.8418554285154
2016-05-09 05:00:00,4056.0,4291.0,4096.0,3898.58837890625,4039.4553937235432
2016-05-09 06:00:00,4367.0,4291.0,4297.0,4227.310546875,4337.17847124081
2016-05-09 07:00:00,4734.0,4291.0,4728.0,4714.44580078125,4832.749621755387
2016-05-09 08:00:00,4990.0,4291.0,4982.0,4995.25634765625,5084.245790168576
2016-05-09 09:00:00,5174.0,4291.0,5128.0,5061.0556640625,5175.933490831405
2016-05-09 10:00:00,5152.0,4291.0,5229.0,5136.30517578125,5223.330524807338
2016-05-09 11:00:00,5202.0,4291.0,5252.0,5219.841796875,5277.181331943414
2016-05-09 12:00:00,5225.0,4291.0,5305.0,5271.50341796875,5289.711316885817
2016-05-09 13:00:00,5290.0,4291.0,5244.0,5262.45263671875,5281.202166660478
2016-05-09 14:00:00,5230.0,4291.0,5263.0,5249.8212890625,5270.530414784725
2016-05-09 15:00:00,5123.0,4291.0,5208.0,5211.75439453125,5237.106864441432
2016-05-09 16:00:00,5034.0,4291.0,5182.0,5185.23681640625,5215.4903812039865
2016-05-09 17:00:00,5041.0,4291.0,5182.0,5188.49658203125,5218.8061787103525
2016-05-09 18:00:00,5115.0,4291.0,5271.0,5193.73828125,5215.097723906398
2016-05-09 19:00:00,5110.0,4291.0,5383.0,5184.41015625,5212.21622444258
2016-05-09 20:00:00,5184.0,4291.0,5604.0,5228.962890625,5243.390199048081
2016-05-09 21:00:00,5337.0,4291.0,5652.0,5393.453125,5431.279849199559
2016-05-09 22:00:00,5174.0,4291.0,5437.0,5319.8984375,5316.186816769975
2016-05-09 23:00:00,4794.0,4291.0,5130.0,4918.55859375,4919.813564354864
2016-05-10 00:00:00,4411.0,4291.0,4846.0,4473.88916015625,4535.832610908856
2016-05-10 01:00:00,4238.0,4291.0,4651.0,4176.6259765625,4241.078295777261
2016-05-10 02:00:00,4120.0,4291.0,4518.0,4018.288330078125,4095.0470530422535
2016-05-10 03:00:00,4074.0,4291.0,4506.0,3969.123046875,4021.748068992106
2016-05-10 04:00:00,4079.0,4291.0,4532.0,3958.4052734375,4000.033234665961
2016-05-10 05:00:00,4107.0,4291.0,4625.0,4030.810791015625,4099.532359886737
2016-05-10 06:00:00,4372.0,4291.0,4903.0,4345.97998046875,4382.709757498702
2016-05-10 07:00:00,4858.0,4291.0,5410.0,4809.853515625,4838.4763018800495
2016-05-10 08:00:00,5072.0,4291.0,5644.0,5063.2158203125,5100.309053450473
2016-05-10 09:00:00,5219.0,4291.0,5582.0,5111.00537109375,5159.2132488040015
2016-05-10 10:00:00,5211.0,4291.0,5573.0,5154.29150390625,5205.335516346806
2016-05-10 11:00:00,5226.0,4291.0,5528.0,5212.98828125,5262.109492964109
2016-05-10 12:00:00,5221.0,4291.0,5423.0,5270.1533203125,5291.686471444077
2016-05-10 13:00:00,5224.0,4291.0,5369.0,5286.669921875,5300.333824797168
2016-05-10 14:00:00,5231.0,4291.0,5219.0,5311.60302734375,5294.188343577414
2016-05-10 15:00:00,5159.0,4291.0,5113.0,5281.5048828125,5251.686543549356
2016-05-10 16:00:00,5136.0,4291.0,5054.0,5267.26220703125,5245.4517755563265
2016-05-10 17:00:00,5129.0,4291.0,4992.0,5287.32080078125,5269.018334405444
2016-05-10 18:00:00,5113.0,4291.0,4982.0,5287.04150390625,5275.001779779962
2016-05-10 19:00:00,5094.0,4291.0,5095.0,5268.9482421875,5279.956650203098
2016-05-10 20:00:00,5207.0,4291.0,5314.0,5289.966796875,5302.653797033769
2016-05-10 21:00:00,5353.0,4291.0,5568.0,5433.75,5448.534212772635
2016-05-10 22:00:00,5211.0,4291.0,5475.0,5347.28125,5327.986783200767
2016-05-10 23:00:00,4847.0,4291.0,5161.0,4949.3857421875,4927.912494215773
2016-05-11 00:00:00,4440.0,4291.0,4895.0,4503.7998046875,4523.72652357703
2016-05-11 01:00:00,4207.0,4291.0,4724.0,4207.296875,4235.902054014642
2016-05-11 02:00:00,4043.0,4291.0,4687.0,4040.761962890625,4095.290457350462
2016-05-11 03:00:00,3982.0,4291.0,4804.0,3969.952880859375,4020.35702067096
2016-05-11 04:00:00,3943.0,4291.0,4890.0,3949.65087890625,3997.6850141896466
2016-05-11 05:00:00,4111.0,4291.0,5088.0,4024.640625,4092.2075567020634
2016-05-11 06:00:00,4369.0,4291.0,5431.0,4340.7158203125,4374.164313709933
2016-05-11 07:00:00,4830.0,4291.0,5990.0,4809.2646484375,4827.6071612156775
2016-05-11 08:00:00,5038.0,4291.0,6264.0,5049.8330078125,5060.362218442782
2016-05-11 09:00:00,5142.0,4291.0,6068.0,5087.31689453125,5126.260906863999
2016-05-11 10:00:00,5191.0,4291.0,5803.0,5140.32666015625,5190.13141184479
2016-05-11 11:00:00,5200.0,4291.0,5562.0,5218.904296875,5248.752644121656
2016-05-11 12:00:00,5283.0,4291.0,5442.0,5287.42626953125,5290.315211649322
2016-05-11 13:00:00,5321.0,4291.0,5305.0,5316.9482421875,5302.761770187631
2016-05-11 14:00:00,5357.0,4291.0,5162.0,5328.18798828125,5298.845005950955
2016-05-11 15:00:00,5326.0,4291.0,5052.0,5316.32275390625,5257.270834877092
2016-05-11 16:00:00,5346.0,4291.0,4959.0,5302.994140625,5245.680690547281
2016-05-11 17:00:00,5360.0,4291.0,4949.0,5322.64990234375,5258.841823293094
2016-05-11 18:00:00,5321.0,4291.0,4924.0,5310.40771484375,5258.049073538516
2016-05-11 19:00:00,5279.0,4291.0,5019.0,5283.568359375,5248.713741483186
2016-05-11 20:00:00,5267.0,4291.0,5147.0,5306.88623046875,5278.108720162402
2016-05-11 21:00:00,5395.0,4291.0,5410.0,5451.11181640625,5428.437758110737
2016-05-11 22:00:00,5334.0,4291.0,5232.0,5369.01708984375,5330.83561688231
2016-05-11 23:00:00,4875.0,4291.0,4787.0,4954.86474609375,4940.122755211319
2016-05-12 00:00:00,4459.0,4291.0,4522.0,4518.17138671875,4531.202640726906
2016-05-12 01:00:00,4253.0,4291.0,4326.0,4213.4052734375,4232.694954189562
2016-05-12 02:00:00,4129.0,4291.0,4183.0,4037.3671875,4080.2301373029
2016-05-12 03:00:00,3988.0,4291.0,4211.0,3954.4345703125,4005.330976523177
2016-05-12 04:00:00,3989.0,4291.0,4210.0,3921.75927734375,3997.5093820711754
2016-05-12 05:00:00,4011.0,4291.0,4234.0,3993.20947265625,4094.120632428503
2016-05-12 06:00:00,4323.0,4291.0,4574.0,4300.57861328125,4376.039820132759
2016-05-12 07:00:00,4748.0,4291.0,5039.0,4774.80029296875,4825.913925574727
2016-05-12 08:00:00,5037.0,4291.0,5180.0,5012.6513671875,5068.725526565187
2016-05-12 09:00:00,5119.0,4291.0,5195.0,5057.26416015625,5143.4755686845165
2016-05-12 10:00:00,5138.0,4291.0,5143.0,5138.90478515625,5207.07769080265
2016-05-12 11:00:00,5207.0,4291.0,5135.0,5238.58203125,5262.7880243238
2016-05-12 12:00:00,5291.0,4291.0,5118.0,5313.4853515625,5292.5727769944215
2016-05-12 13:00:00,5334.0,4291.0,5091.0,5339.61083984375,5302.952059633777
2016-05-12 14:00:00,5372.0,4291.0,5045.0,5378.21533203125,5295.831456207787
2016-05-12 15:00:00,5311.0,4291.0,4957.0,5361.77099609375,5254.6952409666865
2016-05-12 16:00:00,5380.0,4291.0,4894.0,5345.90966796875,5238.262081689047
2016-05-12 17:00:00,5400.0,4291.0,4902.0,5346.796875,5223.687717434718
2016-05-12 18:00:00,5404.0,4291.0,4916.0,5321.56298828125,5212.256770142941
2016-05-12 19:00:00,5364.0,4291.0,4945.0,5285.26025390625,5189.5007682448695
2016-05-12 20:00:00,5392.0,4291.0,5051.0,5297.17578125,5185.198658473345
2016-05-12 21:00:00,5449.0,4291.0,5230.0,5440.5341796875,5306.877934502501
2016-05-12 22:00:00,5400.0,4291.0,5035.0,5367.94091796875,5207.804843893607
2016-05-12 23:00:00,4953.0,4291.0,4651.0,4957.162109375,4809.865479033954
2016-05-13 00:00:00,4571.0,4291.0,4291.0,4516.56884765625,4413.920807179425
2016-05-13 01:00:00,4288.0,4291.0,4016.0,4198.23388671875,4133.98872043601
2016-05-13 02:00:00,4129.0,4291.0,3922.0,4024.859375,4007.2630978924517
2016-05-13 03:00:00,3991.0,4291.0,3858.0,3943.9921875,3939.965805488537
2016-05-13 04:00:00,3925.0,4291.0,3785.0,3910.539306640625,3940.615818293167
2016-05-13 05:00:00,4090.0,4291.0,3847.0,3980.68994140625,4024.1165938016666
2016-05-13 06:00:00,4203.0,4291.0,4018.0,4244.03955078125,4279.094853763461
2016-05-13 07:00:00,4570.0,4291.0,4337.0,4671.01025390625,4696.086058892606
2016-05-13 08:00:00,4856.0,4291.0,4563.0,4919.71826171875,4983.8541569965555
2016-05-13 09:00:00,5042.0,4291.0,4729.0,5017.70654296875,5104.811962895515
2016-05-13 10:00:00,5145.0,4291.0,4900.0,5109.82421875,5168.472562160655
2016-05-13 11:00:00,5232.0,4291.0,5013.0,5193.6455078125,5240.718965006151
2016-05-13 12:00:00,5188.0,4291.0,5089.0,5247.84814453125,5287.850663500236
2016-05-13 13:00:00,5131.0,4291.0,4996.0,5268.1787109375,5294.943560882678
2016-05-13 14:00:00,5120.0,4291.0,4920.0,5292.78662109375,5288.9944569827085
2016-05-13 15:00:00,5106.0,4291.0,4924.0,5278.90185546875,5238.445394684868
2016-05-13 16:00:00,5047.0,4291.0,4856.0,5261.71484375,5198.010965777978
2016-05-13 17:00:00,5104.0,4291.0,4830.0,5260.52001953125,5167.823866176562
2016-05-13 18:00:00,5026.0,4291.0,4889.0,5227.1845703125,5139.059936635609
2016-05-13 19:00:00,4964.0,4291.0,4911.0,5174.09814453125,5104.558839628187
2016-05-13 20:00:00,4872.0,4291.0,5056.0,5161.1025390625,5077.653628516597
2016-05-13 21:00:00,4943.0,4291.0,5164.0,5228.0869140625,5168.825375003008
2016-05-13 22:00:00,4910.0,4291.0,5041.0,5157.32080078125,5095.3380092437355
2016-05-13 23:00:00,4559.0,4291.0,4846.0,4811.32373046875,4756.420075296441
2016-05-14 00:00:00,4248.0,4291.0,4571.0,4404.744140625,4375.441736284527
2016-05-14 01:00:00,3951.0,4291.0,4361.0,4069.37451171875,4058.8535927932962
2016-05-14 02:00:00,3838.0,4291.0,4255.0,3866.192626953125,3881.6271770303138
2016-05-14 03:00:00,3737.0,4291.0,4279.0,3767.09814453125,3787.558087929511
2016-05-14 04:00:00,3705.0,4291.0,4323.0,3720.06689453125,3734.8236149012473
2016-05-14 05:00:00,3732.0,4291.0,4398.0,3721.679443359375,3719.91634634251
2016-05-14 06:00:00,3797.0,4291.0,4566.0,3798.883544921875,3806.7474984287314
2016-05-14 07:00:00,3899.0,4291.0,4802.0,3896.827392578125,3899.410294711856
2016-05-14 08:00:00,4040.0,4291.0,4976.0,4089.013427734375,4134.216304143373
2016-05-14 09:00:00,4331.0,4291.0,5171.0,4367.8271484375,4440.678386025079
2016-05-14 10:00:00,4535.0,4291.0,5189.0,4613.07373046875,4655.252721436578
2016-05-14 11:00:00,4630.0,4291.0,5125.0,4760.1982421875,4773.253076712651
2016-05-14 12:00:00,4672.0,4291.0,4940.0,4771.3681640625,4804.223744847872
2016-05-14 13:00:00,4656.0,4291.0,4771.0,4747.2919921875,4800.219995124892
2016-05-14 14:00:00,4651.0,4291.0,4635.0,4706.37060546875,4783.98773807795
2016-05-14 15:00:00,4582.0,4291.0,4447.0,4674.40576171875,4737.731278778512
2016-05-14 16:00:00,4519.0,4291.0,4438.0,4665.29052734375,4717.63308488628
2016-05-14 17:00:00,4481.0,4291.0,4345.0,4702.77294921875,4730.207101051745
2016-05-14 18:00:00,4505.0,4291.0,4339.0,4731.56494140625,4738.651844116943
2016-05-14 19:00:00,4539.0,4291.0,4432.0,4706.5869140625,4724.203372930251
2016-05-14 20:00:00,4563.0,4291.0,4629.0,4711.310546875,4738.993768709487
2016-05-14 21:00:00,4717.0,4291.0,4846.0,4815.5390625,4866.0758376996055
2016-05-14 22:00:00,4676.0,4291.0,4783.0,4752.01708984375,4819.21433856887
2016-05-14 23:00:00,4468.0,4291.0,4547.0,4478.61328125,4518.962700656121
2016-05-15 00:00:00,4219.0,4291.0,4332.0,4131.31005859375,4192.465748330994
2016-05-15 01:00:00,4066.0,4291.0,4149.0,3859.369873046875,3895.1758947778544
2016-05-15 02:00:00,3933.0,4291.0,3986.0,3721.89892578125,3714.5351446703
2016-05-15 03:00:00,3884.0,4291.0,4014.0,3616.3828125,3636.0391380316764
2016-05-15 04:00:00,3872.0,4291.0,4054.0,3572.563720703125,3599.1131794857783
2016-05-15 05:00:00,3885.0,4291.0,4087.0,3634.158203125,3642.2787281354495
2016-05-15 06:00:00,3982.0,4291.0,4231.0,3666.1298828125,3689.907103878044
2016-05-15 07:00:00,4061.0,4291.0,4446.0,3685.953369140625,3771.3802985624366
2016-05-15 08:00:00,4271.0,4291.0,4653.0,3840.788330078125,3988.171225637306
2016-05-15 09:00:00,4477.0,4291.0,4842.0,4147.4345703125,4230.408800324647
2016-05-15 10:00:00,4620.0,4291.0,4923.0,4370.1357421875,4447.207671154385
2016-05-15 11:00:00,4662.0,4291.0,4829.0,4468.49609375,4538.019003231581
2016-05-15 12:00:00,4660.0,4291.0,4722.0,4478.3056640625,4547.078686868061
2016-05-15 13:00:00,4635.0,4291.0,4574.0,4470.72509765625,4533.39232325862
2016-05-15 14:00:00,4570.0,4291.0,4420.0,4448.6689453125,4501.541660096782
2016-05-15 15:00:00,4506.0,4291.0,4349.0,4437.25634765625,4472.141319028802
2016-05-15 16:00:00,4444.0,4291.0,4287.0,4438.990234375,4480.238051424695
2016-05-15 17:00:00,4483.0,4291.0,4298.0,4468.2080078125,4521.353774400041
2016-05-15 18:00:00,4559.0,4291.0,4189.0,4502.6142578125,4570.277535435906
2016-05-15 19:00:00,4658.0,4291.0,4366.0,4525.95166015625,4612.364426253951
2016-05-15 20:00:00,4761.0,4291.0,4513.0,4600.8681640625,4675.033956543125
2016-05-15 21:00:00,4994.0,4291.0,4728.0,4814.65283203125,4889.686379447174
2016-05-15 22:00:00,5023.0,4291.0,4637.0,4816.12060546875,4892.628224818196
2016-05-15 23:00:00,4748.0,4291.0,4381.0,4507.1884765625,4593.17210338428
2016-05-16 00:00:00,4514.0,4291.0,4158.0,4188.810546875,4283.046215500617
2016-05-16 01:00:00,4412.0,4291.0,4010.0,3944.595703125,4052.204099966357
2016-05-16 02:00:00,4366.0,4291.0,3943.0,3861.04541015625,3966.890782660267
2016-05-16 03:00:00,4268.0,4291.0,3966.0,3838.43212890625,3942.563776252383
2016-05-16 04:00:00,4347.0,4291.0,4018.0,3835.018798828125,3969.289530002158
2016-05-16 05:00:00,4493.0,4291.0,4096.0,3951.579833984375,4086.782923467907
2016-05-16 06:00:00,4776.0,4291.0,4297.0,4291.41650390625,4411.968568478818
2016-05-16 07:00:00,5243.0,4291.0,4728.0,4780.9384765625,4902.7176310551395
2016-05-16 08:00:00,5404.0,4291.0,4982.0,5065.70654296875,5183.033332452946
2016-05-16 09:00:00,5360.0,4291.0,5128.0,5131.0673828125,5270.481016698978
2016-05-16 10:00:00,5356.0,4291.0,5229.0,5198.66015625,5323.751204912819
2016-05-16 11:00:00,5308.0,4291.0,5252.0,5285.4755859375,5393.956249041728
2016-05-16 12:00:00,5241.0,4291.0,5305.0,5331.20556640625,5411.453837583069
2016-05-16 13:00:00,5141.0,4291.0,5244.0,5333.8447265625,5433.192903546882
2016-05-16 14:00:00,5124.0,4291.0,5263.0,5330.005859375,5450.790051466411
2016-05-16 15:00:00,5029.0,4291.0,5208.0,5304.10009765625,5428.571779834297
2016-05-16 16:00:00,4931.0,4291.0,5182.0,5285.39697265625,5423.029504185487
2016-05-16 17:00:00,4961.0,4291.0,5182.0,5291.89599609375,5445.42431512397
2016-05-16 18:00:00,4928.0,4291.0,5271.0,5278.4638671875,5454.995907453296
2016-05-16 19:00:00,4926.0,4291.0,5383.0,5258.93115234375,5436.1144913724
2016-05-16 20:00:00,4902.0,4291.0,5604.0,5284.75146484375,5433.629983484492
2016-05-16 21:00:00,5039.0,4291.0,5652.0,5422.63720703125,5547.166289640312
2016-05-16 22:00:00,5146.0,4291.0,5437.0,5353.22998046875,5445.060598183036
2016-05-16 23:00:00,4750.0,4291.0,5130.0,4956.095703125,5022.915091158795
2016-05-17 00:00:00,4431.0,4291.0,4846.0,4538.31201171875,4584.833410150378
2016-05-17 01:00:00,4216.0,4291.0,4651.0,4241.88330078125,4301.062337540419
2016-05-17 02:00:00,4158.0,4291.0,4518.0,4085.791015625,4153.244947504472
2016-05-17 03:00:00,4080.0,4291.0,4506.0,4019.486328125,4091.7316218458436
2016-05-17 04:00:00,4115.0,4291.0,4532.0,4015.2431640625,4056.7629367933678
2016-05-17 05:00:00,4175.0,4291.0,4625.0,4080.428466796875,4144.76447348062
2016-05-17 06:00:00,4507.0,4291.0,4903.0,4374.74609375,4436.603239071958
2016-05-17 07:00:00,4960.0,4291.0,5410.0,4840.5068359375,4908.514147977986
2016-05-17 08:00:00,5166.0,4291.0,5644.0,5102.92236328125,5176.677139499198
2016-05-17 09:00:00,5267.0,4291.0,5582.0,5150.5517578125,5254.793510930366
2016-05-17 10:00:00,5284.0,4291.0,5573.0,5214.06201171875,5335.158309048909
2016-05-17 11:00:00,5284.0,4291.0,5528.0,5295.23876953125,5423.158883595301
2016-05-17 12:00:00,5261.0,4291.0,5423.0,5351.0751953125,5481.028338539078
2016-05-17 13:00:00,5263.0,4291.0,5369.0,5362.9580078125,5514.624973300873
2016-05-17 14:00:00,5151.0,4291.0,5219.0,5385.28515625,5549.88915395207
2016-05-17 15:00:00,5149.0,4291.0,5113.0,5367.51025390625,5537.199595645673
2016-05-17 16:00:00,5119.0,4291.0,5054.0,5349.4169921875,5535.36303951767
2016-05-17 17:00:00,5049.0,4291.0,4992.0,5345.8193359375,5552.743203048187
2016-05-17 18:00:00,5060.0,4291.0,4982.0,5311.2646484375,5557.2842497213505
2016-05-17 19:00:00,5032.0,4291.0,5095.0,5268.73486328125,5524.498269336178
2016-05-17 20:00:00,5060.0,4291.0,5314.0,5288.23291015625,5497.514801970036
2016-05-17 21:00:00,5273.0,4291.0,5568.0,5424.97509765625,5605.047483899797
2016-05-17 22:00:00,5187.0,4291.0,5475.0,5372.37353515625,5528.680161693413
2016-05-17 23:00:00,4822.0,4291.0,5161.0,4959.43017578125,5115.49071797371
2016-05-18 00:00:00,4549.0,4291.0,4895.0,4522.7080078125,4665.365460230986
2016-05-18 01:00:00,4334.0,4291.0,4724.0,4231.88330078125,4375.002609626051
2016-05-18 02:00:00,4255.0,4291.0,4687.0,4066.432373046875,4200.989681284945
2016-05-18 03:00:00,4132.0,4291.0,4804.0,3999.098876953125,4138.310203381795
2016-05-18 04:00:00,4161.0,4291.0,4890.0,3993.031005859375,4116.864367520507
2016-05-18 05:00:00,4250.0,4291.0,5088.0,4076.395751953125,4191.496112944363
2016-05-18 06:00:00,4492.0,4291.0,5431.0,4359.1708984375,4441.5833986867
2016-05-18 07:00:00,4899.0,4291.0,5990.0,4820.96923828125,4902.197919338715
2016-05-18 08:00:00,5155.0,4291.0,6264.0,5054.9169921875,5164.744565168068
2016-05-18 09:00:00,5235.0,4291.0,6068.0,5106.65576171875,5244.877233814035
2016-05-18 10:00:00,5316.0,4291.0,5803.0,5160.224609375,5329.217476370723
2016-05-18 11:00:00,5361.0,4291.0,5562.0,5233.10302734375,5414.790832078493
2016-05-18 12:00:00,5325.0,4291.0,5442.0,5290.400390625,5473.240477892137
2016-05-18 13:00:00,5307.0,4291.0,5305.0,5311.13671875,5501.991058205376
2016-05-18 14:00:00,5247.0,4291.0,5162.0,5333.71044921875,5524.622221339725
2016-05-18 15:00:00,5217.0,4291.0,5052.0,5318.64404296875,5491.425249610284
2016-05-18 16:00:00,5164.0,4291.0,4959.0,5317.49072265625,5485.980529828688
2016-05-18 17:00:00,5180.0,4291.0,4949.0,5317.783203125,5513.724621793992
2016-05-18 18:00:00,5219.0,4291.0,4924.0,5292.0322265625,5515.383405088777
2016-05-18 19:00:00,5181.0,4291.0,5019.0,5277.4873046875,5483.895698991246
2016-05-18 20:00:00,5268.0,4291.0,5147.0,5286.17578125,5449.236370732741
2016-05-18 21:00:00,5341.0,4291.0,5410.0,5426.45654296875,5573.640059347138
2016-05-18 22:00:00,5317.0,4291.0,5232.0,5375.31298828125,5504.908209379106
2016-05-18 23:00:00,4955.0,4291.0,4787.0,4960.4013671875,5097.3434773038425
2016-05-19 00:00:00,4652.0,4291.0,4522.0,4518.01806640625,4643.178080800629
2016-05-19 01:00:00,4407.0,4291.0,4326.0,4227.67041015625,4336.609515074575
2016-05-19 02:00:00,4340.0,4291.0,4183.0,4064.90576171875,4170.218387944834
2016-05-19 03:00:00,4263.0,4291.0,4211.0,3997.3125,4090.608635459681
2016-05-19 04:00:00,4249.0,4291.0,4210.0,3992.564697265625,4058.7365018787914
2016-05-19 05:00:00,4356.0,4291.0,4234.0,4075.634521484375,4142.872789501098
2016-05-19 06:00:00,4627.0,4291.0,4574.0,4355.06787109375,4434.181885553583
2016-05-19 07:00:00,5040.0,4291.0,5039.0,4815.33642578125,4896.527842006488
2016-05-19 08:00:00,5243.0,4291.0,5180.0,5051.6767578125,5147.862375003889
2016-05-19 09:00:00,5219.0,4291.0,5195.0,5096.79443359375,5233.239155797135
2016-05-19 10:00:00,5215.0,4291.0,5143.0,5156.43212890625,5300.174829071727
2016-05-19 11:00:00,5149.0,4291.0,5135.0,5244.390625,5370.375064763297
2016-05-19 12:00:00,5116.0,4291.0,5118.0,5286.4375,5413.354539239551
2016-05-19 13:00:00,5114.0,4291.0,5091.0,5297.31982421875,5448.121838187125
2016-05-19 14:00:00,5083.0,4291.0,5045.0,5327.15576171875,5485.033065847245
2016-05-19 15:00:00,5063.0,4291.0,4957.0,5296.43505859375,5455.158678701549
2016-05-19 16:00:00,4980.0,4291.0,4894.0,5275.52490234375,5444.205607858518
2016-05-19 17:00:00,5066.0,4291.0,4902.0,5285.07958984375,5458.424457653821
2016-05-19 18:00:00,5039.0,4291.0,4916.0,5276.658203125,5470.500145323706
2016-05-19 19:00:00,5052.0,4291.0,4945.0,5253.33056640625,5440.787684779898
2016-05-19 20:00:00,4965.0,4291.0,5051.0,5260.18115234375,5417.105123270517
2016-05-19 21:00:00,5097.0,4291.0,5230.0,5385.07958984375,5503.067531299291
2016-05-19 22:00:00,5062.0,4291.0,5035.0,5364.1962890625,5428.697978781751
2016-05-19 23:00:00,4734.0,4291.0,4651.0,4974.314453125,5034.293522595429
2016-05-20 00:00:00,4361.0,4291.0,4291.0,4522.8359375,4589.429608177828
2016-05-20 01:00:00,4137.0,4291.0,4016.0,4225.40673828125,4285.29135768691
2016-05-20 02:00:00,3969.0,4291.0,3922.0,4052.708984375,4102.917400113485
2016-05-20 03:00:00,4036.0,4291.0,3858.0,3968.718017578125,4011.572818829519
2016-05-20 04:00:00,3956.0,4291.0,3785.0,3948.14794921875,3987.0989515212837
2016-05-20 05:00:00,4137.0,4291.0,3847.0,4010.291015625,4036.8265859102203
2016-05-20 06:00:00,4432.0,4291.0,4018.0,4269.85791015625,4261.193355687868
2016-05-20 07:00:00,4801.0,4291.0,4337.0,4681.3798828125,4674.138201140424
2016-05-20 08:00:00,5062.0,4291.0,4563.0,4943.38330078125,4951.112986540332
2016-05-20 09:00:00,5015.0,4291.0,4729.0,5039.6328125,5081.043198769858
2016-05-20 10:00:00,5014.0,4291.0,4900.0,5123.61865234375,5173.335866472995
2016-05-20 11:00:00,4994.0,4291.0,5013.0,5199.7216796875,5261.559749665913
2016-05-20 12:00:00,5050.0,4291.0,5089.0,5252.123046875,5308.550402383523
2016-05-20 13:00:00,5079.0,4291.0,4996.0,5264.00927734375,5350.380092102523
2016-05-20 14:00:00,5114.0,4291.0,4920.0,5276.7861328125,5366.993086287731
2016-05-20 15:00:00,5066.0,4291.0,4924.0,5249.4267578125,5338.739759714273
2016-05-20 16:00:00,5022.0,4291.0,4856.0,5231.17431640625,5317.606693464179
2016-05-20 17:00:00,5004.0,4291.0,4830.0,5228.13623046875,5327.407239651346
2016-05-20 18:00:00,4995.0,4291.0,4889.0,5201.19921875,5306.694153294917
2016-05-20 19:00:00,4994.0,4291.0,4911.0,5153.09912109375,5233.9252839615665
2016-05-20 20:00:00,4927.0,4291.0,5056.0,5124.09765625,5177.379553946351
2016-05-20 21:00:00,4975.0,4291.0,5164.0,5193.3486328125,5230.86421057068
2016-05-20 22:00:00,4961.0,4291.0,5041.0,5154.82421875,5186.218759301806
2016-05-20 23:00:00,4645.0,4291.0,4846.0,4824.0712890625,4834.702518198139
2016-05-21 00:00:00,4445.0,4291.0,4571.0,4420.759765625,4440.648759396471
2016-05-21 01:00:00,4150.0,4291.0,4361.0,4096.03125,4121.83912374259
2016-05-21 02:00:00,3947.0,4291.0,4255.0,3894.5986328125,3930.7389358842775
2016-05-21 03:00:00,3818.0,4291.0,4279.0,3774.693359375,3802.0972856291005
2016-05-21 04:00:00,3757.0,4291.0,4323.0,3721.600830078125,3729.0374211232374
2016-05-21 05:00:00,3835.0,4291.0,4398.0,3723.6474609375,3716.7165977411596
2016-05-21 06:00:00,3839.0,4291.0,4566.0,3798.871337890625,3785.0529125069397
2016-05-21 07:00:00,4022.0,4291.0,4802.0,3889.07958984375,3890.9852273436745
2016-05-21 08:00:00,4160.0,4291.0,4976.0,4100.7900390625,4099.975924047791
2016-05-21 09:00:00,4420.0,4291.0,5171.0,4376.732421875,4390.095304418966
2016-05-21 10:00:00,4621.0,4291.0,5189.0,4630.8173828125,4634.999174538618
2016-05-21 11:00:00,4806.0,4291.0,5125.0,4790.216796875,4770.108602533029
2016-05-21 12:00:00,4783.0,4291.0,4940.0,4817.86572265625,4822.359089549331
2016-05-21 13:00:00,4766.0,4291.0,4771.0,4808.42236328125,4834.133020173377
2016-05-21 14:00:00,4739.0,4291.0,4635.0,4791.42626953125,4809.685163370316
2016-05-21 15:00:00,4677.0,4291.0,4447.0,4735.564453125,4774.54854691354
2016-05-21 16:00:00,4606.0,4291.0,4438.0,4712.3994140625,4752.166813358702
2016-05-21 17:00:00,4635.0,4291.0,4345.0,4717.076171875,4781.107193678407
2016-05-21 18:00:00,4670.0,4291.0,4339.0,4715.7373046875,4804.821831412849
2016-05-21 19:00:00,4633.0,4291.0,4432.0,4675.728515625,4778.65468245263
2016-05-21 20:00:00,4658.0,4291.0,4629.0,4671.7392578125,4752.884786520839
2016-05-21 21:00:00,4743.0,4291.0,4846.0,4780.3017578125,4858.777238712916
2016-05-21 22:00:00,4689.0,4291.0,4783.0,4741.078125,4872.229933946722
2016-05-21 23:00:00,4450.0,4291.0,4547.0,4481.94775390625,4578.618092116763
2016-05-22 00:00:00,4188.0,4291.0,4332.0,4136.21533203125,4261.306185670525
2016-05-22 01:00:00,3992.0,4291.0,4149.0,3857.516357421875,3981.2453073243187
2016-05-22 02:00:00,3733.0,4291.0,3986.0,3723.0068359375,3802.734409577195
2016-05-22 03:00:00,3674.0,4291.0,4014.0,3615.85107421875,3686.598489694866
2016-05-22 04:00:00,3679.0,4291.0,4054.0,3577.052978515625,3653.6458356006337
2016-05-22 05:00:00,3720.0,4291.0,4087.0,3631.422607421875,3645.840902857599
2016-05-22 06:00:00,3765.0,4291.0,4231.0,3667.666015625,3685.1554163620094
2016-05-22 07:00:00,3850.0,4291.0,4446.0,3681.999267578125,3764.128545939534
2016-05-22 08:00:00,4052.0,4291.0,4653.0,3850.520263671875,3999.1636352605246
2016-05-22 09:00:00,4252.0,4291.0,4842.0,4152.1669921875,4274.6232361710945
2016-05-22 10:00:00,4503.0,4291.0,4923.0,4387.45947265625,4496.0616702957
2016-05-22 11:00:00,4570.0,4291.0,4829.0,4505.0166015625,4627.342263588943
2016-05-22 12:00:00,4560.0,4291.0,4722.0,4566.109375,4699.218197176482
2016-05-22 13:00:00,4571.0,4291.0,4574.0,4584.701171875,4764.0081362753945
2016-05-22 14:00:00,4586.0,4291.0,4420.0,4557.064453125,4765.27164491339
2016-05-22 15:00:00,4548.0,4291.0,4349.0,4538.69091796875,4731.203756412541
2016-05-22 16:00:00,4514.0,4291.0,4287.0,4524.8759765625,4736.783255328941
2016-05-22 17:00:00,4612.0,4291.0,4298.0,4541.33642578125,4791.642420910147
2016-05-22 18:00:00,4697.0,4291.0,4189.0,4573.82568359375,4837.533324864452
2016-05-22 19:00:00,4713.0,4291.0,4366.0,4576.31201171875,4867.377768174273
2016-05-22 20:00:00,4727.0,4291.0,4513.0,4629.39453125,4861.401153546305
2016-05-22 21:00:00,4849.0,4291.0,4728.0,4804.173828125,4969.222956943894
2016-05-22 22:00:00,4853.0,4291.0,4637.0,4808.77587890625,4983.157479885732
2016-05-22 23:00:00,4554.0,4291.0,4381.0,4516.01416015625,4689.0486608773535
2016-05-23 00:00:00,4242.0,4291.0,4158.0,4182.8408203125,4347.681654252086
2016-05-23 01:00:00,3980.0,4291.0,4010.0,3930.136474609375,4080.1674431472516
2016-05-23 02:00:00,3925.0,4291.0,3943.0,3821.14501953125,3958.287768906858
2016-05-23 03:00:00,3920.0,4291.0,3966.0,3788.835693359375,3900.1621353514124
2016-05-23 04:00:00,3945.0,4291.0,4018.0,3784.185546875,3920.8267174281614
2016-05-23 05:00:00,4036.0,4291.0,4096.0,3885.90869140625,4018.1358375495183
2016-05-23 06:00:00,4336.0,4291.0,4297.0,4170.60400390625,4305.867644651537
2016-05-23 07:00:00,4741.0,4291.0,4728.0,4635.62744140625,4763.652949468235
2016-05-23 08:00:00,5057.0,4291.0,4982.0,4958.68896484375,5085.333240494249
2016-05-23 09:00:00,5070.0,4291.0,5128.0,5093.138671875,5222.787893095322
2016-05-23 10:00:00,5102.0,4291.0,5229.0,5199.2392578125,5327.176538975693
2016-05-23 11:00:00,5125.0,4291.0,5252.0,5315.802734375,5436.939964990756
2016-05-23 12:00:00,5182.0,4291.0,5305.0,5356.8916015625,5493.257265001658
2016-05-23 13:00:00,5165.0,4291.0,5244.0,5359.34130859375,5539.692437528198
2016-05-23 14:00:00,5194.0,4291.0,5263.0,5360.28857421875,5580.93490813083
2016-05-23 15:00:00,5187.0,4291.0,5208.0,5334.29638671875,5561.29413337104
2016-05-23 16:00:00,5229.0,4291.0,5182.0,5316.6025390625,5554.484769922088
2016-05-23 17:00:00,5211.0,4291.0,5182.0,5308.076171875,5574.763700045254
2016-05-23 18:00:00,5217.0,4291.0,5271.0,5293.16845703125,5590.74890218533
2016-05-23 19:00:00,5156.0,4291.0,5383.0,5266.35595703125,5540.395519853774
2016-05-23 20:00:00,5223.0,4291.0,5604.0,5270.65771484375,5513.2032811141535
2016-05-23 21:00:00,5313.0,4291.0,5652.0,5400.55859375,5590.376927058621
2016-05-23 22:00:00,5187.0,4291.0,5437.0,5371.4091796875,5533.166066493722
2016-05-23 23:00:00,4822.0,4291.0,5130.0,4972.93359375,5118.595259778945
2016-05-24 00:00:00,4436.0,4291.0,4846.0,4531.8671875,4687.785702913799
2016-05-24 01:00:00,4229.0,4291.0,4651.0,4216.3701171875,4366.977853348382
2016-05-24 02:00:00,4024.0,4291.0,4518.0,4056.129150390625,4178.904911890012
2016-05-24 03:00:00,3991.0,4291.0,4506.0,3963.0751953125,4071.541002228023
2016-05-24 04:00:00,3930.0,4291.0,4532.0,3953.6943359375,4039.4173491413158
2016-05-24 05:00:00,4044.0,4291.0,4625.0,4021.65087890625,4077.3586204337216
2016-05-24 06:00:00,4317.0,4291.0,4903.0,4324.72705078125,4355.276731347196
2016-05-24 07:00:00,4677.0,4291.0,5410.0,4770.06396484375,4794.238928438202
2016-05-24 08:00:00,4879.0,4291.0,5644.0,5058.19873046875,5096.187937995069
2016-05-24 09:00:00,4932.0,4291.0,5582.0,5152.1494140625,5228.831927041198
2016-05-24 10:00:00,5032.0,4291.0,5573.0,5243.333984375,5356.332026238946
2016-05-24 11:00:00,5124.0,4291.0,5528.0,5343.4697265625,5500.140541291335
2016-05-24 12:00:00,5266.0,4291.0,5423.0,5404.79443359375,5594.331489062469
2016-05-24 13:00:00,5320.0,4291.0,5369.0,5446.8701171875,5694.543866016758
2016-05-24 14:00:00,5388.0,4291.0,5219.0,5505.0283203125,5756.5495224889655
2016-05-24 15:00:00,5447.0,4291.0,5113.0,5508.82275390625,5751.736130250072
2016-05-24 16:00:00,5500.0,4291.0,5054.0,5503.18896484375,5743.965104064133
2016-05-24 17:00:00,5541.0,4291.0,4992.0,5499.7265625,5751.539399706531
2016-05-24 18:00:00,5600.0,4291.0,4982.0,5464.7568359375,5724.836016058039
2016-05-24 19:00:00,5568.0,4291.0,5095.0,5417.62548828125,5673.993935955076
2016-05-24 20:00:00,5550.0,4291.0,5314.0,5390.98046875,5603.01308595652
2016-05-24 21:00:00,5533.0,4291.0,5568.0,5527.16943359375,5676.014526591641
2016-05-24 22:00:00,5548.0,4291.0,5475.0,5505.8701171875,5627.968334037889
2016-05-24 23:00:00,5098.0,4291.0,5161.0,5082.8095703125,5217.010726669734
2016-05-25 00:00:00,4680.0,4291.0,4895.0,4640.50927734375,4718.965439740112
2016-05-25 01:00:00,4263.0,4291.0,4724.0,4333.67724609375,4386.893038995835
2016-05-25 02:00:00,4156.0,4291.0,4687.0,4149.17041015625,4176.919500755161
2016-05-25 03:00:00,3959.0,4291.0,4804.0,4044.766845703125,4066.9107601208234
2016-05-25 04:00:00,3982.0,4291.0,4890.0,4021.047119140625,4026.3576388029696
2016-05-25 05:00:00,4097.0,4291.0,5088.0,4100.14892578125,4062.4526665311487
2016-05-25 06:00:00,4308.0,4291.0,5431.0,4370.98291015625,4313.866516673174
2016-05-25 07:00:00,4667.0,4291.0,5990.0,4814.77001953125,4710.723451671831
2016-05-25 08:00:00,4879.0,4291.0,6264.0,5093.869140625,5030.013364297125
2016-05-25 09:00:00,4950.0,4291.0,6068.0,5184.8505859375,5172.920728251179
2016-05-25 10:00:00,5119.0,4291.0,5803.0,5292.48291015625,5304.990049840767
2016-05-25 11:00:00,5349.0,4291.0,5562.0,5422.73681640625,5441.924998353773
2016-05-25 12:00:00,5556.0,4291.0,5442.0,5518.541015625,5540.282287319422
2016-05-25 13:00:00,5588.0,4291.0,5305.0,5565.86669921875,5601.596018711622
2016-05-25 14:00:00,5751.0,4291.0,5162.0,5631.61962890625,5676.084552861227
2016-05-25 15:00:00,5861.0,4291.0,5052.0,5654.48095703125,5679.925200150738
2016-05-25 16:00:00,6002.0,4291.0,4959.0,5668.11083984375,5692.124774670667
2016-05-25 17:00:00,6122.0,4291.0,4949.0,5685.0869140625,5706.975039930388
2016-05-25 18:00:00,6128.0,4291.0,4924.0,5666.8076171875,5705.64998514609
2016-05-25 19:00:00,6038.0,4291.0,5019.0,5600.296875,5672.751726561661
2016-05-25 20:00:00,5891.0,4291.0,5147.0,5566.6728515625,5601.077126194816
2016-05-25 21:00:00,5963.0,4291.0,5410.0,5648.4365234375,5663.2823938175525
2016-05-25 22:00:00,5869.0,4291.0,5232.0,5613.43408203125,5631.497865486293
2016-05-25 23:00:00,5351.0,4291.0,4787.0,5205.15673828125,5250.939027535734
2016-05-26 00:00:00,4869.0,4291.0,4522.0,4682.54248046875,4765.688831343861
2016-05-26 01:00:00,4448.0,4291.0,4326.0,4344.2216796875,4435.635300955309
2016-05-26 02:00:00,4284.0,4291.0,4183.0,4154.62890625,4238.698823115343
2016-05-26 03:00:00,4158.0,4291.0,4211.0,4056.422119140625,4140.068737007012
2016-05-26 04:00:00,4149.0,4291.0,4210.0,4008.626953125,4108.236479079449
2016-05-26 05:00:00,4151.0,4291.0,4234.0,4046.737548828125,4164.968219589461
2016-05-26 06:00:00,4432.0,4291.0,4574.0,4300.857421875,4411.826029425614
2016-05-26 07:00:00,4696.0,4291.0,5039.0,4741.48681640625,4837.522041123149
2016-05-26 08:00:00,5019.0,4291.0,5180.0,5026.50732421875,5138.537325350096
2016-05-26 09:00:00,5214.0,4291.0,5195.0,5202.44921875,5283.412936354631
2016-05-26 10:00:00,5304.0,4291.0,5143.0,5350.12890625,5404.176171227085
2016-05-26 11:00:00,5567.0,4291.0,5135.0,5505.03466796875,5556.097233835436
2016-05-26 12:00:00,5724.0,4291.0,5118.0,5586.89453125,5654.603800040574
2016-05-26 13:00:00,5987.0,4291.0,5091.0,5654.90234375,5711.678483793132
2016-05-26 14:00:00,6204.0,4291.0,5045.0,5718.2099609375,5777.91679871288
2016-05-26 15:00:00,6320.0,4291.0,4957.0,5749.78662109375,5794.493388561011
2016-05-26 16:00:00,6419.0,4291.0,4894.0,5759.75,5797.917569854483
2016-05-26 17:00:00,6489.0,4291.0,4902.0,5774.89892578125,5811.235019634734
2016-05-26 18:00:00,6515.0,4291.0,4916.0,5751.83056640625,5785.67615414232
2016-05-26 19:00:00,6425.0,4291.0,4945.0,5714.744140625,5721.292957806117
2016-05-26 20:00:00,6290.0,4291.0,5051.0,5675.7568359375,5658.174407990096
2016-05-26 21:00:00,6245.0,4291.0,5230.0,5711.689453125,5696.19873601841
2016-05-26 22:00:00,6197.0,4291.0,5035.0,5676.3662109375,5659.468476013405
2016-05-26 23:00:00,5718.0,4291.0,4651.0,5263.4609375,5250.258251892742
2016-05-27 00:00:00,5234.0,4291.0,4291.0,4739.27734375,4779.138210522257
2016-05-27 01:00:00,4737.0,4291.0,4016.0,4383.9189453125,4428.831530863445
2016-05-27 02:00:00,4534.0,4291.0,3922.0,4180.81494140625,4225.5112702884
2016-05-27 03:00:00,4434.0,4291.0,3858.0,4072.939208984375,4124.754994195813
2016-05-27 04:00:00,4287.0,4291.0,3785.0,4011.141845703125,4065.6783796666887
2016-05-27 05:00:00,4316.0,4291.0,3847.0,4040.034423828125,4118.340765713461
2016-05-27 06:00:00,4539.0,4291.0,4018.0,4261.13916015625,4342.4162900188585
2016-05-27 07:00:00,4807.0,4291.0,4337.0,4658.99658203125,4700.8430316257145
2016-05-27 08:00:00,5220.0,4291.0,4563.0,4947.98828125,5024.968196887307
2016-05-27 09:00:00,5527.0,4291.0,4729.0,5156.576171875,5187.460111115431
2016-05-27 10:00:00,5908.0,4291.0,4900.0,5357.55126953125,5327.968108832966
2016-05-27 11:00:00,6168.0,4291.0,5013.0,5519.55810546875,5476.266136538225
2016-05-27 12:00:00,6433.0,4291.0,5089.0,5596.9208984375,5545.992488495256
2016-05-27 13:00:00,6679.0,4291.0,4996.0,5680.5302734375,5597.928382223809
2016-05-27 14:00:00,6818.0,4291.0,4920.0,5766.92529296875,5656.0444740152725
2016-05-27 15:00:00,6953.0,4291.0,4924.0,5764.51171875,5646.100775929002
2016-05-27 16:00:00,7040.0,4291.0,4856.0,5740.4736328125,5633.434126474327
2016-05-27 17:00:00,7090.0,4291.0,4830.0,5725.90625,5633.51463487129
2016-05-27 18:00:00,7062.0,4291.0,4889.0,5655.078125,5595.497032765959
2016-05-27 19:00:00,6850.0,4291.0,4911.0,5559.60693359375,5529.304970134078
2016-05-27 20:00:00,6556.0,4291.0,5056.0,5487.11083984375,5433.802207790529
2016-05-27 21:00:00,6366.0,4291.0,5164.0,5520.060546875,5427.164060843227
2016-05-27 22:00:00,6211.0,4291.0,5041.0,5488.0830078125,5403.336089620238
2016-05-27 23:00:00,5807.0,4291.0,4846.0,5104.0654296875,5072.139192850538
2016-05-28 00:00:00,5258.0,4291.0,4571.0,4634.05615234375,4641.533891527586
2016-05-28 01:00:00,4841.0,4291.0,4361.0,4263.6201171875,4284.2302833295535
2016-05-28 02:00:00,4487.0,4291.0,4255.0,4051.253662109375,4057.715755490355
2016-05-28 03:00:00,4347.0,4291.0,4279.0,3912.56982421875,3922.3532941864505
2016-05-28 04:00:00,4133.0,4291.0,4323.0,3841.048095703125,3844.805890033873
2016-05-28 05:00:00,4083.0,4291.0,4398.0,3806.2998046875,3816.731463135986
2016-05-28 06:00:00,4086.0,4291.0,4566.0,3845.9599609375,3870.502429576897
2016-05-28 07:00:00,4091.0,4291.0,4802.0,3919.684326171875,3974.7685665038193
2016-05-28 08:00:00,4350.0,4291.0,4976.0,4155.80810546875,4202.311448961309
2016-05-28 09:00:00,4777.0,4291.0,5171.0,4503.56201171875,4544.393140463785
2016-05-28 10:00:00,5325.0,4291.0,5189.0,4791.3515625,4789.003445571283
2016-05-28 11:00:00,5663.0,4291.0,5125.0,5001.173828125,4974.673856083535
2016-05-28 12:00:00,5992.0,4291.0,4940.0,5059.84375,5069.895646183922
2016-05-28 13:00:00,6318.0,4291.0,4771.0,5060.52197265625,5126.832014048097
2016-05-28 14:00:00,6454.0,4291.0,4635.0,5056.13623046875,5168.243951057636
2016-05-28 15:00:00,6643.0,4291.0,4447.0,5053.328125,5177.516314900275
2016-05-28 16:00:00,6735.0,4291.0,4438.0,5037.67431640625,5195.515207901677
2016-05-28 17:00:00,6877.0,4291.0,4345.0,5057.64404296875,5213.797267726242
2016-05-28 18:00:00,6830.0,4291.0,4339.0,5075.59033203125,5207.875489164898
2016-05-28 19:00:00,6770.0,4291.0,4432.0,5051.3173828125,5122.690120641556
2016-05-28 20:00:00,6503.0,4291.0,4629.0,5006.6875,5051.500461466673
2016-05-28 21:00:00,6339.0,4291.0,4846.0,5013.9853515625,5061.381668120352
2016-05-28 22:00:00,6116.0,4291.0,4783.0,5025.48388671875,5069.756251863955
2016-05-28 23:00:00,5719.0,4291.0,4547.0,4706.40576171875,4771.5578661824475
2016-05-29 00:00:00,5221.0,4291.0,4332.0,4336.720703125,4395.558925259318
2016-05-29 01:00:00,4762.0,4291.0,4149.0,4007.6611328125,4085.6493457688666
2016-05-29 02:00:00,4460.0,4291.0,3986.0,3807.392333984375,3874.2520756788044
2016-05-29 03:00:00,4228.0,4291.0,4014.0,3661.781005859375,3745.16199084811
2016-05-29 04:00:00,4111.0,4291.0,4054.0,3559.6865234375,3651.434351553468
2016-05-29 05:00:00,4023.0,4291.0,4087.0,3519.299560546875,3620.5174491565303
2016-05-29 06:00:00,4017.0,4291.0,4231.0,3523.923828125,3666.7893874620695
2016-05-29 07:00:00,3974.0,4291.0,4446.0,3537.35009765625,3668.232582576893
2016-05-29 08:00:00,4208.0,4291.0,4653.0,3749.9638671875,3867.603656092817
2016-05-29 09:00:00,4572.0,4291.0,4842.0,4033.832763671875,4209.592757382779
2016-05-29 10:00:00,5019.0,4291.0,4923.0,4340.94677734375,4503.744075174967
2016-05-29 11:00:00,5362.0,4291.0,4829.0,4555.79541015625,4700.797360648241
2016-05-29 12:00:00,5683.0,4291.0,4722.0,4719.75341796875,4862.743240493851
2016-05-29 13:00:00,5776.0,4291.0,4574.0,4833.1357421875,4973.848934829992
2016-05-29 14:00:00,5882.0,4291.0,4420.0,4901.71484375,5035.8861753254305
2016-05-29 15:00:00,5809.0,4291.0,4349.0,4983.0771484375,5065.198789282459
2016-05-29 16:00:00,5762.0,4291.0,4287.0,5053.17724609375,5119.549008180106
2016-05-29 17:00:00,5613.0,4291.0,4298.0,5126.443359375,5187.672671214938
2016-05-29 18:00:00,5522.0,4291.0,4189.0,5193.232421875,5228.305634981909
2016-05-29 19:00:00,5325.0,4291.0,4366.0,5171.00244140625,5195.260677019904
2016-05-29 20:00:00,5198.0,4291.0,4513.0,5146.4208984375,5127.302133970275
2016-05-29 21:00:00,5208.0,4291.0,4728.0,5199.9384765625,5185.378029480831
2016-05-29 22:00:00,5139.0,4291.0,4637.0,5216.166015625,5182.706887773292
2016-05-29 23:00:00,4842.0,4291.0,4381.0,4900.15478515625,4861.015668956661
2016-05-30 00:00:00,4479.0,4291.0,4158.0,4483.04150390625,4469.419954951094
2016-05-30 01:00:00,4183.0,4291.0,4010.0,4175.18115234375,4165.654740392157
2016-05-30 02:00:00,3953.0,4291.0,3943.0,4002.294677734375,3999.533969346553
2016-05-30 03:00:00,3836.0,4291.0,3966.0,3908.34716796875,3921.9759807949413
2016-05-30 04:00:00,3735.0,4291.0,4018.0,3878.117431640625,3884.893195930978
2016-05-30 05:00:00,3684.0,4291.0,4096.0,3925.287841796875,3945.622320996499
2016-05-30 06:00:00,3716.0,4291.0,4297.0,4165.22119140625,4192.406272823621
2016-05-30 07:00:00,3749.0,4291.0,4728.0,4547.6259765625,4539.6206409677
2016-05-30 08:00:00,4032.0,4291.0,4982.0,4894.4736328125,4851.513921189104
2016-05-30 09:00:00,4352.0,4291.0,5128.0,5141.3349609375,5062.437419439239
2016-05-30 10:00:00,4775.0,4291.0,5229.0,5333.685546875,5235.151518152319
2016-05-30 11:00:00,5153.0,4291.0,5252.0,5511.36083984375,5395.919629778021
2016-05-30 12:00:00,5472.0,4291.0,5305.0,5613.63232421875,5500.182680090494
2016-05-30 13:00:00,5679.0,4291.0,5244.0,5685.62939453125,5574.340792372469
2016-05-30 14:00:00,5865.0,4291.0,5263.0,5758.34814453125,5652.873338693813
2016-05-30 15:00:00,6017.0,4291.0,5208.0,5783.3125,5669.647919697169
2016-05-30 16:00:00,6140.0,4291.0,5182.0,5790.078125,5663.979291734942
2016-05-30 17:00:00,6230.0,4291.0,5182.0,5817.86474609375,5687.029211390795
2016-05-30 18:00:00,6335.0,4291.0,5271.0,5813.51171875,5700.593880396062
2016-05-30 19:00:00,6314.0,4291.0,5383.0,5778.1591796875,5685.2871898495105
2016-05-30 20:00:00,6182.0,4291.0,5604.0,5719.94970703125,5637.027338552283
2016-05-30 21:00:00,5998.0,4291.0,5652.0,5741.32568359375,5671.827377299247
2016-05-30 22:00:00,5836.0,4291.0,5437.0,5690.67236328125,5628.396697824344
2016-05-30 23:00:00,5310.0,4291.0,5130.0,5278.75146484375,5234.334919171928
2016-05-31 00:00:00,4810.0,4291.0,4846.0,4786.9462890625,4759.613930562221
2016-05-31 01:00:00,4395.0,4291.0,4651.0,4424.89697265625,4428.808115669193
2016-05-31 02:00:00,4202.0,4291.0,4518.0,4225.9697265625,4241.684068442661
2016-05-31 03:00:00,4066.0,4291.0,4506.0,4110.32861328125,4140.866095820889
2016-05-31 04:00:00,4019.0,4291.0,4532.0,4073.126708984375,4109.126903328552
2016-05-31 05:00:00,4105.0,4291.0,4625.0,4116.54638671875,4167.087385065671
2016-05-31 06:00:00,4310.0,4291.0,4903.0,4361.17578125,4412.460950938502
2016-05-31 07:00:00,4676.0,4291.0,5410.0,4780.6865234375,4820.627535866206
2016-05-31 08:00:00,5049.0,4291.0,5644.0,5079.9423828125,5108.7321247641
2016-05-31 09:00:00,5371.0,4291.0,5582.0,5281.24462890625,5276.585584739471
2016-05-31 10:00:00,5610.0,4291.0,5573.0,5441.10986328125,5427.2527044087565
2016-05-31 11:00:00,6032.0,4291.0,5528.0,5608.33984375,5590.875506488676
2016-05-31 12:00:00,6325.0,4291.0,5423.0,5737.36279296875,5701.638566621095
2016-05-31 13:00:00,6558.0,4291.0,5369.0,5838.76904296875,5812.5808133789515
2016-05-31 14:00:00,6718.0,4291.0,5219.0,5909.7421875,5882.52894571723
2016-05-31 15:00:00,6915.0,4291.0,5113.0,5933.52490234375,5895.725033034246
2016-05-31 16:00:00,7025.0,4291.0,5054.0,5953.9130859375,5920.787672908557
2016-05-31 17:00:00,7173.0,4291.0,4992.0,5969.8779296875,5952.773702340028
2016-05-31 18:00:00,7138.0,4291.0,4982.0,5939.5068359375,5965.475770184778
2016-05-31 19:00:00,7039.0,4291.0,5095.0,5854.150390625,5915.665222849064
2016-05-31 20:00:00,6862.0,4291.0,5314.0,5794.29443359375,5824.756218764204
2016-05-31 21:00:00,6664.0,4291.0,5568.0,5790.61376953125,5839.615552274449
2016-05-31 22:00:00,6439.0,4291.0,5475.0,5752.341796875,5815.188248342587
2016-05-31 23:00:00,5842.0,4291.0,5161.0,5333.4697265625,5386.678355961104
2016-06-01 00:00:00,5204.0,4291.0,4895.0,4839.9638671875,4869.04913073208
2016-06-01 01:00:00,4761.0,4291.0,4724.0,4486.38037109375,4496.155836932736
2016-06-01 02:00:00,4499.0,4291.0,4687.0,4271.1474609375,4294.8302362561135
2016-06-01 03:00:00,4267.0,4291.0,4804.0,4137.6923828125,4167.838702772504
2016-06-01 04:00:00,4236.0,4291.0,4890.0,4099.86474609375,4108.204177510818
2016-06-01 05:00:00,4257.0,4291.0,5088.0,4143.07568359375,4160.683218118953
2016-06-01 06:00:00,4468.0,4291.0,5431.0,4391.7880859375,4397.4168197480085
2016-06-01 07:00:00,4729.0,4291.0,5990.0,4818.9482421875,4824.036286614011
2016-06-01 08:00:00,5189.0,4291.0,6264.0,5087.869140625,5099.8957974234045
2016-06-01 09:00:00,5431.0,4291.0,6068.0,5268.888671875,5265.000943655398
2016-06-01 10:00:00,5799.0,4291.0,5803.0,5443.12841796875,5419.338082626269
2016-06-01 11:00:00,6162.0,4291.0,5562.0,5615.90087890625,5587.279845448838
2016-06-01 12:00:00,6503.0,4291.0,5442.0,5724.05908203125,5688.549871823468
2016-06-01 13:00:00,6767.0,4291.0,5305.0,5811.13134765625,5771.980661864776
2016-06-01 14:00:00,7053.0,4291.0,5162.0,5907.50048828125,5857.448188969712
2016-06-01 15:00:00,7179.0,4291.0,5052.0,5978.50048828125,5898.810430483008
2016-06-01 16:00:00,7417.0,4291.0,4959.0,6027.77783203125,5922.722512029755
2016-06-01 17:00:00,7528.0,4291.0,4949.0,6075.0419921875,5945.556083575409
2016-06-01 18:00:00,7566.0,4291.0,4924.0,6119.97265625,5946.985975731043
2016-06-01 19:00:00,7383.0,4291.0,5019.0,6073.640625,5882.89152517017
2016-06-01 20:00:00,7132.0,4291.0,5147.0,5986.44580078125,5771.375146942443
2016-06-01 21:00:00,6950.0,4291.0,5410.0,5957.91015625,5789.256102437606
2016-06-01 22:00:00,6763.0,4291.0,5232.0,5910.61474609375,5761.001223882614
2016-06-01 23:00:00,6166.0,4291.0,4787.0,5485.541015625,5382.5559725565845
2016-06-02 00:00:00,5543.0,4291.0,4522.0,4987.6435546875,4880.459898967153
2016-06-02 01:00:00,5055.0,4291.0,4326.0,4603.62744140625,4518.879934445012
2016-06-02 02:00:00,4702.0,4291.0,4183.0,4387.43603515625,4307.705518518513
2016-06-02 03:00:00,4561.0,4291.0,4211.0,4243.51025390625,4201.5937130227485
2016-06-02 04:00:00,4495.0,4291.0,4210.0,4181.9833984375,4162.465432440033
2016-06-02 05:00:00,4536.0,4291.0,4234.0,4214.740234375,4206.825338290885
2016-06-02 06:00:00,4697.0,4291.0,4574.0,4455.40576171875,4453.759146097008
2016-06-02 07:00:00,5097.0,4291.0,5039.0,4858.1171875,4861.858863766473
2016-06-02 08:00:00,5422.0,4291.0,5180.0,5150.626953125,5149.1914242576095
2016-06-02 09:00:00,5631.0,4291.0,5195.0,5363.17919921875,5305.994252639442
2016-06-02 10:00:00,5903.0,4291.0,5143.0,5570.708984375,5438.4881602864625
2016-06-02 11:00:00,6043.0,4291.0,5135.0,5740.45556640625,5590.343809766347
2016-06-02 12:00:00,6307.0,4291.0,5118.0,5866.40771484375,5668.854535504211
2016-06-02 13:00:00,6502.0,4291.0,5091.0,5948.28955078125,5722.088480935383
2016-06-02 14:00:00,6724.0,4291.0,5045.0,6040.7666015625,5780.03856978684
2016-06-02 15:00:00,6737.0,4291.0,4957.0,6088.298828125,5793.696656592407
2016-06-02 16:00:00,6850.0,4291.0,4894.0,6148.25634765625,5796.818772095365
2016-06-02 17:00:00,6760.0,4291.0,4902.0,6200.48876953125,5813.783088540266
2016-06-02 18:00:00,6708.0,4291.0,4916.0,6182.18505859375,5790.959468536716
2016-06-02 19:00:00,6560.0,4291.0,4945.0,6113.4423828125,5732.9428541970365
2016-06-02 20:00:00,6375.0,4291.0,5051.0,6008.80859375,5652.599218160929
2016-06-02 21:00:00,6347.0,4291.0,5230.0,5947.29638671875,5656.108943320561
2016-06-02 22:00:00,6205.0,4291.0,5035.0,5911.259765625,5639.647281231756
2016-06-02 23:00:00,5769.0,4291.0,4651.0,5487.4111328125,5264.963758519954
2016-06-03 00:00:00,5255.0,4291.0,4291.0,4995.30224609375,4800.599894758546
2016-06-03 01:00:00,4911.0,4291.0,4016.0,4612.39306640625,4456.141102690595
2016-06-03 02:00:00,4613.0,4291.0,3922.0,4386.7919921875,4252.854191547943
2016-06-03 03:00:00,4500.0,4291.0,3858.0,4233.76904296875,4140.060963385269
2016-06-03 04:00:00,4419.0,4291.0,3785.0,4155.09619140625,4110.637601793993
2016-06-03 05:00:00,4483.0,4291.0,3847.0,4185.05859375,4152.134006467672
2016-06-03 06:00:00,4702.0,4291.0,4018.0,4389.38427734375,4378.838942183694
2016-06-03 07:00:00,5059.0,4291.0,4337.0,4770.54248046875,4727.312817810934
2016-06-03 08:00:00,5396.0,4291.0,4563.0,5067.38330078125,5041.096712094611
2016-06-03 09:00:00,5512.0,4291.0,4729.0,5292.43994140625,5205.368098996106
2016-06-03 10:00:00,5790.0,4291.0,4900.0,5552.478515625,5342.999329484418
2016-06-03 11:00:00,6033.0,4291.0,5013.0,5771.673828125,5482.614640122896
2016-06-03 12:00:00,6318.0,4291.0,5089.0,5909.17236328125,5557.088295201142
2016-06-03 13:00:00,6523.0,4291.0,4996.0,6031.32958984375,5611.75869827984
2016-06-03 14:00:00,6635.0,4291.0,4920.0,6136.970703125,5660.168616247907
2016-06-03 15:00:00,6680.0,4291.0,4924.0,6220.08935546875,5645.512069006003
2016-06-03 16:00:00,6796.0,4291.0,4856.0,6290.255859375,5634.972155205446
2016-06-03 17:00:00,6856.0,4291.0,4830.0,6313.748046875,5638.353380922668
2016-06-03 18:00:00,6805.0,4291.0,4889.0,6268.134765625,5614.170414654657
2016-06-03 19:00:00,6622.0,4291.0,4911.0,6128.31884765625,5544.604872078851
2016-06-03 20:00:00,6427.0,4291.0,5056.0,5966.5048828125,5466.26213570536
2016-06-03 21:00:00,6244.0,4291.0,5164.0,5862.50732421875,5464.631611725425
2016-06-03 22:00:00,6123.0,4291.0,5041.0,5802.02197265625,5480.983159778072
2016-06-03 23:00:00,5696.0,4291.0,4846.0,5408.63525390625,5127.7216481757505
2016-06-04 00:00:00,5175.0,4291.0,4571.0,4936.1904296875,4711.912991762943
2016-06-04 01:00:00,4745.0,4291.0,4361.0,4526.544921875,4363.622352064757
2016-06-04 02:00:00,4456.0,4291.0,4255.0,4261.40673828125,4138.12833535292
2016-06-04 03:00:00,4245.0,4291.0,4279.0,4100.5908203125,4026.8315503196545
2016-06-04 04:00:00,4127.0,4291.0,4323.0,3990.4482421875,3942.9879369148807
2016-06-04 05:00:00,4088.0,4291.0,4398.0,3969.686279296875,3939.478763750144
2016-06-04 06:00:00,4143.0,4291.0,4566.0,4036.476318359375,4028.0873819095364
2016-06-04 07:00:00,4205.0,4291.0,4802.0,4108.27880859375,4114.232331108692
2016-06-04 08:00:00,4430.0,4291.0,4976.0,4348.96337890625,4347.809781596833
2016-06-04 09:00:00,4715.0,4291.0,5171.0,4679.33056640625,4645.785223225013
2016-06-04 10:00:00,5084.0,4291.0,5189.0,5036.43896484375,4885.0905623135095
2016-06-04 11:00:00,5347.0,4291.0,5125.0,5288.88037109375,5048.238414821092
2016-06-04 12:00:00,5614.0,4291.0,4940.0,5489.77587890625,5123.723746284951
2016-06-04 13:00:00,5830.0,4291.0,4771.0,5613.8486328125,5153.77181823486
2016-06-04 14:00:00,5947.0,4291.0,4635.0,5712.35400390625,5158.416887032245
2016-06-04 15:00:00,6063.0,4291.0,4447.0,5809.1240234375,5149.0225877952025
2016-06-04 16:00:00,6168.0,4291.0,4438.0,5863.248046875,5149.66523612164
2016-06-04 17:00:00,6231.0,4291.0,4345.0,5918.814453125,5162.928268726167
2016-06-04 18:00:00,6164.0,4291.0,4339.0,5899.837890625,5157.087278012128
2016-06-04 19:00:00,6012.0,4291.0,4432.0,5781.904296875,5102.013745221388
2016-06-04 20:00:00,5858.0,4291.0,4629.0,5651.6337890625,5023.47153528659
2016-06-04 21:00:00,5797.0,4291.0,4846.0,5601.85791015625,5027.498668870831
2016-06-04 22:00:00,5683.0,4291.0,4783.0,5582.58837890625,5040.750354252812
2016-06-04 23:00:00,5341.0,4291.0,4547.0,5219.63427734375,4749.2081971901725
2016-06-05 00:00:00,4942.0,4291.0,4332.0,4773.7685546875,4385.994358627146
2016-06-05 01:00:00,4572.0,4291.0,4149.0,4382.4931640625,4059.893174963453
2016-06-05 02:00:00,4329.0,4291.0,3986.0,4130.4296875,3880.7180756654116
2016-06-05 03:00:00,4170.0,4291.0,4014.0,3960.62109375,3757.6651676303513
2016-06-05 04:00:00,4080.0,4291.0,4054.0,3875.189453125,3710.8122771149374
2016-06-05 05:00:00,4026.0,4291.0,4087.0,3821.86328125,3685.7463417350227
2016-06-05 06:00:00,4051.0,4291.0,4231.0,3837.5859375,3746.1436604248524
2016-06-05 07:00:00,4087.0,4291.0,4446.0,3841.756103515625,3754.3801887775385
2016-06-05 08:00:00,4300.0,4291.0,4653.0,4041.648193359375,4004.025931393328
2016-06-05 09:00:00,4591.0,4291.0,4842.0,4395.18408203125,4306.3026501615095
2016-06-05 10:00:00,4880.0,4291.0,4923.0,4756.21630859375,4595.359659332989
2016-06-05 11:00:00,5067.0,4291.0,4829.0,5065.83935546875,4794.029610166331
2016-06-05 12:00:00,5216.0,4291.0,4722.0,5316.92236328125,4937.73193618702
2016-06-05 13:00:00,5322.0,4291.0,4574.0,5472.1552734375,5025.68357531849
2016-06-05 14:00:00,5394.0,4291.0,4420.0,5597.55810546875,5076.27882205424
2016-06-05 15:00:00,5446.0,4291.0,4349.0,5707.9716796875,5099.066536035578
2016-06-05 16:00:00,5438.0,4291.0,4287.0,5797.92724609375,5128.561963721063
2016-06-05 17:00:00,5495.0,4291.0,4298.0,5867.513671875,5192.175863999423
2016-06-05 18:00:00,5566.0,4291.0,4189.0,5886.45361328125,5218.875256377108
2016-06-05 19:00:00,5497.0,4291.0,4366.0,5804.4091796875,5188.699841280313
2016-06-05 20:00:00,5388.0,4291.0,4513.0,5678.39453125,5135.9549154578
2016-06-05 21:00:00,5331.0,4291.0,4728.0,5646.0986328125,5181.881336110993
2016-06-05 22:00:00,5321.0,4291.0,4637.0,5624.6806640625,5202.5184131547285
2016-06-05 23:00:00,4999.0,4291.0,4381.0,5260.23486328125,4884.6099570298275
2016-06-06 00:00:00,4569.0,4291.0,4158.0,4801.9541015625,4492.961081343717
2016-06-06 01:00:00,4327.0,4291.0,4010.0,4444.265625,4206.73182306407
2016-06-06 02:00:00,4173.0,4291.0,3943.0,4247.9267578125,4049.3206791151188
2016-06-06 03:00:00,4038.0,4291.0,3966.0,4124.33251953125,3977.4024774453537
2016-06-06 04:00:00,4018.0,4291.0,4018.0,4060.625732421875,3944.1571246200624
2016-06-06 05:00:00,4073.0,4291.0,4096.0,4091.8779296875,4012.9608662128585
2016-06-06 06:00:00,4257.0,4291.0,4297.0,4318.9658203125,4249.659502775977
2016-06-06 07:00:00,4576.0,4291.0,4728.0,4629.06103515625,4637.74207517363
2016-06-06 08:00:00,5052.0,4291.0,4982.0,4979.3896484375,4978.20764779495
2016-06-06 09:00:00,5373.0,4291.0,5128.0,5301.55908203125,5212.405135577371
2016-06-06 10:00:00,5587.0,4291.0,5229.0,5614.802734375,5382.5490672399565
2016-06-06 11:00:00,5816.0,4291.0,5252.0,5914.4541015625,5532.52093343518
2016-06-06 12:00:00,6060.0,4291.0,5305.0,6126.21435546875,5637.567378573758
2016-06-06 13:00:00,6219.0,4291.0,5244.0,6306.23291015625,5716.954806996702
2016-06-06 14:00:00,6324.0,4291.0,5263.0,6470.083984375,5791.967484933697
2016-06-06 15:00:00,6365.0,4291.0,5208.0,6551.533203125,5821.32175549723
2016-06-06 16:00:00,6487.0,4291.0,5182.0,6586.1474609375,5852.743820066815
2016-06-06 17:00:00,6655.0,4291.0,5182.0,6655.09130859375,5910.345678007826
2016-06-06 18:00:00,6660.0,4291.0,5271.0,6651.11669921875,5939.751565134319
2016-06-06 19:00:00,6554.0,4291.0,5383.0,6534.78515625,5857.429546793517
2016-06-06 20:00:00,6373.0,4291.0,5604.0,6389.35498046875,5770.273003517213
2016-06-06 21:00:00,6220.0,4291.0,5652.0,6322.87353515625,5765.850846577079
2016-06-06 22:00:00,6045.0,4291.0,5437.0,6232.92919921875,5745.2955694796565
2016-06-06 23:00:00,5523.0,4291.0,5130.0,5801.681640625,5314.190391649174
2016-06-07 00:00:00,4986.0,4291.0,4846.0,5253.50390625,4798.069678095477
2016-06-07 01:00:00,4705.0,4291.0,4651.0,4830.76953125,4452.60687638053
2016-06-07 02:00:00,4443.0,4291.0,4518.0,4570.966796875,4236.830782939524
2016-06-07 03:00:00,4318.0,4291.0,4506.0,4413.2578125,4135.95970889609
2016-06-07 04:00:00,4191.0,4291.0,4532.0,4341.33740234375,4096.6059740838955
2016-06-07 05:00:00,4206.0,4291.0,4625.0,4368.27099609375,4124.81846870783
2016-06-07 06:00:00,4370.0,4291.0,4903.0,4577.53662109375,4354.782799266787
2016-06-07 07:00:00,4683.0,4291.0,5410.0,4943.42236328125,4730.794313063743
2016-06-07 08:00:00,5101.0,4291.0,5644.0,5289.69921875,5062.021087092323
2016-06-07 09:00:00,5391.0,4291.0,5582.0,5561.6787109375,5262.952235900586
2016-06-07 10:00:00,5658.0,4291.0,5573.0,5859.07470703125,5451.239163943121
2016-06-07 11:00:00,5834.0,4291.0,5528.0,6148.3017578125,5656.765426497752
2016-06-07 12:00:00,6046.0,4291.0,5423.0,6363.20458984375,5789.278719046466
2016-06-07 13:00:00,6094.0,4291.0,5369.0,6527.08837890625,5898.29693479912
2016-06-07 14:00:00,6114.0,4291.0,5219.0,6690.7890625,6008.794014266956
2016-06-07 15:00:00,6150.0,4291.0,5113.0,6817.216796875,6048.279862735836
2016-06-07 16:00:00,6067.0,4291.0,5054.0,6946.9150390625,6089.642192889101
2016-06-07 17:00:00,6014.0,4291.0,4992.0,7013.068359375,6135.650820075587
2016-06-07 18:00:00,5933.0,4291.0,4982.0,7026.294921875,6113.870522188834
2016-06-07 19:00:00,5891.0,4291.0,5095.0,6942.365234375,6011.808006085596
2016-06-07 20:00:00,5613.0,4291.0,5314.0,6758.28466796875,5897.33868716675
2016-06-07 21:00:00,5556.0,4291.0,5568.0,6631.48876953125,5858.703285609537
2016-06-07 22:00:00,5418.0,4291.0,5475.0,6519.1494140625,5807.9712457177
2016-06-07 23:00:00,4976.0,4291.0,5161.0,6068.32958984375,5374.111350083476
2016-06-08 00:00:00,4654.0,4291.0,4895.0,5499.55029296875,4848.329809748927
2016-06-08 01:00:00,4252.0,4291.0,4724.0,5060.8173828125,4477.267334408121
2016-06-08 02:00:00,4135.0,4291.0,4687.0,4763.81689453125,4255.904092198565
2016-06-08 03:00:00,3962.0,4291.0,4804.0,4570.86669921875,4127.92886035152
2016-06-08 04:00:00,3906.0,4291.0,4890.0,4475.5146484375,4059.762572368747
2016-06-08 05:00:00,4023.0,4291.0,5088.0,4474.595703125,4093.060878844025
2016-06-08 06:00:00,4261.0,4291.0,5431.0,4649.421875,4303.665852185353
2016-06-08 07:00:00,4532.0,4291.0,5990.0,4964.53076171875,4658.707418595385
2016-06-08 08:00:00,4796.0,4291.0,6264.0,5317.85302734375,4981.5927938460645
2016-06-08 09:00:00,4937.0,4291.0,6068.0,5584.49658203125,5232.66255699236
2016-06-08 10:00:00,5059.0,4291.0,5803.0,5883.04541015625,5444.65124273968
2016-06-08 11:00:00,5064.0,4291.0,5562.0,6183.8544921875,5650.723912574753
2016-06-08 12:00:00,5179.0,4291.0,5442.0,6404.68212890625,5811.095545663117
2016-06-08 13:00:00,5152.0,4291.0,5305.0,6594.6240234375,5933.694837846221
2016-06-08 14:00:00,5179.0,4291.0,5162.0,6773.45751953125,6044.24447477741
2016-06-08 15:00:00,5133.0,4291.0,5052.0,6892.052734375,6123.724288608288
2016-06-08 16:00:00,5128.0,4291.0,4959.0,6981.033203125,6175.993943375963
2016-06-08 17:00:00,5155.0,4291.0,4949.0,7069.27978515625,6255.250831817384
2016-06-08 18:00:00,5163.0,4291.0,4924.0,7030.05126953125,6258.168292098874
2016-06-08 19:00:00,5089.0,4291.0,5019.0,6892.62939453125,6139.385898944327
2016-06-08 20:00:00,5062.0,4291.0,5147.0,6697.20703125,5986.374491662379
2016-06-08 21:00:00,5038.0,4291.0,5410.0,6576.892578125,5915.514732105297
2016-06-08 22:00:00,5135.0,4291.0,5232.0,6477.48291015625,5849.272116387781
2016-06-08 23:00:00,4772.0,4291.0,4787.0,6014.07373046875,5421.175223705101
2016-06-09 00:00:00,4390.0,4291.0,4522.0,5460.64453125,4903.530137877885
2016-06-09 01:00:00,4164.0,4291.0,4326.0,5029.17822265625,4526.553898881643
2016-06-09 02:00:00,3984.0,4291.0,4183.0,4755.2314453125,4279.893599101835
2016-06-09 03:00:00,3953.0,4291.0,4211.0,4586.5849609375,4142.375395102043
2016-06-09 04:00:00,3882.0,4291.0,4210.0,4488.37451171875,4087.7553682504213
2016-06-09 05:00:00,3991.0,4291.0,4234.0,4502.24365234375,4113.902754562825
2016-06-09 06:00:00,4162.0,4291.0,4574.0,4693.9609375,4331.87496468275
2016-06-09 07:00:00,4477.0,4291.0,5039.0,5044.73193359375,4649.182531334665
2016-06-09 08:00:00,4739.0,4291.0,5180.0,5395.91064453125,4969.404808793263
2016-06-09 09:00:00,4914.0,4291.0,5195.0,5665.6640625,5213.342937838751
2016-06-09 10:00:00,4941.0,4291.0,5143.0,5910.5712890625,5444.184877157186
2016-06-09 11:00:00,5037.0,4291.0,5135.0,6188.48583984375,5666.086213903057
2016-06-09 12:00:00,5114.0,4291.0,5118.0,6369.17333984375,5833.461508306908
2016-06-09 13:00:00,5269.0,4291.0,5091.0,6529.97412109375,5982.922588623975
2016-06-09 14:00:00,5320.0,4291.0,5045.0,6660.66357421875,6095.461298624919
2016-06-09 15:00:00,5430.0,4291.0,4957.0,6775.67236328125,6158.476622821323
2016-06-09 16:00:00,5390.0,4291.0,4894.0,6846.8603515625,6204.3755482928245
2016-06-09 17:00:00,5447.0,4291.0,4902.0,6899.5556640625,6247.286142301892
2016-06-09 18:00:00,5452.0,4291.0,4916.0,6861.2783203125,6253.469678470276
2016-06-09 19:00:00,5462.0,4291.0,4945.0,6727.52734375,6136.944712474957
2016-06-09 20:00:00,5303.0,4291.0,5051.0,6539.81005859375,5978.403515367769
2016-06-09 21:00:00,5285.0,4291.0,5230.0,6437.9599609375,5899.890710411664
2016-06-09 22:00:00,5223.0,4291.0,5035.0,6343.779296875,5834.637155068585
2016-06-09 23:00:00,4900.0,4291.0,4651.0,5884.5771484375,5413.838310514564
2016-06-10 00:00:00,4588.0,4291.0,4291.0,5347.7998046875,4902.037633994706
2016-06-10 01:00:00,4238.0,4291.0,4016.0,4928.74853515625,4511.077330085444
2016-06-10 02:00:00,4095.0,4291.0,3922.0,4649.19580078125,4252.794353116763
2016-06-10 03:00:00,3931.0,4291.0,3858.0,4476.96875,4115.976029925074
2016-06-10 04:00:00,3956.0,4291.0,3785.0,4389.31005859375,4058.8934619111023
2016-06-10 05:00:00,4006.0,4291.0,3847.0,4410.70947265625,4078.2085951474714
2016-06-10 06:00:00,4206.0,4291.0,4018.0,4598.0,4277.733569324035
2016-06-10 07:00:00,4466.0,4291.0,4337.0,4872.73046875,4542.044221857452
2016-06-10 08:00:00,4690.0,4291.0,4563.0,5206.3447265625,4846.961115452498
2016-06-10 09:00:00,4911.0,4291.0,4729.0,5508.13525390625,5121.118801933203
2016-06-10 10:00:00,5095.0,4291.0,4900.0,5798.30224609375,5370.200170856119
2016-06-10 11:00:00,5243.0,4291.0,5013.0,6088.30810546875,5592.800875502149
2016-06-10 12:00:00,5396.0,4291.0,5089.0,6279.60205078125,5791.862436073233
2016-06-10 13:00:00,5555.0,4291.0,4996.0,6440.10009765625,5925.007885037049
2016-06-10 14:00:00,5712.0,4291.0,4920.0,6578.93212890625,6019.3682446783205
2016-06-10 15:00:00,5832.0,4291.0,4924.0,6637.86962890625,6075.913673519051
2016-06-10 16:00:00,5951.0,4291.0,4856.0,6692.22900390625,6100.636807622994
2016-06-10 17:00:00,6143.0,4291.0,4830.0,6699.34228515625,6153.3632849716205
2016-06-10 18:00:00,6090.0,4291.0,4889.0,6670.93017578125,6121.412743359125
2016-06-10 19:00:00,6065.0,4291.0,4911.0,6486.1279296875,5968.795494586498
2016-06-10 20:00:00,5978.0,4291.0,5056.0,6268.7255859375,5797.158460243354
2016-06-10 21:00:00,5822.0,4291.0,5164.0,6104.0869140625,5696.0795802138055
2016-06-10 22:00:00,5701.0,4291.0,5041.0,6003.10205078125,5642.140665513128
2016-06-10 23:00:00,5326.0,4291.0,4846.0,5600.21875,5271.703489688328
2016-06-11 00:00:00,4896.0,4291.0,4571.0,5122.1240234375,4796.512628942613
2016-06-11 01:00:00,4488.0,4291.0,4361.0,4697.39111328125,4399.32583203046
2016-06-11 02:00:00,4217.0,4291.0,4255.0,4429.52880859375,4151.4311396974645
2016-06-11 03:00:00,4073.0,4291.0,4279.0,4267.302734375,4001.4771030266547
2016-06-11 04:00:00,3953.0,4291.0,4323.0,4155.1025390625,3912.1628796089917
2016-06-11 05:00:00,3964.0,4291.0,4398.0,4130.00244140625,3909.42784119913
2016-06-11 06:00:00,4023.0,4291.0,4566.0,4146.189453125,3986.0471507058846
2016-06-11 07:00:00,4057.0,4291.0,4802.0,4193.2666015625,4013.0101897215354
2016-06-11 08:00:00,4307.0,4291.0,4976.0,4435.4990234375,4249.24823275219
2016-06-11 09:00:00,4729.0,4291.0,5171.0,4811.279296875,4613.364511491045
2016-06-11 10:00:00,5109.0,4291.0,5189.0,5190.80859375,4932.224469689008
2016-06-11 11:00:00,5601.0,4291.0,5125.0,5506.11767578125,5179.694589012157
2016-06-11 12:00:00,5976.0,4291.0,4940.0,5749.62451171875,5372.276978787817
2016-06-11 13:00:00,6333.0,4291.0,4771.0,5908.19580078125,5479.236939160223
2016-06-11 14:00:00,6592.0,4291.0,4635.0,6013.29443359375,5557.028419640265
2016-06-11 15:00:00,6748.0,4291.0,4447.0,6072.9111328125,5627.721293809896
2016-06-11 16:00:00,6900.0,4291.0,4438.0,6135.548828125,5697.019157500595
2016-06-11 17:00:00,6966.0,4291.0,4345.0,6188.3759765625,5768.346789497495
2016-06-11 18:00:00,7083.0,4291.0,4339.0,6179.1318359375,5796.367819275533
2016-06-11 19:00:00,6950.0,4291.0,4432.0,6050.71240234375,5677.304024669634
2016-06-11 20:00:00,6722.0,4291.0,4629.0,5871.19873046875,5504.6860304468155
2016-06-11 21:00:00,6516.0,4291.0,4846.0,5752.89404296875,5403.557131193227
2016-06-11 22:00:00,6338.0,4291.0,4783.0,5740.66748046875,5388.282661043292
2016-06-11 23:00:00,5965.0,4291.0,4547.0,5419.97265625,5039.144690663621
2016-06-12 00:00:00,5487.0,4291.0,4332.0,4996.7294921875,4601.3385109128085
2016-06-12 01:00:00,5080.0,4291.0,4149.0,4597.41650390625,4228.4875319764715
2016-06-12 02:00:00,4814.0,4291.0,3986.0,4341.3544921875,3997.0864884321854
2016-06-12 03:00:00,4607.0,4291.0,4014.0,4169.25,3837.243005949117
2016-06-12 04:00:00,4457.0,4291.0,4054.0,4039.6787109375,3727.4752517814086
2016-06-12 05:00:00,4416.0,4291.0,4087.0,3971.593505859375,3672.9872046731325
2016-06-12 06:00:00,4442.0,4291.0,4231.0,3973.143798828125,3662.5716951401682
2016-06-12 07:00:00,4438.0,4291.0,4446.0,3975.10986328125,3655.312260113837
2016-06-12 08:00:00,4710.0,4291.0,4653.0,4191.23681640625,3872.34142067375
2016-06-12 09:00:00,5142.0,4291.0,4842.0,4576.61279296875,4252.890479187633
2016-06-12 10:00:00,5570.0,4291.0,4923.0,4932.0205078125,4613.0712958821005
2016-06-12 11:00:00,5906.0,4291.0,4829.0,5211.92578125,4886.585428867138
2016-06-12 12:00:00,6102.0,4291.0,4722.0,5456.27734375,5101.6558001883495
2016-06-12 13:00:00,6163.0,4291.0,4574.0,5631.0634765625,5270.9898988168725
2016-06-12 14:00:00,6132.0,4291.0,4420.0,5805.736328125,5422.898952277662
2016-06-12 15:00:00,6080.0,4291.0,4349.0,5915.28857421875,5535.177485270344
2016-06-12 16:00:00,6149.0,4291.0,4287.0,6032.515625,5638.668651161977
2016-06-12 17:00:00,6204.0,4291.0,4298.0,6138.10888671875,5763.866321766825
2016-06-12 18:00:00,6240.0,4291.0,4189.0,6207.18017578125,5847.702125099424
2016-06-12 19:00:00,6145.0,4291.0,4366.0,6128.45166015625,5772.445576025975
2016-06-12 20:00:00,5881.0,4291.0,4513.0,5977.908203125,5670.585281219291
2016-06-12 21:00:00,5551.0,4291.0,4728.0,5896.56494140625,5624.726007896164
2016-06-12 22:00:00,5443.0,4291.0,4637.0,5862.7216796875,5611.933165071178
2016-06-12 23:00:00,5018.0,4291.0,4381.0,5514.67578125,5253.322154814351
2016-06-13 00:00:00,4634.0,4291.0,4158.0,5063.58740234375,4802.201938270193
2016-06-13 01:00:00,4271.0,4291.0,4010.0,4669.732421875,4445.424957873489
2016-06-13 02:00:00,4009.0,4291.0,3943.0,4448.50830078125,4237.285636675153
2016-06-13 03:00:00,3986.0,4291.0,3966.0,4330.5,4137.194434886583
2016-06-13 04:00:00,3934.0,4291.0,4018.0,4241.947265625,4093.8518191100966
2016-06-13 05:00:00,4022.0,4291.0,4096.0,4269.43701171875,4114.15902096942
2016-06-13 06:00:00,4171.0,4291.0,4297.0,4464.4189453125,4328.798328305495
2016-06-13 07:00:00,4445.0,4291.0,4728.0,4746.58154296875,4672.76447530765
2016-06-13 08:00:00,4747.0,4291.0,4982.0,5104.083984375,5037.181767765364
2016-06-13 09:00:00,4962.0,4291.0,5128.0,5431.4765625,5297.667445317483
2016-06-13 10:00:00,5149.0,4291.0,5229.0,5828.39990234375,5543.321728018921
2016-06-13 11:00:00,5330.0,4291.0,5252.0,6209.443359375,5792.923840635337
2016-06-13 12:00:00,5470.0,4291.0,5305.0,6531.783203125,5996.191533155313
2016-06-13 13:00:00,5559.0,4291.0,5244.0,6738.369140625,6123.095289304303
2016-06-13 14:00:00,5706.0,4291.0,5263.0,6934.69482421875,6241.392551050032
2016-06-13 15:00:00,5752.0,4291.0,5208.0,7031.07958984375,6331.761247598718
2016-06-13 16:00:00,5924.0,4291.0,5182.0,7126.5009765625,6395.460444161673
2016-06-13 17:00:00,6130.0,4291.0,5182.0,7182.234375,6500.977703456906
2016-06-13 18:00:00,6097.0,4291.0,5271.0,7166.2841796875,6510.607081221822
2016-06-13 19:00:00,6053.0,4291.0,5383.0,7096.90625,6392.65176526589
2016-06-13 20:00:00,5955.0,4291.0,5604.0,6873.15576171875,6221.549206744275
2016-06-13 21:00:00,5824.0,4291.0,5652.0,6729.9375,6133.095258045997
2016-06-13 22:00:00,5725.0,4291.0,5437.0,6598.3447265625,6070.616580293981
2016-06-13 23:00:00,5228.0,4291.0,5130.0,6102.80615234375,5631.865004696936
2016-06-14 00:00:00,4788.0,4291.0,4846.0,5526.50439453125,5126.7513905536925
2016-06-14 01:00:00,4401.0,4291.0,4651.0,5083.90625,4740.236834561388
2016-06-14 02:00:00,4225.0,4291.0,4518.0,4802.49462890625,4492.873193641579
2016-06-14 03:00:00,4128.0,4291.0,4506.0,4626.244140625,4350.936845843905
2016-06-14 04:00:00,4050.0,4291.0,4532.0,4536.64453125,4268.455063068737
2016-06-14 05:00:00,4087.0,4291.0,4625.0,4575.56396484375,4300.012983037808
2016-06-14 06:00:00,4298.0,4291.0,4903.0,4742.658203125,4528.403450449052
2016-06-14 07:00:00,4563.0,4291.0,5410.0,5060.609375,4873.838240592324
2016-06-14 08:00:00,4903.0,4291.0,5644.0,5424.81201171875,5182.798815032974
2016-06-14 09:00:00,5112.0,4291.0,5582.0,5740.0048828125,5452.416914709224
2016-06-14 10:00:00,5248.0,4291.0,5573.0,6087.17822265625,5733.372441491191
2016-06-14 11:00:00,5481.0,4291.0,5528.0,6449.3037109375,6004.494601436945
2016-06-14 12:00:00,5623.0,4291.0,5423.0,6741.52392578125,6229.226739743148
2016-06-14 13:00:00,5673.0,4291.0,5369.0,6976.3935546875,6428.296444596835
2016-06-14 14:00:00,5868.0,4291.0,5219.0,7181.9443359375,6579.699444543287
2016-06-14 15:00:00,6049.0,4291.0,5113.0,7307.65185546875,6697.305069038264
2016-06-14 16:00:00,6209.0,4291.0,5054.0,7360.25146484375,6783.565560743633
2016-06-14 17:00:00,6409.0,4291.0,4992.0,7411.49951171875,6858.775259575834
2016-06-14 18:00:00,6551.0,4291.0,4982.0,7387.00146484375,6879.734503895007
2016-06-14 19:00:00,6482.0,4291.0,5095.0,7217.20947265625,6759.445786460428
2016-06-14 20:00:00,6304.0,4291.0,5314.0,6981.42578125,6575.234497586529
2016-06-14 21:00:00,6088.0,4291.0,5568.0,6842.9755859375,6450.150709546625
2016-06-14 22:00:00,5946.0,4291.0,5475.0,6745.9775390625,6360.539795710215
2016-06-14 23:00:00,5459.0,4291.0,5161.0,6252.99560546875,5888.022746281363
2016-06-15 00:00:00,4941.0,4291.0,4895.0,5689.14208984375,5338.369378569091
2016-06-15 01:00:00,4574.0,4291.0,4724.0,5236.49169921875,4907.9513199610665
2016-06-15 02:00:00,4350.0,4291.0,4687.0,4931.05908203125,4634.550762632511
2016-06-15 03:00:00,4221.0,4291.0,4804.0,4746.01123046875,4485.968601077426
2016-06-15 04:00:00,4142.0,4291.0,4890.0,4644.05224609375,4393.043720284908
2016-06-15 05:00:00,4273.0,4291.0,5088.0,4660.84326171875,4437.898750401892
2016-06-15 06:00:00,4359.0,4291.0,5431.0,4829.359375,4636.875573517678
2016-06-15 07:00:00,4687.0,4291.0,5990.0,5109.208984375,4974.50813766208
2016-06-15 08:00:00,4951.0,4291.0,6264.0,5438.62109375,5293.815359178616
2016-06-15 09:00:00,5058.0,4291.0,6068.0,5739.9248046875,5561.490753439781
2016-06-15 10:00:00,5247.0,4291.0,5803.0,6058.45361328125,5811.296684328703
2016-06-15 11:00:00,5517.0,4291.0,5562.0,6366.95263671875,6068.623522898575
2016-06-15 12:00:00,5734.0,4291.0,5442.0,6608.60791015625,6271.24067221455
2016-06-15 13:00:00,6076.0,4291.0,5305.0,6817.10546875,6434.147929013399
2016-06-15 14:00:00,6370.0,4291.0,5162.0,7026.95458984375,6553.543278970208
2016-06-15 15:00:00,6596.0,4291.0,5052.0,7143.7578125,6657.235480604846
2016-06-15 16:00:00,6739.0,4291.0,4959.0,7225.5966796875,6726.988541156491
2016-06-15 17:00:00,6912.0,4291.0,4949.0,7273.958984375,6791.431484857469
2016-06-15 18:00:00,6945.0,4291.0,4924.0,7249.51953125,6771.0917897881745
2016-06-15 19:00:00,7012.0,4291.0,5019.0,7109.45849609375,6643.811128299523
2016-06-15 20:00:00,6837.0,4291.0,5147.0,6921.3662109375,6465.86641821804
2016-06-15 21:00:00,6719.0,4291.0,5410.0,6771.923828125,6343.844857829617
2016-06-15 22:00:00,6532.0,4291.0,5232.0,6640.81787109375,6266.543932394551
2016-06-15 23:00:00,6032.0,4291.0,4787.0,6181.1123046875,5825.502452362011
2016-06-16 00:00:00,5493.0,4291.0,4522.0,5623.2314453125,5291.728456508442
2016-06-16 01:00:00,5105.0,4291.0,4326.0,5184.33056640625,4858.40864341337
2016-06-16 02:00:00,4832.0,4291.0,4183.0,4897.77685546875,4573.757476548418
2016-06-16 03:00:00,4690.0,4291.0,4211.0,4715.30908203125,4398.45124042492
2016-06-16 04:00:00,4616.0,4291.0,4210.0,4621.75830078125,4327.6852310538125
2016-06-16 05:00:00,4567.0,4291.0,4234.0,4619.86181640625,4351.817002245615
2016-06-16 06:00:00,4776.0,4291.0,4574.0,4803.3642578125,4534.530858431364
2016-06-16 07:00:00,5102.0,4291.0,5039.0,5111.14892578125,4854.342262603148
2016-06-16 08:00:00,5451.0,4291.0,5180.0,5450.1943359375,5185.790592312531
2016-06-16 09:00:00,5681.0,4291.0,5195.0,5746.384765625,5473.4444635601785
2016-06-16 10:00:00,5879.0,4291.0,5143.0,6034.31884765625,5740.089702035722
2016-06-16 11:00:00,6143.0,4291.0,5135.0,6337.63427734375,5984.240511461364
2016-06-16 12:00:00,6392.0,4291.0,5118.0,6597.98681640625,6176.169141421044
2016-06-16 13:00:00,6480.0,4291.0,5091.0,6790.171875,6336.227816871255
2016-06-16 14:00:00,6667.0,4291.0,5045.0,6942.09521484375,6476.310611402952
2016-06-16 15:00:00,6874.0,4291.0,4957.0,7022.326171875,6567.765083101154
2016-06-16 16:00:00,6903.0,4291.0,4894.0,7073.46240234375,6616.71266690972
2016-06-16 17:00:00,6812.0,4291.0,4902.0,7101.740234375,6646.989349546294
2016-06-16 18:00:00,6532.0,4291.0,4916.0,7037.4267578125,6638.153141831504
2016-06-16 19:00:00,6327.0,4291.0,4945.0,6899.63330078125,6538.473981248941
2016-06-16 20:00:00,6164.0,4291.0,5051.0,6703.98974609375,6349.50396728702
2016-06-16 21:00:00,6040.0,4291.0,5230.0,6565.74951171875,6239.44152747486
2016-06-16 22:00:00,5918.0,4291.0,5035.0,6480.3671875,6167.347751925689
2016-06-16 23:00:00,5533.0,4291.0,4651.0,6035.806640625,5747.277011046603
2016-06-17 00:00:00,5094.0,4291.0,4291.0,5506.8427734375,5214.439009001051
2016-06-17 01:00:00,4714.0,4291.0,4016.0,5070.20166015625,4775.882282500533
2016-06-17 02:00:00,4516.0,4291.0,3922.0,4791.93359375,4501.405401782664
2016-06-17 03:00:00,4357.0,4291.0,3858.0,4597.90283203125,4330.386945670192
2016-06-17 04:00:00,4273.0,4291.0,3785.0,4504.9990234375,4251.170108632146
2016-06-17 05:00:00,4318.0,4291.0,3847.0,4531.56591796875,4264.4901076233655
2016-06-17 06:00:00,4411.0,4291.0,4018.0,4718.4716796875,4438.383570629461
2016-06-17 07:00:00,4731.0,4291.0,4337.0,5033.638671875,4730.278685999887
2016-06-17 08:00:00,4949.0,4291.0,4563.0,5397.21923828125,5068.155529153558
2016-06-17 09:00:00,5181.0,4291.0,4729.0,5712.22314453125,5367.535400659719
2016-06-17 10:00:00,5463.0,4291.0,4900.0,6021.14111328125,5625.69936773805
2016-06-17 11:00:00,5637.0,4291.0,5013.0,6301.20751953125,5863.729187588402
2016-06-17 12:00:00,5797.0,4291.0,5089.0,6505.62646484375,6050.3961504505005
2016-06-17 13:00:00,5900.0,4291.0,4996.0,6654.3916015625,6181.1251301022385
2016-06-17 14:00:00,6133.0,4291.0,4920.0,6776.91357421875,6295.9131853902345
2016-06-17 15:00:00,6200.0,4291.0,4924.0,6849.306640625,6375.591415757237
2016-06-17 16:00:00,6361.0,4291.0,4856.0,6876.6533203125,6397.894713967788
2016-06-17 17:00:00,6511.0,4291.0,4830.0,6867.35302734375,6447.529920057432
2016-06-17 18:00:00,6654.0,4291.0,4889.0,6807.22998046875,6418.242376391918
2016-06-17 19:00:00,6536.0,4291.0,4911.0,6631.69677734375,6259.292387791779
2016-06-17 20:00:00,6357.0,4291.0,5056.0,6406.22802734375,6049.722049030578
2016-06-17 21:00:00,6025.0,4291.0,5164.0,6276.1064453125,5932.562968400667
2016-06-17 22:00:00,5882.0,4291.0,5041.0,6201.5224609375,5848.765192415543
2016-06-17 23:00:00,5464.0,4291.0,4846.0,5797.57373046875,5459.129776260056
2016-06-18 00:00:00,4948.0,4291.0,4571.0,5295.3583984375,4988.990656747809
2016-06-18 01:00:00,4601.0,4291.0,4361.0,4856.17919921875,4575.864119375667
2016-06-18 02:00:00,4181.0,4291.0,4255.0,4565.189453125,4285.821098555158
2016-06-18 03:00:00,4027.0,4291.0,4279.0,4376.8046875,4121.3359713911295
2016-06-18 04:00:00,3902.0,4291.0,4323.0,4249.46728515625,4031.7154264083038
2016-06-18 05:00:00,3930.0,4291.0,4398.0,4203.06982421875,3977.309607889874
2016-06-18 06:00:00,3945.0,4291.0,4566.0,4226.033203125,4024.6855963321477
2016-06-18 07:00:00,4025.0,4291.0,4802.0,4275.07568359375,4074.207322913444
2016-06-18 08:00:00,4257.0,4291.0,4976.0,4512.2568359375,4322.636042580644
2016-06-18 09:00:00,4568.0,4291.0,5171.0,4919.6181640625,4703.257800269007
2016-06-18 10:00:00,4943.0,4291.0,5189.0,5340.697265625,5074.403645582405
2016-06-18 11:00:00,5314.0,4291.0,5125.0,5687.32763671875,5353.279912056482
2016-06-18 12:00:00,5573.0,4291.0,4940.0,5950.91650390625,5535.354582576565
2016-06-18 13:00:00,5796.0,4291.0,4771.0,6067.8203125,5639.370337942504
2016-06-18 14:00:00,5973.0,4291.0,4635.0,6147.71044921875,5724.00589192204
2016-06-18 15:00:00,6148.0,4291.0,4447.0,6182.75146484375,5784.243491603413
2016-06-18 16:00:00,6326.0,4291.0,4438.0,6208.4501953125,5835.278355334212
2016-06-18 17:00:00,6422.0,4291.0,4345.0,6254.34521484375,5913.0580951653965
2016-06-18 18:00:00,6400.0,4291.0,4339.0,6250.255859375,5920.540164054281
2016-06-18 19:00:00,6313.0,4291.0,4432.0,6126.609375,5794.077348991803
2016-06-18 20:00:00,6121.0,4291.0,4629.0,5946.6474609375,5622.3181389284755
2016-06-18 21:00:00,5849.0,4291.0,4846.0,5816.0146484375,5541.780279890148
2016-06-18 22:00:00,5719.0,4291.0,4783.0,5772.24755859375,5527.4648295247825
2016-06-18 23:00:00,5316.0,4291.0,4547.0,5455.36962890625,5195.4806076112145
2016-06-19 00:00:00,4790.0,4291.0,4332.0,5025.14697265625,4761.697178351324
2016-06-19 01:00:00,4398.0,4291.0,4149.0,4634.57275390625,4379.409949926976
2016-06-19 02:00:00,4099.0,4291.0,3986.0,4365.0537109375,4107.774279225738
2016-06-19 03:00:00,3904.0,4291.0,4014.0,4187.15234375,3969.3833125857946
2016-06-19 04:00:00,3796.0,4291.0,4054.0,4073.778076171875,3846.4339983541095
2016-06-19 05:00:00,3733.0,4291.0,4087.0,4011.052490234375,3776.3365252317544
2016-06-19 06:00:00,3720.0,4291.0,4231.0,3987.551513671875,3778.332138431077
2016-06-19 07:00:00,3736.0,4291.0,4446.0,3989.31298828125,3781.5365210060395
2016-06-19 08:00:00,4023.0,4291.0,4653.0,4234.1552734375,4014.276642822205
2016-06-19 09:00:00,4410.0,4291.0,4842.0,4628.66650390625,4373.232880626693
2016-06-19 10:00:00,4805.0,4291.0,4923.0,5010.5234375,4735.042643716827
2016-06-19 11:00:00,5151.0,4291.0,4829.0,5347.70654296875,5019.7570987685385
2016-06-19 12:00:00,5433.0,4291.0,4722.0,5610.29248046875,5244.368783305564
2016-06-19 13:00:00,5709.0,4291.0,4574.0,5789.43798828125,5440.091266946264
2016-06-19 14:00:00,5934.0,4291.0,4420.0,5936.42578125,5591.709310878089
2016-06-19 15:00:00,6071.0,4291.0,4349.0,6037.93115234375,5693.744844127392
2016-06-19 16:00:00,6310.0,4291.0,4287.0,6140.830078125,5786.5602287532765
2016-06-19 17:00:00,6485.0,4291.0,4298.0,6250.833984375,5896.583036046891
2016-06-19 18:00:00,6637.0,4291.0,4189.0,6281.3212890625,5965.25960393297
2016-06-19 19:00:00,6557.0,4291.0,4366.0,6161.83154296875,5891.151737256565
2016-06-19 20:00:00,6408.0,4291.0,4513.0,5993.27294921875,5775.621583042116
2016-06-19 21:00:00,6147.0,4291.0,4728.0,5908.8154296875,5736.6682117202545
2016-06-19 22:00:00,5978.0,4291.0,4637.0,5861.67919921875,5725.380988962383
2016-06-19 23:00:00,5534.0,4291.0,4381.0,5518.333984375,5366.466079847335
2016-06-20 00:00:00,4981.0,4291.0,4158.0,5070.64697265625,4920.926958799384
2016-06-20 01:00:00,4630.0,4291.0,4010.0,4698.8271484375,4564.241593387807
2016-06-20 02:00:00,4376.0,4291.0,3943.0,4471.25634765625,4330.174681665891
2016-06-20 03:00:00,4170.0,4291.0,3966.0,4350.59912109375,4199.704316134317
2016-06-20 04:00:00,4106.0,4291.0,4018.0,4257.341796875,4146.743679057746
2016-06-20 05:00:00,4146.0,4291.0,4096.0,4270.48876953125,4167.19117159651
2016-06-20 06:00:00,4318.0,4291.0,4297.0,4459.2294921875,4358.6680894085775
2016-06-20 07:00:00,4558.0,4291.0,4728.0,4744.31494140625,4683.027902523091
2016-06-20 08:00:00,4942.0,4291.0,4982.0,5113.5556640625,5038.735706945916
2016-06-20 09:00:00,5289.0,4291.0,5128.0,5452.85546875,5331.947762432047
2016-06-20 10:00:00,5553.0,4291.0,5229.0,5825.48046875,5627.911013434271
2016-06-20 11:00:00,5905.0,4291.0,5252.0,6180.8251953125,5917.087866852107
2016-06-20 12:00:00,6331.0,4291.0,5305.0,6482.02734375,6143.729621434456
2016-06-20 13:00:00,6640.0,4291.0,5244.0,6696.919921875,6322.602940752879
2016-06-20 14:00:00,7006.0,4291.0,5263.0,6900.6865234375,6502.6747386748375
2016-06-20 15:00:00,7204.0,4291.0,5208.0,7005.345703125,6622.091948245177
2016-06-20 16:00:00,7409.0,4291.0,5182.0,7099.98583984375,6730.124562590977
2016-06-20 17:00:00,7534.0,4291.0,5182.0,7154.0498046875,6819.786334816516
2016-06-20 18:00:00,7530.0,4291.0,5271.0,7129.125,6835.614527129698
2016-06-20 19:00:00,7536.0,4291.0,5383.0,6996.11669921875,6711.929219556872
2016-06-20 20:00:00,7298.0,4291.0,5604.0,6804.25439453125,6514.669835581027
2016-06-20 21:00:00,7077.0,4291.0,5652.0,6660.10986328125,6367.704448404096
2016-06-20 22:00:00,6920.0,4291.0,5437.0,6545.111328125,6269.6870874925235
2016-06-20 23:00:00,6354.0,4291.0,5130.0,6089.71435546875,5828.905392977977
2016-06-21 00:00:00,5797.0,4291.0,4846.0,5533.04150390625,5295.4216793981595
2016-06-21 01:00:00,5432.0,4291.0,4651.0,5085.82421875,4863.3769100003055
2016-06-21 02:00:00,5123.0,4291.0,4518.0,4795.63427734375,4583.302693335994
2016-06-21 03:00:00,4902.0,4291.0,4506.0,4627.27734375,4440.531780439935
2016-06-21 04:00:00,4802.0,4291.0,4532.0,4535.86572265625,4352.266429132633
2016-06-21 05:00:00,4851.0,4291.0,4625.0,4576.18505859375,4370.181592879905
2016-06-21 06:00:00,4978.0,4291.0,4903.0,4763.369140625,4559.401551535881
2016-06-21 07:00:00,5278.0,4291.0,5410.0,5054.6162109375,4896.004112132052
2016-06-21 08:00:00,5753.0,4291.0,5644.0,5446.46826171875,5238.444509397798
2016-06-21 09:00:00,5971.0,4291.0,5582.0,5763.97998046875,5542.241453655816
2016-06-21 10:00:00,6210.0,4291.0,5573.0,6107.25634765625,5832.618807283153
2016-06-21 11:00:00,6449.0,4291.0,5528.0,6455.5546875,6151.1834698046305
2016-06-21 12:00:00,6743.0,4291.0,5423.0,6759.9619140625,6393.810288130714
2016-06-21 13:00:00,6841.0,4291.0,5369.0,6992.45703125,6608.840213312562
2016-06-21 14:00:00,6910.0,4291.0,5219.0,7183.048828125,6774.227575417023
2016-06-21 15:00:00,6981.0,4291.0,5113.0,7312.8662109375,6868.344748041922
2016-06-21 16:00:00,7078.0,4291.0,5054.0,7422.61376953125,6940.680016893522
2016-06-21 17:00:00,7168.0,4291.0,4992.0,7471.8974609375,7013.545315654217
2016-06-21 18:00:00,7182.0,4291.0,4982.0,7437.630859375,7027.315673385599
2016-06-21 19:00:00,7043.0,4291.0,5095.0,7311.22412109375,6924.013103848352
2016-06-21 20:00:00,6831.0,4291.0,5314.0,7087.38525390625,6722.472370693461
2016-06-21 21:00:00,6567.0,4291.0,5568.0,6928.390625,6582.494939421364
2016-06-21 22:00:00,6308.0,4291.0,5475.0,6829.35400390625,6482.289254668643
2016-06-21 23:00:00,5852.0,4291.0,5161.0,6316.72314453125,6024.926435419177
2016-06-22 00:00:00,5366.0,4291.0,4895.0,5749.24560546875,5479.763654950076
2016-06-22 01:00:00,4937.0,4291.0,4724.0,5289.71240234375,5022.7090980955245
2016-06-22 02:00:00,4643.0,4291.0,4687.0,4968.048828125,4732.36492197292
2016-06-22 03:00:00,4469.0,4291.0,4804.0,4808.11279296875,4567.359646240667
2016-06-22 04:00:00,4340.0,4291.0,4890.0,4699.51220703125,4464.529605520446
2016-06-22 05:00:00,4398.0,4291.0,5088.0,4690.1123046875,4475.942264587272
2016-06-22 06:00:00,4556.0,4291.0,5431.0,4876.759765625,4649.214950958193
2016-06-22 07:00:00,4809.0,4291.0,5990.0,5212.5546875,4960.364494280959
2016-06-22 08:00:00,5081.0,4291.0,6264.0,5562.9521484375,5288.486544521615
2016-06-22 09:00:00,5455.0,4291.0,6068.0,5865.26416015625,5586.1824679609
2016-06-22 10:00:00,5698.0,4291.0,5803.0,6171.97509765625,5849.300546198781
2016-06-22 11:00:00,5945.0,4291.0,5562.0,6487.13525390625,6108.318916719544
2016-06-22 12:00:00,6229.0,4291.0,5442.0,6729.01611328125,6312.59010871903
2016-06-22 13:00:00,6317.0,4291.0,5305.0,6925.48876953125,6463.389477777494
2016-06-22 14:00:00,6423.0,4291.0,5162.0,7080.5546875,6588.10283896401
2016-06-22 15:00:00,6404.0,4291.0,5052.0,7200.8720703125,6664.771400342191
2016-06-22 16:00:00,6473.0,4291.0,4959.0,7295.32666015625,6718.773843481307
2016-06-22 17:00:00,6550.0,4291.0,4949.0,7337.46826171875,6787.60984607315
2016-06-22 18:00:00,6553.0,4291.0,4924.0,7266.8134765625,6769.2681946029
2016-06-22 19:00:00,6523.0,4291.0,5019.0,7091.279296875,6640.033533536177
2016-06-22 20:00:00,6340.0,4291.0,5147.0,6872.98779296875,6470.089430460268
2016-06-22 21:00:00,6203.0,4291.0,5410.0,6734.43359375,6359.678606137137
2016-06-22 22:00:00,6106.0,4291.0,5232.0,6646.79296875,6284.600282561224
2016-06-22 23:00:00,5685.0,4291.0,4787.0,6186.32373046875,5847.736906754946
2016-06-23 00:00:00,5251.0,4291.0,4522.0,5629.33740234375,5316.978910852397
2016-06-23 01:00:00,4827.0,4291.0,4326.0,5180.32666015625,4904.455347096138
2016-06-23 02:00:00,4512.0,4291.0,4183.0,4882.55908203125,4651.9460330889615
2016-06-23 03:00:00,4401.0,4291.0,4211.0,4709.6279296875,4493.876054104473
2016-06-23 04:00:00,4264.0,4291.0,4210.0,4628.833984375,4396.461554118103
2016-06-23 05:00:00,4392.0,4291.0,4234.0,4625.7919921875,4440.426132634089
2016-06-23 06:00:00,4515.0,4291.0,4574.0,4841.0224609375,4630.209537508696
2016-06-23 07:00:00,4845.0,4291.0,5039.0,5154.50244140625,4960.30970235201
2016-06-23 08:00:00,5050.0,4291.0,5180.0,5505.73291015625,5287.93366590515
2016-06-23 09:00:00,5260.0,4291.0,5195.0,5805.87353515625,5584.051343339816
2016-06-23 10:00:00,5468.0,4291.0,5143.0,6094.2763671875,5847.042773685823
2016-06-23 11:00:00,5635.0,4291.0,5135.0,6393.4853515625,6098.282976869521
2016-06-23 12:00:00,5875.0,4291.0,5118.0,6614.91650390625,6282.602893014591
2016-06-23 13:00:00,5992.0,4291.0,5091.0,6807.04443359375,6440.760216116685
2016-06-23 14:00:00,6041.0,4291.0,5045.0,6977.61474609375,6586.547253310344
2016-06-23 15:00:00,6098.0,4291.0,4957.0,7082.35986328125,6672.560566267141
2016-06-23 16:00:00,6052.0,4291.0,4894.0,7168.728515625,6723.238071554231
2016-06-23 17:00:00,5984.0,4291.0,4902.0,7239.24267578125,6791.27287230416
2016-06-23 18:00:00,5951.0,4291.0,4916.0,7236.267578125,6774.570295075404
2016-06-23 19:00:00,5886.0,4291.0,4945.0,7132.67236328125,6671.229763091489
2016-06-23 20:00:00,5825.0,4291.0,5051.0,6919.0634765625,6473.768305179641
2016-06-23 21:00:00,5800.0,4291.0,5230.0,6765.13671875,6349.682537178181
2016-06-23 22:00:00,5747.0,4291.0,5035.0,6659.33544921875,6279.241812520559
2016-06-23 23:00:00,5427.0,4291.0,4651.0,6197.33837890625,5850.500586548627
2016-06-24 00:00:00,5013.0,4291.0,4291.0,5638.62646484375,5318.861538625206
2016-06-24 01:00:00,4672.0,4291.0,4016.0,5185.83056640625,4913.722618168512
2016-06-24 02:00:00,4422.0,4291.0,3922.0,4879.9091796875,4642.028841623806
2016-06-24 03:00:00,4327.0,4291.0,3858.0,4701.814453125,4476.535566647236
2016-06-24 04:00:00,4248.0,4291.0,3785.0,4592.11865234375,4370.964623653837
2016-06-24 05:00:00,4267.0,4291.0,3847.0,4594.09912109375,4355.1520490485855
2016-06-24 06:00:00,4467.0,4291.0,4018.0,4780.61474609375,4532.302237120279
2016-06-24 07:00:00,4729.0,4291.0,4337.0,5074.65625,4816.834514204655
2016-06-24 08:00:00,5015.0,4291.0,4563.0,5419.37548828125,5141.681702863479
2016-06-24 09:00:00,5284.0,4291.0,4729.0,5741.27099609375,5449.340886743344
2016-06-24 10:00:00,5532.0,4291.0,4900.0,6055.23486328125,5728.273262956716
2016-06-24 11:00:00,5763.0,4291.0,5013.0,6365.6328125,5965.0487080992325
2016-06-24 12:00:00,5972.0,4291.0,5089.0,6624.6767578125,6164.585123141463
2016-06-24 13:00:00,6209.0,4291.0,4996.0,6825.1005859375,6287.4789603420495
2016-06-24 14:00:00,6436.0,4291.0,4920.0,7009.53173828125,6383.479795818894
2016-06-24 15:00:00,6564.0,4291.0,4924.0,7105.806640625,6444.217336025793
2016-06-24 16:00:00,6690.0,4291.0,4856.0,7138.56298828125,6483.994843235284
2016-06-24 17:00:00,6761.0,4291.0,4830.0,7169.7490234375,6508.859365197052
2016-06-24 18:00:00,6810.0,4291.0,4889.0,7136.91796875,6456.110413349759
2016-06-24 19:00:00,6615.0,4291.0,4911.0,6966.6767578125,6329.605314489498
2016-06-24 20:00:00,6390.0,4291.0,5056.0,6741.5478515625,6130.266709474583
2016-06-24 21:00:00,6133.0,4291.0,5164.0,6575.81787109375,5996.919476917573
2016-06-24 22:00:00,6018.0,4291.0,5041.0,6481.28955078125,5911.997179835446
2016-06-24 23:00:00,5628.0,4291.0,4846.0,6058.40576171875,5527.967156351694
2016-06-25 00:00:00,5121.0,4291.0,4571.0,5531.5185546875,5047.885107358644
2016-06-25 01:00:00,4697.0,4291.0,4361.0,5076.2734375,4622.998219443955
2016-06-25 02:00:00,4391.0,4291.0,4255.0,4769.0478515625,4361.0320537909965
2016-06-25 03:00:00,4196.0,4291.0,4279.0,4564.2314453125,4191.889139126213
2016-06-25 04:00:00,4048.0,4291.0,4323.0,4436.71142578125,4062.5565369244155
2016-06-25 05:00:00,4042.0,4291.0,4398.0,4349.3349609375,4040.7129606030976
2016-06-25 06:00:00,4079.0,4291.0,4566.0,4364.56640625,4101.2612743396
2016-06-25 07:00:00,4114.0,4291.0,4802.0,4419.1416015625,4143.397643872813
2016-06-25 08:00:00,4366.0,4291.0,4976.0,4658.2529296875,4416.13596406625
2016-06-25 09:00:00,4727.0,4291.0,5171.0,5102.1708984375,4786.789389043867
2016-06-25 10:00:00,5092.0,4291.0,5189.0,5514.5380859375,5155.7672459931855
2016-06-25 11:00:00,5429.0,4291.0,5125.0,5843.140625,5448.754453051306
2016-06-25 12:00:00,5730.0,4291.0,4940.0,6080.67138671875,5652.717654484634
2016-06-25 13:00:00,5968.0,4291.0,4771.0,6218.60791015625,5781.572964711211
2016-06-25 14:00:00,6158.0,4291.0,4635.0,6304.78076171875,5874.142290193759
2016-06-25 15:00:00,6311.0,4291.0,4447.0,6389.86181640625,5939.445718098115
2016-06-25 16:00:00,6434.0,4291.0,4438.0,6456.1064453125,5973.600504051831
2016-06-25 17:00:00,6502.0,4291.0,4345.0,6508.46826171875,6043.538548858514
2016-06-25 18:00:00,6585.0,4291.0,4339.0,6491.8212890625,6044.847364399896
2016-06-25 19:00:00,6524.0,4291.0,4432.0,6340.310546875,5918.859255320712
2016-06-25 20:00:00,6342.0,4291.0,4629.0,6116.16015625,5737.019506019542
2016-06-25 21:00:00,6045.0,4291.0,4846.0,5983.9443359375,5633.563898503921
2016-06-25 22:00:00,5899.0,4291.0,4783.0,5933.1435546875,5599.7125678469165
2016-06-25 23:00:00,5516.0,4291.0,4547.0,5593.1845703125,5274.949708341258
2016-06-26 00:00:00,5000.0,4291.0,4332.0,5150.28076171875,4851.850602419182
2016-06-26 01:00:00,4558.0,4291.0,4149.0,4743.6787109375,4467.673345902046
2016-06-26 02:00:00,4265.0,4291.0,3986.0,4475.4677734375,4191.775420578583
2016-06-26 03:00:00,4042.0,4291.0,4014.0,4289.21826171875,3998.108624166423
2016-06-26 04:00:00,3935.0,4291.0,4054.0,4158.78515625,3893.300325296258
2016-06-26 05:00:00,3903.0,4291.0,4087.0,4101.16259765625,3830.735988257383
2016-06-26 06:00:00,3908.0,4291.0,4231.0,4087.005126953125,3827.573595140141
2016-06-26 07:00:00,3866.0,4291.0,4446.0,4099.19140625,3807.572353633769
2016-06-26 08:00:00,4175.0,4291.0,4653.0,4317.99853515625,4010.1324404506086
2016-06-26 09:00:00,4611.0,4291.0,4842.0,4700.48828125,4375.643764611556
2016-06-26 10:00:00,5054.0,4291.0,4923.0,5108.18896484375,4739.57263009758
2016-06-26 11:00:00,5417.0,4291.0,4829.0,5455.1376953125,5026.030624323406
2016-06-26 12:00:00,5852.0,4291.0,4722.0,5751.9736328125,5227.496315530576
2016-06-26 13:00:00,6108.0,4291.0,4574.0,5962.07080078125,5406.8478865068455
2016-06-26 14:00:00,6339.0,4291.0,4420.0,6131.37353515625,5559.716528763487
2016-06-26 15:00:00,6502.0,4291.0,4349.0,6267.55712890625,5673.485512467743
2016-06-26 16:00:00,6675.0,4291.0,4287.0,6375.01904296875,5759.308413750269
2016-06-26 17:00:00,6827.0,4291.0,4298.0,6487.93017578125,5889.70412562104
2016-06-26 18:00:00,6985.0,4291.0,4189.0,6540.22607421875,5963.110226856081
2016-06-26 19:00:00,6936.0,4291.0,4366.0,6440.82373046875,5890.015100788665
2016-06-26 20:00:00,6749.0,4291.0,4513.0,6257.31884765625,5762.751041596974
2016-06-26 21:00:00,6479.0,4291.0,4728.0,6132.27734375,5725.210265118052
2016-06-26 22:00:00,6368.0,4291.0,4637.0,6046.17431640625,5716.174042318639
2016-06-26 23:00:00,5896.0,4291.0,4381.0,5687.99462890625,5376.803691817701
2016-06-27 00:00:00,5321.0,4291.0,4158.0,5242.31689453125,4928.903273495513
2016-06-27 01:00:00,4929.0,4291.0,4010.0,4856.87548828125,4571.643263971197
2016-06-27 02:00:00,4645.0,4291.0,3943.0,4594.47119140625,4329.7912139508435
2016-06-27 03:00:00,4467.0,4291.0,3966.0,4447.53662109375,4193.506688357172
2016-06-27 04:00:00,4417.0,4291.0,4018.0,4368.341796875,4080.290547756499
2016-06-27 05:00:00,4439.0,4291.0,4096.0,4379.939453125,4093.5225663581296
2016-06-27 06:00:00,4609.0,4291.0,4297.0,4565.35498046875,4273.2363912757155
2016-06-27 07:00:00,4799.0,4291.0,4728.0,4867.56396484375,4554.483809323346
2016-06-27 08:00:00,5197.0,4291.0,4982.0,5238.89697265625,4914.775915391161
2016-06-27 09:00:00,5530.0,4291.0,5128.0,5589.5419921875,5246.173576682952
2016-06-27 10:00:00,5816.0,4291.0,5229.0,5995.091796875,5563.170067442349
2016-06-27 11:00:00,6130.0,4291.0,5252.0,6356.48828125,5854.512424454377
2016-06-27 12:00:00,6379.0,4291.0,5305.0,6671.79736328125,6085.278145113247
2016-06-27 13:00:00,6588.0,4291.0,5244.0,6884.07177734375,6244.4068613371755
2016-06-27 14:00:00,6803.0,4291.0,5263.0,7076.7919921875,6399.9385727832905
2016-06-27 15:00:00,7009.0,4291.0,5208.0,7187.98486328125,6527.774237619424
2016-06-27 16:00:00,7132.0,4291.0,5182.0,7265.59033203125,6625.871057772983
2016-06-27 17:00:00,7201.0,4291.0,5182.0,7341.07470703125,6737.644725949923
2016-06-27 18:00:00,7229.0,4291.0,5271.0,7343.48095703125,6749.642495726924
2016-06-27 19:00:00,7152.0,4291.0,5383.0,7279.76025390625,6618.249756116618
2016-06-27 20:00:00,7012.0,4291.0,5604.0,7071.18994140625,6419.504966381509
2016-06-27 21:00:00,6768.0,4291.0,5652.0,6876.23583984375,6276.567431400476
2016-06-27 22:00:00,6607.0,4291.0,5437.0,6757.12109375,6208.826865629405
2016-06-27 23:00:00,6097.0,4291.0,5130.0,6263.5361328125,5787.065526226101
2016-06-28 00:00:00,5544.0,4291.0,4846.0,5711.2431640625,5258.567880696792
2016-06-28 01:00:00,5074.0,4291.0,4651.0,5263.1455078125,4847.586842485927
2016-06-28 02:00:00,4764.0,4291.0,4518.0,4961.25,4588.222754676935
2016-06-28 03:00:00,4555.0,4291.0,4506.0,4763.17919921875,4435.583846969144
2016-06-28 04:00:00,4482.0,4291.0,4532.0,4647.20361328125,4346.585081519026
2016-06-28 05:00:00,4493.0,4291.0,4625.0,4650.5400390625,4360.971832784618
2016-06-28 06:00:00,4726.0,4291.0,4903.0,4838.92041015625,4544.058055606049
2016-06-28 07:00:00,5033.0,4291.0,5410.0,5137.64111328125,4834.241218924098
2016-06-28 08:00:00,5335.0,4291.0,5644.0,5520.14501953125,5153.702485030693
2016-06-28 09:00:00,5660.0,4291.0,5582.0,5854.0517578125,5458.167721868446
2016-06-28 10:00:00,6057.0,4291.0,5573.0,6203.27099609375,5782.929831063802
2016-06-28 11:00:00,6436.0,4291.0,5528.0,6551.83837890625,6091.841515805489
2016-06-28 12:00:00,6772.0,4291.0,5423.0,6856.2607421875,6332.431482639035
2016-06-28 13:00:00,6962.0,4291.0,5369.0,7067.75048828125,6536.006955831906
2016-06-28 14:00:00,7198.0,4291.0,5219.0,7234.89111328125,6715.843232317096
2016-06-28 15:00:00,7328.0,4291.0,5113.0,7346.60302734375,6839.71212397205
2016-06-28 16:00:00,7319.0,4291.0,5054.0,7450.24267578125,6896.736253283506
2016-06-28 17:00:00,7292.0,4291.0,4992.0,7546.94091796875,6967.344786006994
2016-06-28 18:00:00,7266.0,4291.0,4982.0,7576.54345703125,6965.255419301241
2016-06-28 19:00:00,7118.0,4291.0,5095.0,7436.9609375,6844.499937871072
2016-06-28 20:00:00,6819.0,4291.0,5314.0,7230.17724609375,6630.684500172958
2016-06-28 21:00:00,6572.0,4291.0,5568.0,7036.0,6500.629907530011
2016-06-28 22:00:00,6368.0,4291.0,5475.0,6907.16015625,6392.8753902841545
2016-06-28 23:00:00,5837.0,4291.0,5161.0,6435.6494140625,5919.132503691385
2016-06-29 00:00:00,5261.0,4291.0,4895.0,5843.4013671875,5372.599710587065
2016-06-29 01:00:00,4843.0,4291.0,4724.0,5353.33642578125,4927.080955441651
2016-06-29 02:00:00,4485.0,4291.0,4687.0,5060.89306640625,4650.0023463665575
2016-06-29 03:00:00,4315.0,4291.0,4804.0,4864.205078125,4469.094400368565
2016-06-29 04:00:00,4215.0,4291.0,4890.0,4745.46923828125,4359.01796173891
2016-06-29 05:00:00,4212.0,4291.0,5088.0,4733.20068359375,4370.385112619883
2016-06-29 06:00:00,4338.0,4291.0,5431.0,4937.1259765625,4527.060824510207
2016-06-29 07:00:00,4556.0,4291.0,5990.0,5260.8251953125,4815.863264805863
2016-06-29 08:00:00,4838.0,4291.0,6264.0,5655.03466796875,5143.470333221515
2016-06-29 09:00:00,5050.0,4291.0,6068.0,6001.9462890625,5451.519217671335
2016-06-29 10:00:00,5247.0,4291.0,5803.0,6352.92919921875,5736.690649902339
2016-06-29 11:00:00,5470.0,4291.0,5562.0,6684.2763671875,5990.3896209799605
2016-06-29 12:00:00,5608.0,4291.0,5442.0,6983.783203125,6195.48804851206
2016-06-29 13:00:00,5733.0,4291.0,5305.0,7238.26416015625,6341.760143422803
2016-06-29 14:00:00,5876.0,4291.0,5162.0,7477.73876953125,6462.850086158918
2016-06-29 15:00:00,5936.0,4291.0,5052.0,7595.6748046875,6546.405265287658
2016-06-29 16:00:00,5958.0,4291.0,4959.0,7610.0888671875,6596.984690487555
2016-06-29 17:00:00,6059.0,4291.0,4949.0,7670.91796875,6634.545960018545
2016-06-29 18:00:00,6094.0,4291.0,4924.0,7676.70361328125,6632.589736838223
2016-06-29 19:00:00,5967.0,4291.0,5019.0,7586.75341796875,6519.131881381798
2016-06-29 20:00:00,5828.0,4291.0,5147.0,7338.79052734375,6338.749765589579
2016-06-29 21:00:00,5659.0,4291.0,5410.0,7123.0439453125,6211.896791368428
2016-06-29 22:00:00,5606.0,4291.0,5232.0,7029.22119140625,6144.78824087245
2016-06-29 23:00:00,5187.0,4291.0,4787.0,6554.2724609375,5699.581794140752
2016-06-30 00:00:00,4653.0,4291.0,4522.0,5981.02978515625,5204.405100713327
